"","mean","sd"
"ATRIP",5.29352292392628,0.432935923891727
"PRPF8",8.60768388297536,0.512888829557988
"CAPNS1",9.30048003808532,0.653049366110111
"RPL35",11.2358507988951,0.502568010527158
"EIF3D",9.99913201661071,0.423037821746542
"RPL11",11.6381636583958,0.487299494479258
"FAU",12.0578520037577,0.365299850318078
"NARS",10.5063403019014,0.399023999954388
"RPL19",12.0595313184281,0.405646799859656
"SLC25A3",10.775487212181,0.437633532298618
"ABCF1",7.82696572562875,0.428209120509764
"DAD1",10.4005713244658,0.391244172990629
"SART1",6.94731384760313,0.449652578971207
"ILF2",8.88864522273747,0.549860986678489
"SPAG7",8.73561944672269,0.408842693297567
"IK",8.62889617475027,0.540272988779422
"SMNDC1",8.65335727680529,0.441575815586038
"ATP6V0B",10.3112689423687,0.42908723216379
"RPS25",11.8878888299945,0.377298885336129
"MSN",10.3069635508647,0.425679109044146
"ACTN4",8.00029494747815,0.618374889446384
"DSP",6.75356263455199,0.672801771279266
"AP2M1",8.55840039764091,0.7260171326578
"LASP1",10.0425925240494,0.376823146912687
"CSRP1",8.43816629541683,0.534007381726989
"NDRG1",9.67160114667815,0.551333289032283
"PFN1",10.5441781781913,0.585537990800283
"SOD1",11.0251947617353,0.466206072203158
"MARCKSL1",8.61160894149645,0.577542833755435
"GABARAP",11.4311086955207,0.304804346130885
"LDHA",11.2292272206689,0.401425496882641
"SSR2",10.2884634697816,0.39069829278642
"CTSA",9.93817076134099,0.642711899968339
"CD63",11.3620679145317,0.378437621656179
"LAPTM4A",11.1196233035199,0.340084074110666
"CD81",10.0200099711927,0.541818184744545
"PTTG1IP",10.7514563970929,0.436790652029325
"GLO1",9.42411807833903,0.413465260692374
"PPP2R1A",7.47235005664588,0.611304136883893
"NPC2",11.2299063945797,0.382332942186279
"DYNLL1",10.7491141146045,0.414970222488049
"GOT2",8.72205297793034,0.537839974244654
"ACADVL",9.17157495626856,0.552355460088602
"PPP1CC",10.2003862489332,0.399595131010329
"GPX1",11.3912866065359,0.51487405414097
"RAN",9.7134085484302,0.494519067185965
"DPYSL2",9.6250198654544,0.49436070699462
"CTSD",7.89281709185226,0.699927477639372
"ATF4",10.002123079304,0.398368762953099
"ANXA5",9.75772749265448,0.440615573044771
"ECH1",9.5654104646659,0.634586886178346
"SPARCL1",6.7889040557734,0.641476423358785
"CCT7",9.06319232277891,0.404694579999469
"PSME1",10.9582855415117,0.449010568056589
"PSMD8",8.80486810559976,0.510163731151475
"GSTP1",9.57252161152594,0.612761187750174
"HYOU1",7.63794495732597,0.543744435004291
"SNRPD2",10.3186601909827,0.55246847948275
"PLOD1",7.44287772527041,0.565815258341834
"PSMD2",9.05325012288012,0.435770467544914
"RAP1B",10.6460381953691,0.461305097411799
"BCAP31",9.52444307594108,0.478346410042798
"PPP1CA",9.60079165906753,0.488027104843614
"GNB2",8.87243754754866,0.52059443617618
"DHCR24",6.40365339357303,0.543339523866139
"S100A10",10.8454163068486,0.515530540262089
"CCT4",9.64897018330707,0.419855682558836
"CKB",6.90003815465745,0.6931132086386
"AHCY",8.60850166793827,0.714439474546951
"PPM1G",7.1426429427644,0.453081694244659
"LGALS3BP",6.7034871369039,0.626794503385108
"SLC3A2",7.66667078884764,0.730800501687743
"DEK",9.73828481173851,0.608371629955169
"RPL8",11.8780996029151,0.478097082303879
"MLF2",8.4437799990448,0.519148170455124
"ARPC1A",8.44004158221693,0.521666361730778
"SDCBP",11.5123179720755,0.37776049592733
"SEPHS2",10.0354192734249,0.426937891241616
"PPT1",10.6588635144264,0.454591551488644
"SERPING1",8.00305204665975,1.11050059636977
"HIF1A",10.6276483146282,0.534083007449468
"TRIM28",7.56831667792898,0.547546492676869
"SNX17",8.63060923785753,0.458999315851043
"SSR4",10.5819969516674,0.554946032340059
"HADHB",10.5291220574073,0.389356832111209
"RPN1",9.717744142383,0.349629903582191
"JUP",6.35552767994923,0.711610672507747
"TAF7",9.34671776125998,0.468717822251391
"BLCAP",9.26743565643711,0.407617395158864
"GNAI2",8.21514472442006,0.568223652218283
"MYL9",6.95018649335448,1.05918100206441
"CYC1",9.06610175949539,0.555949387024915
"TM9SF2",10.2383010799529,0.393125141747211
"SYNGR2",8.53566889538167,0.482641997007366
"ATP6V1B2",10.2625368362348,0.567892581910139
"RBBP7",9.06924735919933,0.381697300743063
"DAP",8.60024214727372,0.524762722151863
"COPB2",8.87700341209664,0.377863578271387
"LGALS1",10.5968021439097,0.751601737765149
"GPX4",10.4749215523399,0.583925736595822
"POLD2",6.61604192851366,0.522408810394546
"PGD",8.37690916559627,0.689879613714136
"COX8A",11.0939155610809,0.430886416199947
"MGAT1",8.15049368975171,0.429711990630976
"PJA2",9.12950098053347,0.504835357618788
"ECHS1",10.0056051677249,0.646964095346187
"PLP2",9.06554155304073,0.652036584507936
"HLA-DPB1",9.96539005900498,0.877169936886182
"HAX1",8.92610132274152,0.430834482794223
"ARCN1",9.03736053447518,0.4193860359534
"HTRA1",6.91889255156501,0.528681566260337
"LRPAP1",9.06250369309372,0.462235807658457
"SLC7A5",6.77004593107914,0.849140665080701
"CREG1",10.5344705174307,0.490010073494164
"PCNA",8.48626656846674,0.42888015407086
"HDAC1",9.18858903832261,0.410494630487239
"LGMN",7.21682541641543,0.589224565869598
"PLS3",6.96706285696918,0.396783383610792
"ERP29",9.78490412647879,0.474104546898744
"ILK",8.75329079007853,0.565500695626214
"DDX1",9.0153438927262,0.460745704817186
"PSMC4",8.53923726771107,0.451295872672881
"COX7A2L",10.18745479855,0.407871061268388
"PSMC3",7.61822403522776,0.64646651205334
"RALY",7.96381069271289,0.476321474317524
"AKR1B1",9.20135474480894,0.651210785572374
"PSMA5",9.48115297436303,0.379764554210008
"RAB5B",7.60628310255618,0.508074828622306
"ADRM1",7.97824036688048,0.467520093127287
"EIF4A3",9.26920376994081,0.418116855276287
"ENO2",5.42791461457962,0.701326714114128
"STK25",6.81477659783375,0.44443031418384
"IFITM2",12.0485082773847,0.531242398996021
"ATP5B",10.9383259653118,0.440429617880843
"RARS",8.33666120013486,0.417688736080327
"SNRPC",8.47792967776048,0.387738609374072
"ADIPOR2",8.27501280313241,0.3263256659399
"SLC9A3R1",9.38089859299095,0.65884024522658
"HNRNPF",7.76697861877243,0.493226432967438
"TPD52L2",8.4946790974767,0.415767510747148
"PSMD3",7.0455577314019,0.506452866742462
"ITGA5",6.2362234986216,0.606372452306569
"SGTA",6.77091285623997,0.4158601558066
"PSMB3",10.3604275378361,0.486319938478415
"IFI30",10.7761521522699,0.636800874127331
"ALDH2",10.4494703759078,0.634691411422224
"PTDSS1",9.44308432572986,0.411017805580295
"TTC1",8.47177812076453,0.397681394455302
"COL6A3",6.32100521199481,0.905955599266608
"GBF1",5.20654123597494,0.432740133977499
"COX6B1",11.2043761913272,0.441201108206407
"CNN3",6.91060940870332,0.535094609782319
"SCRN1",7.29905581522488,0.583041217871508
"TALDO1",11.173691843281,0.42886379749887
"JUNB",7.72070312705267,0.650402250443021
"ITGA3",4.4338946384161,0.517839719803625
"SUPT5H",6.98026446155127,0.419876200163636
"AHSA1",8.48880096329754,0.440170219777573
"NFKBIA",9.40395259349216,0.525246031781623
"TGFBI",9.11922451693202,0.830266186114462
"PFDN1",8.14468368766033,0.407059741711764
"IGFBP4",6.37746056385346,0.580906380390934
"AAMP",7.01112039815397,0.450455816606659
"SRM",6.89324751339,0.544799913845895
"CBX1",8.27630596475027,0.390489946195613
"APOD",4.89156342246632,0.779857973674859
"ARF5",8.44386882635221,0.448811001182639
"ZFP36",9.039447767994,0.635700000404724
"ZNHIT1",9.09461702862318,0.460502050735101
"TRIP12",9.4916126313499,0.475771111993162
"MCM3",6.94522322377839,0.45057226737399
"CLSTN1",7.97116334441281,0.594147353821416
"UQCRQ",10.2480895679328,0.523860970196137
"NME1",8.17018880689327,0.5214819089162
"PODXL",6.80578070588916,0.563842694338153
"FAT1",6.89782854826966,0.453464370306788
"EIF3H",10.4003195572321,0.473908072778019
"KRT18",7.07544155074044,0.695428066245905
"COX7A2",10.737210427403,0.381082921658797
"INPPL1",7.18250158791208,0.496622573466047
"OAT",9.78018674388499,0.592973875523812
"PHB2",10.1474953704776,0.448557305532755
"ALDH9A1",10.2523112420697,0.435503419238792
"AP1G2",7.11088150041786,0.547120903734815
"RUVBL1",7.05706450424563,0.568849076413806
"PRDX3",9.9365435983176,0.507602512028105
"SND1",8.48568149027987,0.451452798192887
"RRAGA",9.67962023108671,0.343758996883505
"IER3",8.75845223125872,0.662692148109489
"EIF2B1",8.39245083636652,0.397425942775463
"BST2",7.93483850090599,0.827586556757644
"IFNGR2",9.6041877430466,0.400301432841023
"UBE2L6",9.1647235050972,0.692808752368864
"COPS5",9.00724591568508,0.400107153542043
"TIMP1",10.0597523762884,0.90338523548319
"GJA1",6.05132489814532,0.560840340483552
"GYS1",6.37722690508663,0.574616731918802
"PNP",9.49757402656281,0.75366249172008
"DNMT1",7.05464871547234,0.577373134858508
"MYBL2",4.44130564734377,0.473002664236828
"ACIN1",7.02691320837839,0.445259761770607
"MRPL49",8.78274082715716,0.42531423118246
"CDC123",8.91917064159379,0.392650671868696
"SGK1",10.2086465570971,0.544682433025145
"NDUFS3",9.44426440817368,0.480936453927267
"CD14",9.19187722304678,0.840667799828478
"LUM",7.01252527409355,0.629706905900266
"JOSD1",7.38351127507036,0.413528944470954
"RPA2",8.27415633083576,0.435029424177648
"SNRPA",7.40056373061592,0.51373863828158
"SCAMP3",7.64223350266242,0.410525371576883
"NCAPD2",5.5010846889909,0.578690854656141
"ADAR",10.6168532493066,0.410446970061657
"AEBP1",6.58351312399742,0.665591873987269
"LBR",9.83801132097375,0.554070003129539
"PRKAG1",8.17196405559792,0.404802718312499
"GBAS",8.95343059056163,0.563468177681058
"LPCAT1",8.05673705600883,0.620398555538487
"KRT5",3.5170301311704,0.390426434267982
"SMARCD2",6.86258728642054,0.565473643046998
"FAM127A",8.60047007097145,0.473927829458404
"EPCAM",7.3326799503992,0.66320104533082
"HSPB1",8.78509966780284,0.75031665860078
"CAPG",8.46537876759125,0.64509827363919
"SH3GL1",7.20203764394653,0.509355231841389
"CDC25B",7.67267507154883,0.705135866299523
"PLAT",6.01679339662735,0.548080695902049
"FAM32A",8.70804990225011,0.329128897128898
"GDI1",7.87410827897178,0.444045371059737
"TOMM34",6.02711796926317,0.381569953139608
"UQCRC1",9.41940572242113,0.63457349642203
"RPS4Y1",8.51772380551057,3.04560443350236
"COASY",7.77544317250551,0.507383122172798
"SLC20A1",8.83795938883503,0.526160672820237
"PRDX4",8.91729845802065,0.513110075408885
"ETFA",9.43131477595055,0.54772186222397
"CHMP1A",7.90374813829789,0.472757455318365
"WDR82",9.67084592586167,0.366201536402186
"CDK2AP1",9.88700648320188,0.484046060769178
"HEXB",9.94072303365637,0.394813557405389
"FURIN",6.38380919836609,0.552823162843496
"GNL2",7.22591319937395,0.459363396617115
"CIB1",9.4502211019557,0.488139092680728
"ARPC1B",9.55084316392265,0.785995188839662
"GNPAT",8.93927020512599,0.39691922828548
"NDUFS2",9.54393800867702,0.43834109717072
"PGM1",9.20253232283947,0.490029949436052
"KIAA0196",7.52251944571076,0.37257936459154
"DYNLT1",10.8591949186334,0.382405710680874
"TWF2",7.1194714085867,0.461049395832414
"MEST",6.65758957883268,0.62070328696646
"EPHX1",5.31632389565341,0.717575897767805
"LTF",8.56633463735415,1.94426370182093
"ALDOC",5.85870967574835,0.52471964624329
"EFNA1",5.88187426287714,0.568102379588673
"ASNA1",7.59075028514947,0.606393734574396
"TMEM184B",7.89273649630355,0.405486259945168
"BCKDK",7.18816154760637,0.497670848257514
"UBE4A",9.47468696417817,0.38961733382503
"FIBP",8.30384445568031,0.496676713994993
"RAI14",5.98443309784276,0.380393399455266
"CTR9",8.38103272962225,0.408647028147899
"SDC4",7.82217822826223,0.577833553780179
"PLTP",6.01408175469309,0.852796823958799
"BIRC2",9.4140008121919,0.501022570205924
"NDUFAB1",10.2645620431633,0.463446837703187
"COPS3",8.73668083642662,0.428232852047021
"IER2",9.73676820277838,0.518293194773611
"MX1",8.2059262245359,0.971180188241077
"PAF1",6.97492037700599,0.483834181605174
"TSPO",9.26454619904441,0.552863141466782
"IGBP1",9.16945184544993,0.382133356319279
"MCM2",5.24642122959265,0.445338623301673
"PEPD",9.22152587487581,0.830068221414193
"ARFIP2",6.83669027653622,0.486137785639279
"SLC4A2",5.23646205682468,0.492427937653056
"DPF2",7.95177131249217,0.385999907315102
"CHMP2A",10.0559137379849,0.523068382526411
"PLIN3",8.31375001869528,0.454783099382096
"ABL1",6.76407854140804,0.485914794653855
"ACTR1B",7.68594027172915,0.43629278253835
"CLK3",7.49498543250724,0.501290231820703
"LY6E",6.49863370192552,0.874353741736135
"UBAC1",7.87438371799636,0.444664937824618
"PKN1",5.6868896049014,0.481682573153631
"MMS19",7.07590646967894,0.408467275889925
"CHPF",4.79736996065893,0.383880147189226
"ERCC3",6.63389832667141,0.418087729963615
"BLMH",6.23315604495024,0.551765737677512
"MVP",8.51338778068542,0.526558591692243
"PLOD3",7.18127090571753,0.490972876464552
"NUP93",6.70836331633576,0.474447229072462
"BLVRB",10.3450483220033,0.546683107522118
"VASP",8.61462716403151,0.487581451390973
"LSM3",7.6766121919075,0.685260657865818
"ARFGAP3",8.58314559553076,0.446137737739268
"KIAA0907",8.34979053946981,0.463204602048335
"STT3A",7.94630593001782,0.479601135561903
"NPTN",10.3315758251818,0.500949498694413
"PARP4",9.15167110739937,0.414899687001274
"TSPAN7",6.43114711768211,0.784495275798499
"CDK4",7.8218468411603,0.509970000228378
"PRPF3",7.08602451003352,0.460295987682332
"STXBP1",5.34198086903648,0.442913769814422
"VPS72",7.45995886799241,0.407436549559215
"TOMM40",6.08195260959842,0.435861860638395
"TDP2",9.78728590041656,0.568994263933201
"NAE1",8.05727255329515,0.528734105859368
"PDGFRB",5.41325891638532,0.497491821136883
"HSD17B10",9.14763448991993,0.539894147468154
"SERPINF1",6.81726591280812,0.954069668766041
"CTSH",10.8338004504879,0.593716208037262
"NDUFA1",11.0085335788739,0.430933486619548
"POLR2G",9.59415164039425,0.383172638768947
"TAP1",8.87710830705675,0.814939408206288
"ATP5J",10.1458860176693,0.485525863376799
"CSK",8.42405725153292,0.546972716282321
"UNG",6.63626669709643,0.545105775731947
"PMF1",7.3211073375789,0.459773656091451
"ITGAV",8.00728427615075,0.811415282933373
"MAML1",8.0634235168206,0.299636332538284
"SEC24C",7.72201828414603,0.402752450633838
"SPOCK1",5.89590799174133,0.493781447703034
"MXI1",10.6121433608472,0.411781731980045
"ACADS",6.42358266567138,0.495077265950401
"TCEAL4",7.8993825120328,0.548278959874333
"SERPINA3",5.24506015646658,1.28993959578108
"GNPDA1",7.90844345980897,0.590304537858949
"RGS2",9.70053306556833,0.752757930732704
"BASP1",9.4602417631707,0.746233339884382
"KLF10",8.39131115830188,0.633167305103886
"ABCF3",6.48539083322511,0.431723325978594
"IFI27",8.54208134090462,1.37914249098986
"HSPBP1",5.71510842546039,0.511384582501992
"KEAP1",7.44620959387689,0.425780191537932
"YIF1A",7.99233788006585,0.510196685016537
"SLC35B1",8.22671420833429,0.396097726002881
"ST5",5.21069469068852,0.446247709790344
"AP3S1",9.81147308117636,0.409355329691147
"DECR1",10.215543209243,0.414850611421286
"CTSK",6.78832758940227,0.908948944580826
"EIF2B2",8.03761581102686,0.407389610253915
"PFKFB3",8.92637053823048,0.819618222401956
"PCOLCE",5.3727200201761,0.680764690530119
"PAPD7",7.6365800629719,0.465303598330428
"CTNNAL1",7.54824259422788,0.799771643103493
"TMEM147",9.37451117582529,0.481851129618384
"DHRS3",7.85367582218084,0.700969071682964
"ATG9A",7.3297153305964,0.501817105729335
"TBCC",7.66664907957791,0.383581795986473
"EDC4",6.81097819200281,0.383679973427321
"DNAJB2",7.97993599076163,0.583228244812875
"ACADM",9.29897497174242,0.685722804247082
"CRMP1",4.33547391103588,0.379377850054925
"BCL7B",7.1458671596601,0.401338643057934
"MLH1",8.10757810395455,0.363547162946008
"CTCF",8.4254543485581,0.371679325668357
"PITPNB",8.96664165175873,0.331266939846149
"PRSS8",5.29419481948551,0.568437700589175
"FADD",7.88426032793631,0.392607424423095
"PRKCD",7.06846928223895,0.552013835473239
"VAMP8",10.6404863994577,0.550437358691428
"MCRS1",6.45099435946936,0.447609753555699
"CRABP2",4.44713373326744,0.443967331605836
"FOXM1",3.72160482867613,0.445158773834856
"BLOC1S1",8.66861106541915,0.607410046428668
"EPS8",7.15469302312917,0.565736844453162
"IRF3",6.84021697326182,0.494872391401323
"ATXN2",7.40436484394548,0.383780618647056
"EAPP",8.87778956965046,0.41997018345564
"TOPBP1",7.57806077381484,0.45521217578565
"MEN1",6.20342675586497,0.572233276835418
"APBB1",4.88000727893396,0.382717742261071
"MANF",8.73621848903158,0.484153450795634
"PEX11B",8.36368757754819,0.456978156527142
"PSMB10",8.74865440470067,0.722189705911444
"SLC39A7",6.75065980707581,0.543090237575793
"MAP2K1",8.73055258536185,0.376134480622863
"DPM1",9.12453263226127,0.519287928618115
"GTF2E2",7.41360485410857,0.39049845261607
"OXSR1",8.27576111104328,0.464688399654307
"TRIM26",7.30324458738906,0.476596635380404
"DUSP11",8.15901403430267,0.4138069013485
"HIST2H2BE",7.78172121071452,0.597814372723596
"FMOD",5.31942799333179,0.571893626069983
"BET1",7.36017599744839,0.60721548639585
"EFNB1",4.21266061318401,0.312601019973985
"IGFBP2",5.3352814876324,0.820083135747105
"LIG1",5.22569685573808,0.542152261933949
"PKIG",8.46424478532889,0.610533757590836
"TRIP10",4.84551937005845,0.432561632223317
"SLC20A2",4.91207269583377,0.470963118148993
"WRB",8.65356577941329,0.525494837298741
"RFXANK",7.56153943692715,0.528019653242313
"STIM1",6.11070519501217,0.440677812561998
"ACP2",6.98630178236968,0.503494828257564
"FOSB",4.29058465178531,1.00512404638658
"HMGCL",8.44517276383723,0.584056634913723
"DNTTIP2",8.20429236954026,0.464871066333013
"SHOC2",9.13052350200564,0.483267551361624
"STK39",7.21323793245878,0.569163112300673
"INPP1",7.26016538943669,0.429647680449582
"SACM1L",9.21111395184005,0.5176849811519
"SEC24B",8.31055265811689,0.451005724718891
"CLPP",7.6907263121659,0.511242941602403
"TOM1",6.59607445265863,0.484107879045594
"GAA",6.7734292922342,0.472454024995246
"TARBP1",6.84080846562855,0.507866835301727
"AHR",8.17818764343055,0.645544595892836
"GCC2",7.82673371276966,0.523046364558091
"AGT",6.46730911901656,0.882694136465348
"FUCA1",8.7430969312394,0.475819600356685
"PCK2",8.86813252511371,0.982191388457794
"DENND4B",8.58467918179329,0.488320881025578
"CDC20",4.25212638911099,0.591825646877912
"DDIT4",7.8287260442834,0.803727024731907
"UNC13B",6.11357106327298,0.441313293584892
"ADM",9.14274495197733,0.732688497547933
"PIN1",7.58493248518802,0.475671628103944
"SUCLA2",8.06495267001485,0.661111487420758
"ZMPSTE24",9.65038184576143,0.423396921227059
"ETFB",8.61100877942974,0.607376398445573
"FPGS",5.28693427472965,0.390656482018429
"BTBD3",6.18892217344478,0.571884089766267
"GYPC",9.99071332954719,0.527505948706044
"FHL2",6.99188243653474,0.835625741273673
"CRYZ",8.57827849452161,0.776584832624381
"C1QB",6.28796671645811,1.27601794079134
"UBE2C",5.31055035844052,0.657878616692757
"HCLS1",9.27610927512189,0.905483027941183
"KIF13B",7.49425854849538,0.519921224081935
"MPP1",9.46124720961893,0.608685971271297
"HLTF",7.27764761099464,0.684125869514605
"ARNT2",5.13980328926734,0.492401020991456
"PYGL",7.90797403988538,0.58410145816805
"STARD3",5.64130196927187,0.451351805674172
"C7",7.59252799669539,0.629018952989486
"POLD4",7.9979303519185,0.543597760054845
"AMOTL2",6.24285277973369,0.37820793100963
"STAT5A",7.37322713367797,0.440200819123257
"IMPA1",8.46984007554376,0.588478688761203
"ECD",7.45272245296348,0.341637009518576
"SLPI",8.77844979305796,1.38491838409033
"RNASEH2A",5.74994776744794,0.517706794866171
"NAA10",7.27553155332266,0.435166481905038
"ZBTB5",6.73518828314077,0.410732414947694
"MVD",4.19275830894633,0.418294659524971
"PIAS3",5.68003832029037,0.466788616618464
"HMBS",7.64287011976648,0.637501896944244
"CHSY1",8.50314286209263,0.561632640130452
"NINJ1",9.04347419575207,0.532031561449351
"BAHD1",5.92371384438625,0.38545296078258
"PDHX",7.35984969893999,0.613350153460053
"KLHL21",7.75779408297308,0.465508280443806
"SV2A",4.00664504008912,0.436676855284158
"CTNNBIP1",6.77395194088143,0.41058827191359
"BMS1",6.37688557157337,0.456433466807201
"THBS2",5.89919621133221,0.893450650228869
"FBLN5",6.82332217433468,0.768136753070433
"SDF2",8.21181686771738,0.40485496708193
"MAD2L1BP",7.45847391153921,0.355576543455198
"PRPF19",7.32872947859489,0.538819695504504
"CSF1R",6.92342920174201,0.787031099927551
"GPRC5A",4.59912244898805,0.61310866269369
"UBE2M",7.17703635902602,0.63666723799679
"SSSCA1",6.6097944410024,0.541081396551346
"PAN2",6.66587419277143,0.518203523411294
"CCDC86",6.18323002498822,0.477353148006274
"TP53BP2",7.08296879157253,0.402522938694399
"IMPA2",9.63170631764681,0.708094956269088
"TBP",6.919531703335,0.426868279577108
"RABAC1",9.2840238103352,0.509361247320232
"HAT1",8.3058960200809,0.652554006385888
"SPAG5",5.47855159758775,0.731006603346969
"MRPL40",8.10836661723878,0.512014349561372
"IFIT1",8.58268213011225,1.04740154040886
"RGP1",6.93632313181914,0.445049485692408
"RHOG",8.74541322980289,0.510525000551686
"ALDH1A3",4.60718165231153,0.687870243320252
"RASSF2",8.32310530236907,0.86087851120786
"PMM2",6.46947263266278,0.518628553969309
"ST3GAL5",7.35067785503571,0.575353849321785
"PAFAH1B3",6.32147603186149,0.525041985267535
"CLK2",7.74504223263137,0.386712055937167
"DVL1",6.81463408403097,0.486318517225644
"UPP1",7.9930294795619,0.621455486688898
"UVRAG",7.09452174539658,0.398384199358213
"CDK2AP2",7.8680387461509,0.600852130431841
"PPIP5K2",7.42106890827096,0.683552967882818
"CDH3",5.18530553704928,0.593057240039878
"DRAP1",6.86838232399749,0.49525837270389
"DCTN6",8.12614989056057,0.516603810369652
"FAM50A",7.99613700805507,0.45081247819895
"UNC119",7.42355178396551,0.401318465147233
"IRF2",8.12735485106247,0.43231809759369
"LMNB1",6.56526667544883,0.66946479549742
"GBE1",8.72247076145454,0.517632514264898
"RNF44",8.01763532200644,0.412324304855359
"KIAA0355",7.00306748351935,0.46242189993092
"VPS11",7.63897627804479,0.377687291848381
"DMTF1",8.33520143792587,0.521062203068845
"DCK",7.75917631095108,0.732996498231782
"DYNLT3",8.85216709628184,0.628231202292
"BAMBI",5.94119338236037,0.555580385949427
"F13A1",9.30658996672548,0.807315192007861
"SLC35A1",8.38445469407027,0.556535669915485
"NCK2",8.82640966789313,0.366394727677953
"SH2B3",7.85771053807166,0.542418960673371
"STX5",5.504157833776,0.446020787273309
"KIFAP3",7.09800076193453,0.53809519712014
"PHYH",8.10685646387955,0.693564046991417
"CEBPZ",8.2439305146925,0.582920002178968
"UGDH",7.57808990982644,0.651994260316257
"RBBP8",7.63829620725054,0.712835756166457
"EZH2",4.88902225669769,0.681262255955225
"DUSP14",5.6228549571097,0.424676955440758
"CRELD1",5.33485830201318,0.379497933222276
"NDUFB3",9.76715891688933,0.503234296494716
"RPS6KA1",8.15132133911414,0.423413561265033
"ARRB2",7.33389942900771,0.525500089723692
"FKBP2",7.92327299943753,0.668899448197073
"PSMA4",9.92096767050852,0.520825804266713
"ARMCX2",6.17176941732723,0.52497410128761
"PSMG1",7.61893115738342,0.518961806860202
"MFAP1",8.3202296851353,0.32994200930772
"PPL",4.99440786063103,0.517177015091957
"DDB2",6.27586849651621,0.533745334108111
"LZTR1",6.39412868521641,0.474117352901003
"NELL2",5.99573056766385,1.23635839383741
"MFAP2",4.23219729204159,0.482716677287618
"FAM8A1",9.47641611147031,0.502597035586414
"POLD1",4.71813222846733,0.4257675865264
"HEBP2",8.66840322749134,0.410442245230227
"ATOX1",9.20700772140954,0.557296359909402
"PRAF2",6.16099468323542,0.501886559372974
"SPR",6.44705762909073,0.501444756306214
"MPV17",7.7372092883023,0.49631101266524
"PMM1",7.45929499376195,0.596307606409478
"TPBG",5.21225340185369,0.663268421929098
"COL15A1",5.37492262872353,0.690827456386553
"SEC61G",9.81021445160477,0.423428307324892
"RCAN2",6.1369167055429,0.612737454675982
"EPHA2",4.74757881820906,0.396074838080447
"TNFRSF1B",8.30613636703022,0.710301726068476
"PMVK",7.48642841211431,0.524046562771139
"SNTA1",5.13308083100731,0.529628251481672
"MTX2",7.03388656686205,0.588690980377468
"UPF2",7.92311131442851,0.502114303503686
"LSP1",7.27223630863906,0.683484465085161
"MPST",7.63671750578212,0.534495533182094
"LSM1",8.99128356125735,0.44388946657777
"S100A9",9.40351854169825,0.84298461550754
"PRPSAP2",7.87330305186396,0.419135152077852
"CAMLG",8.77789514161429,0.345090711541248
"STAM",7.10183077223873,0.4938774947889
"ALG8",7.54937666187797,0.454733520685998
"IPO13",6.03262229195521,0.515464963957865
"PTTG1",6.58530904142895,0.838579001458996
"PCBD1",6.38956671306867,0.625069442945793
"GGH",7.45409196862003,0.829500170245199
"AFAP1",3.99505330796656,0.448162113924765
"FANCG",4.78684971172543,0.425132488155816
"MNAT1",5.66034505983857,0.439336595944765
"AGL",7.54052610321033,0.829066792439033
"LOXL1",4.97920157782691,0.528301538967199
"TAF6",6.71899165828929,0.452290768858808
"RABGGTA",5.74821119873588,0.462385799823588
"NFIL3",8.61610460589132,0.57323106997782
"GTF2H4",5.38535840126739,0.520728973565638
"UNC50",8.7994730940101,0.39597069499807
"ZNF185",7.58904990444831,0.471208565196601
"FSTL3",5.02596765491965,0.516755738305671
"FAM193A",6.58665121473524,0.434546058852208
"ZNF516",6.25670554336267,0.552980655145396
"SRP54",8.5351699093522,0.37858617808526
"NDUFS6",9.83383318257447,0.483547552884046
"BYSL",4.80904327737405,0.425326810853406
"POLB",7.87795853510509,0.440929009829373
"NDUFB5",10.060945362512,0.446902755511702
"PROCR",5.01997644614616,0.474514436082443
"XRCC1",6.25011241160607,0.451631379053124
"FIG4",7.83620194731048,0.372457110461651
"CTSF",6.46675264220151,0.466705789278953
"SLC25A20",7.5658237936055,0.495102019342838
"HMOX1",8.27308967167538,0.789411007907073
"TG",4.19019639608348,0.432537766200392
"TARBP2",5.66183915031819,0.416034485929364
"TMED1",7.56757293594104,0.439745788159298
"PRKAR2B",8.03630169443787,0.783878741031132
"VEGFB",5.40558875498312,0.482342870336383
"MPG",7.13305482610473,0.415198433965135
"PKD2",7.16120030848663,0.621667088187182
"DHX16",7.70101363877072,0.398948287006648
"DFNA5",5.60420409056203,0.424839515547908
"PNPLA6",6.53767520828248,0.517388371442067
"GADD45A",8.91247129881496,0.680576793853543
"SKIV2L",6.56251557882462,0.391203001985805
"BAK1",6.3279796936719,0.50818825035691
"EMP3",8.24289094623537,0.731124643543037
"TRIP4",8.18218692596421,0.361036118454728
"DEXI",7.21440086345838,0.574705821642952
"PPRC1",5.71025967492614,0.534742486575084
"ZNF217",8.65916584573583,0.524146555623351
"BUB1B",4.14319664299495,0.527578349687324
"ARHGEF17",5.70502349977361,0.442820585549606
"CTSO",8.44213973739013,0.498791748647379
"DLGAP5",3.49527049699924,0.666614618860007
"GCA",9.37912303661512,0.494568852376585
"GPKOW",7.12124062688779,0.392113545443264
"RPS6KB2",6.02275481206471,0.418660142444258
"MANBA",7.71718807238795,0.379804115616258
"MRPL33",9.50360343964732,0.410328723809408
"DMXL1",7.5289153033385,0.770835903162282
"SF3A3",7.88361084106579,0.4390827329823
"TSPAN8",6.31221334291749,0.796122605376771
"PITPNM1",6.54159307699326,0.4556361705571
"IL32",7.75676713259109,1.10130179231438
"ELP4",6.80887060200468,0.48028481713307
"C17orf75",5.91343131328412,0.516008220636018
"R3HDM2",8.3981980896279,0.411495463346041
"SNRPF",8.64399440456535,0.481416852837091
"IGFBP6",5.56610568483534,0.729791554606541
"GAB2",7.69287707804322,0.470954392875013
"WDR47",6.84272692785432,0.560029852204338
"VRK1",6.68149780323988,0.523062429178239
"PALM",5.00884719909822,0.485493954266274
"VCAM1",7.12147698221904,0.554620469250213
"ACTA1",4.49792840727951,1.86625217653827
"IRF9",8.97472985069232,0.528110490073
"FBLN2",4.57765225082658,0.732859711197427
"SCG5",3.68752397330399,0.551863294403659
"LYRM1",9.044666049939,0.42999690464
"PARN",7.35792131319654,0.394014490396363
"SLC9A6",8.20366884374566,0.425173004621059
"DNASE1L1",7.83471726550951,0.464116496100254
"CXCL9",6.00496546639017,1.68739914596098
"NR1H3",5.86350851385871,0.495557898571501
"CHST2",7.0071578022676,0.534307915137697
"NFKBIE",6.54998151019387,0.513648363553452
"HLA-DMB",9.604061238917,0.811474826942157
"KDR",5.2893638292218,0.411444637051577
"ACVR1",7.4094584726764,0.471481030306523
"MMP9",7.52216497502246,1.18863878465534
"CLCN6",5.92797240645853,0.435393587200918
"CNN1",4.60422770748329,0.745256122992564
"E2F6",5.6692681181587,0.492174114244534
"NMI",8.92535383333835,0.579615985741156
"USP20",6.36571152328679,0.436852526863429
"NUBP1",7.56228234282522,0.445660420452981
"CYP27A1",7.97412335886282,0.653488424643836
"ZNF212",6.63912785588773,0.399049910870628
"FZD6",5.46601022733663,0.57857961798325
"NUPL2",6.68129400740182,0.412544769790242
"DNAL4",6.11923991656152,0.42924094961261
"SPRY2",5.53580423939432,0.450930183555636
"RFC4",6.20164073851805,0.588410645492296
"ZWINT",5.76004996402264,0.606958996238042
"METTL1",5.43353830889723,0.511235058101069
"BCAR3",5.53659749069907,0.404034883864817
"TRIP13",4.24291395148698,0.388867416564705
"ETHE1",8.23987241683642,0.495731291731024
"SCG2",3.51771596247988,0.525546917066076
"CEBPA",7.39703293110835,0.533415642630109
"WASF3",5.66623146574374,0.560640796563574
"TCN2",6.61296359039973,0.717973200967958
"TCEAL1",6.9664817952298,0.59589292964686
"IRF8",8.34758765109879,0.84391466469007
"THOC1",7.51196859979868,0.457257852510406
"CHST10",4.83439311118134,0.334725532118851
"RARRES3",9.41215221709242,0.827724232600695
"TOPORS",7.89082248993955,0.523032652127483
"TPST2",9.27483953466003,0.420480119326145
"TOE1",6.69680614792848,0.366660951021883
"NRGN",7.29361571464532,0.60278741957692
"PRAME",3.75200696088673,0.370358941549777
"SLC5A6",5.41459140737694,0.430465220145896
"P2RX4",6.63247599658226,0.584796054174781
"CCNH",8.4014682520956,0.380641338730514
"CCL4",7.01981881965346,1.23476134431342
"SNAPC2",5.11016181577815,0.434136574584283
"TESK1",6.31863092621845,0.515247961418223
"NID2",5.01292399555233,0.521858001063556
"GNG11",9.01389987164847,0.643315418584708
"GADD45G",4.73231263266354,0.463288553557353
"TYROBP",10.2950920706301,0.912997006135443
"NDUFAF1",8.12199679631354,0.451972537098958
"CDC45",3.67505866180374,0.400243633808941
"BCL9",4.87562152271148,0.337399625809655
"HSD11B2",6.59988112482254,0.872290988841095
"RRP9",4.68086461036841,0.378837970453805
"PDE2A",5.08952209552107,0.452973559122304
"GPR137B",8.24808157999566,0.759947857346582
"TPST1",6.25615402974061,0.798666525546284
"RAD51AP1",3.91277356825852,0.544793464712378
"CDO1",4.56968567409869,0.671476784560367
"TCIRG1",8.39730071017304,0.764609803743287
"NDC80",4.43019821551018,0.642823648584131
"EMILIN1",4.36043552021174,0.496987708449961
"WASF1",5.8451653418266,0.46792053234425
"MGST2",8.85751841632242,0.46991116998709
"IMPDH1",7.71113695404556,0.456985130305389
"CKS2",7.42217514945789,0.798389584912631
"CPOX",6.66032799419152,0.614651145106278
"MYL6B",6.83430616735595,0.71489157370156
"ALOX5AP",9.37717036981839,0.729034116521132
"ZNF593",6.88766014019302,0.617969103602284
"MB",4.53679233493108,1.77097002380471
"GMPR",8.33555656920908,0.770164272690563
"CD37",6.32239347479465,0.764771325240543
"SLC31A2",8.83188474209731,0.584389235407931
"GMFG",9.52596709773177,0.821136814449605
"GCH1",9.42479294233721,0.695925583275292
"FAAH",5.24487765165014,0.533717816690346
"ZNF195",6.15844936875333,0.650158370901865
"NNAT",3.75185210990528,0.472658370992548
"RLF",6.61953163084447,0.500903927301842
"DCTN3",9.04531579651143,0.416911965982875
"CDK5",6.69323855364401,0.536959482492496
"LMO2",8.53425312968015,0.484041896774154
"MMP7",6.66773019942737,0.987607551305029
"CHGB",4.18938197595352,0.491584104996641
"PKMYT1",4.92204879356932,0.406887684720029
"PIM2",7.09919866345855,0.676174988643377
"LGALS4",4.18502057511799,0.639767368131133
"PSMB9",9.72531654059186,0.892571845931121
"AMT",7.05647059240069,0.59981678359347
"KBTBD11",7.23616728448083,0.631937488197086
"PROM1",6.31810669325412,0.966081307483504
"CD151",7.03265488646162,0.681345664066632
"CYP11A1",3.37598193519895,0.383421493838658
"ATP1B2",4.99034429683217,0.542530799697374
"CCDC94",5.79520410595456,0.443163693375125
"RGS19",8.73229081816516,0.659234674218244
"TMEM187",6.18137178561288,0.479555527417243
"ABCA3",4.91928640981532,0.357090773986616
"COL16A1",4.86384680994487,0.576893800712154
"S100P",7.31828861567815,0.82762099383972
"F3",5.19500121396243,0.543659382453586
"SLCO2A1",5.89359647493572,0.519496420507394
"CLSTN3",5.27921250650561,0.459667858360781
"NAT9",6.05002848163845,0.40125202329412
"SLC43A1",5.56787711979766,0.547648183043443
"KCNN4",5.29602637412632,0.578435078569639
"RHBDD3",4.70069964986922,0.395475203263009
"KIF21B",6.27199167088238,0.573868320938993
"IFI6",9.07301247694916,1.07204006865479
"FOSL1",4.08783033510958,0.429488287919685
"ARHGAP4",6.48084082248731,0.495317027676173
"PLEKHO2",8.00264833498119,0.559157552755106
"IFI44L",7.42416281122618,1.40147410200017
"CD83",7.1736764361365,0.607098887533983
"KIF11",3.96525321367301,0.568708997691062
"LDOC1",6.1368149929467,0.466098428033308
"PLA2G15",6.10141699483651,0.494241535684844
"SLC16A2",5.07379399624942,0.48949935692755
"CXCL1",6.00207562262064,1.04756800353486
"GEM",5.44506484642881,0.679929863642727
"MMP1",3.76709852209004,0.615785955197555
"PC",5.12578053669524,0.836920984792315
"OSTF1",8.71499356631256,0.476500534270251
"BRPF1",6.65549214033344,0.419303509090223
"CLDN5",6.421120761597,0.784695045181742
"PIK3C2B",6.57846258893298,0.701673433293585
"DOLK",5.80270986806552,0.417893252088529
"EVPL",4.22894081604124,0.411480383267145
"CDC7",4.85161257528305,0.757959642280387
"ELMO1",6.29413675229986,0.557062637410484
"DPH2",5.74480397112681,0.391660876307367
"CXCL10",6.60402850949379,1.62102174886036
"EEF1A2",4.22955640290714,0.541824316533316
"ST6GALNAC2",7.61756130043511,0.622555945500435
"HPS5",6.59706355078268,0.448851386576221
"STAR",3.48779968064875,0.321017353422739
"RAD54L",4.05905323510179,0.373941252696694
"LSM7",8.65983302614708,0.595442082270823
"SELL",8.98965686690663,1.0509628356273
"ACOT13",8.39792783920084,0.70998909780136
"PPM1D",7.00003944869046,0.462508522989156
"COX7A1",6.09123896973777,0.651845267728081
"MMP12",3.4755746652839,0.77697629083033
"SLC7A7",10.4594475052459,0.890726348390322
"NUAK1",5.73497761451078,0.544552869273722
"MRPL28",7.2674490458392,0.433605172980402
"DKK1",3.57670116861659,0.460494184840175
"EXO1",3.62976674591718,0.466289768557918
"CGRRF1",6.68614726862086,0.619921430292513
"CCL21",4.97251405637184,0.885256358268424
"ASL",7.65624135087048,0.739369960610425
"SERPINB2",4.11016863061565,0.710030065813407
"UCHL3",8.1690939106453,0.495282043118363
"ACD",6.81579639131539,0.476200998930556
"TFF3",5.0833146753419,0.837066082780561
"ATP7B",4.89477717778751,0.451934037093689
"MYH2",3.93842320593083,1.65118781513774
"COL17A1",3.63399943499912,0.397228435888653
"ACP5",7.33558910030547,0.953479163852871
"S1PR1",6.84079858100351,0.783476633808117
"TMEM186",6.15731439586386,0.441591898838399
"CDH5",5.06017841578155,0.465077429924392
"NPTX1",4.17923259199187,0.367435284399376
"SGCE",6.33296617921476,0.418270068422376
"CDC42EP1",4.21345907874772,0.338184583648531
"CHGA",3.4273825458299,0.350913877688322
"IFT88",6.80046508002033,0.496862140380541
"INPP5E",5.6450221586504,0.449446061360729
"KIAA0753",6.53818081137418,0.429738369011005
"WIF1",3.71602553288574,0.497471727219565
"PANX1",4.78824115584546,0.535064931197954
"EPHB6",4.82253329915602,0.478451812999292
"COL9A3",4.91514166540095,0.86812076418585
"KLK6",4.30798898028447,0.566537568923815
"KRT15",3.56324173917588,0.389493615432049
"CNKSR1",4.39487186469498,0.389802864925342
"TAGLN3",4.8092390969808,0.532268811777408
"IARS",9.01026011592604,0.502014400978925
"PICK1",4.95818978593002,0.343741823814988
"NAP1L3",4.33207113902632,0.539811225988986
"ARHGEF5",5.48267637878496,0.459073200498109
"NUDT1",5.92549932089141,0.616538368728716
"EVI2A",8.32624169763435,1.10979076949972
"CHAF1B",4.05203321089508,0.376716789901498
"THBS4",4.68290162953516,1.1664878070946
"MAL",9.4111541205094,0.998493490377632
"VSIG4",5.9133350874931,1.02110127647945
"SMAD7",6.48358447476164,0.565305129637323
"GPRASP1",5.74723588480406,0.708797212202447
"DUSP2",5.5079654855553,0.882936301099345
"PRR3",5.27723606911713,0.479782831694096
"TRIM21",7.77146988117032,0.486382191959718
"CKM",4.00652841169429,1.66625517826235
"CACNA2D2",5.20104413610661,0.585951052268451
"ZW10",5.92694228737858,0.361063198384868
"HSD17B2",3.77367776232437,0.893623232674811
"FGD1",4.27343611677268,0.316782313970658
"ENDOG",6.38505602865932,0.630716727000964
"MELK",4.10128887027895,0.562622627993505
"RAD9A",5.79081618568953,0.420848049691526
"POLA1",5.31669050427503,0.383686062625894
"GLDC",6.86244552523734,0.721743388682918
"POP5",8.50606981441872,0.522037789137674
"B3GNT3",4.28601957022795,0.366020705185914
"MAD1L1",5.99993673830835,0.686977781648958
"NME3",7.49598990106857,0.485087594197759
"CA3",4.14411052341146,1.61193954738367
"GCHFR",7.56916530713472,0.734353501557567
"ZNF646",4.5492187374781,0.449009471266343
"MGMT",7.34014782345104,0.601331035312662
"MSLN",3.62385305938086,0.462506996633801
"AOC3",6.27173287629812,0.755091324901979
"IL10RA",8.23050049086318,0.997238582866786
"RAMP1",5.09241958937937,0.502823996198343
"GAS8",5.73706133456311,0.384692742719698
"SASH3",7.76418878459483,0.816402755846726
"TLR2",8.45321214090711,0.70732384355014
"SLC10A3",7.14996639105188,0.458071227351806
"HPN",6.39706102498727,0.702835951956248
"MAP4K2",4.46893705545973,0.452353638019298
"PTPRN",3.95871361540847,0.35193949348245
"ICAM3",9.55940164584768,0.5197101234961
"RHOH",5.97958925114948,0.922822593109615
"LYPD3",4.16616646464535,0.335358231496154
"SNAP91",3.2641810756852,0.428094825881479
"SRPX",4.80634798089678,0.862589953707696
"MNDA",9.06960921267569,0.914348663140057
"GC",4.55269212479057,1.54537626653415
"SHROOM2",4.74144070073749,0.405362102455193
"C6orf47",6.87672716643295,0.432671235157576
"CSTA",8.43954165692477,1.19153253254259
"GJB1",5.5866703195861,0.600890740192741
"RAB3A",4.93425606066461,0.513366603630789
"SH3BGR",5.48179987529086,0.727528858078401
"SLC22A18",8.11889498988132,0.845845908265896
"TRAPPC6A",7.02993092614234,0.598223988208984
"ITIH2",3.68075022848453,0.334016927424514
"PFN2",7.31625001050695,0.521041002579312
"GNAZ",5.78335826267416,0.653297836150364
"MX2",8.04231747387011,0.745492465362437
"NKRF",6.34037531004655,0.430618068935584
"TFF1",3.85400803962918,0.399257001435158
"HAGH",9.69537065352161,0.765301585609941
"FGFBP1",4.08004349104908,0.357953330953554
"VIPR1",4.85090926936763,0.508983996712648
"ARL4A",7.59063913405137,0.582353250188499
"ZBTB48",6.21096665820816,0.464280820874809
"CTDP1",5.89466361438579,0.466334186755767
"GNE",6.80921090362199,0.546915022308348
"GABRP",4.14625014211101,0.78881641562143
"KIT",6.02218754720646,0.671604215909754
"AUH",8.09215023265291,0.598743312287398
"PRIM1",5.51096470139519,0.589180757306689
"ITGAE",8.53813876761747,0.401292843533777
"EXOSC9",7.18357943053096,0.468580779376504
"CYP2J2",4.71182860299874,0.65915134994436
"SLC22A5",6.69269577165295,0.677314088939346
"SERPINF2",5.39100217274484,0.689087754363694
"CRIP1",8.6344177429582,0.851478842427596
"RWDD3",6.46662736744835,0.724826265754498
"MAMLD1",4.3436940696629,0.354342920728427
"NAGPA",6.55564891099795,0.461343167597736
"PEX12",5.89486170491535,0.520600540913805
"GFPT2",4.23632430071097,0.505918379097366
"EFNA4",5.28975832305787,0.415010910635148
"FGF13",5.59397758845218,0.728890267806612
"PLCD1",6.27495253975594,0.444302547701785
"NPM3",5.51693231575955,0.483283323373551
"HSPE1",9.21638555021384,0.593080775477207
"FPGT",6.32995537981088,0.719936470548997
"ANG",6.41435003118365,0.692282957612721
"NCAN",3.67324867401484,0.335150120496052
"MYL5",5.51008771394356,0.585291563956406
"SLC6A1",3.54006523701087,0.401651750188761
"SPTBN2",4.04381894288163,0.452133456381101
"CSF2RB",8.47273906363947,1.03188056703208
"MYLPF",4.50211227100832,1.53281862995353
"RBBP5",6.95376658008878,0.507218120088359
"QPCT",8.36425557629508,0.774353075604909
"TNNI1",4.2243542547249,1.16973150733236
"ZNF324",6.30924446523915,0.499966130509637
"SPINK5",3.59953680442989,0.44851494614064
"PLS1",6.3737868294474,0.639043674386079
"MAP3K14",5.70536976870418,0.445201302030226
"CA9",4.15357584602979,0.375023968864169
"NMB",5.49839974568414,0.453179357464174
"RELB",5.70262926493126,0.526969470233802
"IL6",3.74568463920297,0.568939571956511
"RIN1",4.80791208346997,0.44848003251409
"POLR3F",5.6234176536912,0.498910461643434
"EHHADH",6.66812352329725,0.731193037010728
"DEPDC5",5.19618733864939,0.428977286259281
"PDGFRL",4.07385754209269,0.991810464202755
"SLC16A4",7.12348922479334,0.640075592043944
"SOD3",4.9392072399156,0.487045113142538
"FCN1",8.30748840211463,0.957800687858035
"CXCL13",4.02248389296362,1.42049754099781
"PARD6A",5.47635613027358,0.435904838341108
"EGR2",4.57983008434756,0.75633616117007
"ZBTB39",5.08480410649187,0.363801438979776
"AMPH",4.29842214430613,0.534057133431148
"INHBB",4.36184548127466,0.527408188964769
"NR3C2",6.21296691314095,0.715089752489186
"ACYP1",5.96951700069402,0.583868956136436
"LIF",4.27048709245104,0.535363795076334
"CDK20",5.07112681257117,0.339913382155491
"PIGA",5.88336533805678,0.631917527199823
"FKTN",5.25786192536755,0.466890608098291
"URB2",4.83875516878703,0.363964071040436
"IL2RB",7.32490858732037,0.886181065398095
"SNRNP35",7.21330408330111,0.454590692441314
"FBXO46",6.66675738959151,0.446215388185016
"SPI1",5.76660073046807,0.514333842137984
"PSCA",3.64736784589848,0.480837563584469
"PHYHIP",3.87339114371297,0.451573936508793
"RAMP3",5.4803445846457,0.454596575348608
"MN1",4.11736767527321,0.612298289759813
"REEP2",4.54336760921738,0.438015474480816
"SRP19",8.38010477011305,0.489503963795774
"PVALB",6.02760966422422,1.18864985314666
"STIL",4.12051312891281,0.38829030126171
"GNA15",6.03924809720253,0.555653580427529
"BBOX1",7.55953839608626,0.899792705398726
"ACOX2",6.26487917141897,0.849243387280553
"SH2B2",6.04657974930025,0.526055296679877
"PLAG1",4.52803348762361,0.476908942186812
"SLN",4.46526719254329,1.66384311261654
"MDFI",3.91868155752102,0.366996567992907
"CBR3",5.13568205920164,0.65698276806497
"PDZK1",7.42580030820058,0.768847794093064
"CFD",8.80366650054012,1.17294304013018
"FXYD1",4.58470901729305,0.54645219478435
"TNNC2",4.57529445669187,1.77800138389763
"HSD11B1",4.47393608068086,0.66546549100247
"SPA17",5.26701508122096,0.500431378115692
"FES",6.22238277420488,0.536621439285513
"GPR183",6.55796001101741,1.09270071094526
"AP1B1",6.58771701222696,0.462190163477512
"TBKBP1",5.56941177674898,0.429370136704659
"ZNF354A",6.24191701924773,0.690173652997859
"CALB2",3.69196899346396,0.386586916933087
"MPP6",4.37868328834756,0.421866216187092
"OVGP1",5.07984891844979,0.442246408310047
"BCHE",4.43170391591095,0.786946188289358
"ZNF211",6.66794860172485,0.447178544552521
"NPY1R",6.09544539091018,0.647426419447935
"OCEL1",6.93520097888518,0.528060676239579
"SNAPC1",5.33249621020963,0.59663384775767
"PRL",3.57500746719227,0.573831668693978
"SAC3D1",6.49312788768179,0.585688699357055
"FOXO4",6.27923216067054,0.594132078419684
"HOXB2",7.22092748259392,0.637082692895685
"HPCA",4.17087650305559,0.428863723926472
"MST1R",3.98178203495817,0.302606124110635
"CD3E",5.19863136356139,0.86535840637172
"MC1R",4.25730693029603,0.344828876372911
"SCNN1B",4.75163839706851,0.601027498579246
"KLK11",3.77796655786027,0.353460899160623
"CRLF3",8.80020935118264,0.629133046645855
"SCRG1",3.97916704886451,0.807695962333136
"CCL20",3.90706512190072,0.772943047977033
"ISG15",8.5669342617684,0.962651253634336
"SIT1",5.63747844959785,0.933456783736963
"RYR1",3.81476360756838,0.729644506950252
"TESK2",5.97902466380324,0.379896363616631
"GZMA",8.10490963663998,1.29319138485274
"CRYM",6.92625805228019,0.916428007029514
"GHR",5.75463697340224,0.583516465431735
"C5",5.5221049407093,0.655957997245967
"BTK",6.27644761456937,0.615460197075893
"SCN1B",5.60576558780096,0.772553477458624
"CPB1",3.37281342464067,0.462588863209798
"AIFM1",7.64936278841976,0.76335671992531
"TCN1",5.93767412366131,0.948477923709272
"ZNF415",4.35400469500431,0.472076960601223
"KATNA1",7.05233551095115,0.38251601111248
"RRAGB",4.63586214295169,0.466431573922223
"STEAP1",5.04618208576108,0.645241630443726
"HSPA4L",5.1698143738456,0.598754739540176
"PCP4",5.53796196898537,0.925885740634491
"CSRP3",3.75625173921906,1.38123428579237
"TRAF6",6.51464900585729,0.41353302607587
"RPP38",6.74828257942745,0.427524211168817
"PAGE4",3.53100963776415,0.547922663671352
"CHST1",4.07435894485124,0.322693896408916
"AQP9",7.63352596865864,0.62906892313847
"LAMP3",4.61231836012311,1.15042278690863
"LIPT1",6.85682837329947,0.552585671019802
"SNX7",6.33047040982947,0.444369109223174
"PYGM",4.20511957442813,1.16830645043974
"NOS3",3.6109558327123,0.384353504537331
"GGT5",4.80800237789433,0.607558950798779
"VGF",4.12551108485976,0.354392164580205
"MYL3",4.99764245567375,0.751008216805817
"RASGRP1",8.00564826853881,0.83989302507086
"MYOM1",4.37745682103083,0.831142113662693
"MMRN1",3.88412527603641,0.737165847695087
"CPA1",3.3193892095654,0.360176165134585
"PRRG2",4.40430334041347,0.41757174615143
"PRRG1",5.50633282768463,0.511450168759924
"MEOX1",3.98551842202471,0.64560201703131
"F10",4.23147913007076,0.434288524762666
"SMPD2",5.43222238530653,0.399201957745286
"ALDH3A1",4.08370536020688,0.396945998919423
"CPA3",5.54529694776239,1.46007862268919
"CDA",6.93842628386426,0.689306507417704
"ALAS1",7.98254800032568,0.472635671573038
"AOAH",7.54214035715325,0.801074048367643
"WNT2",3.60494724291739,0.398889103833889
"RAPGEF4",4.08475520174004,0.424131660839941
"CTSG",5.252678046028,1.05365128956429
"C4BPA",4.24556319338438,1.03902689236301
"HAAO",4.93124636052401,0.541062703080719
"FMO1",6.99282841761939,1.00052026724227
"WRN",4.71282675739742,0.440620544194803
"GAL3ST1",5.07278590223426,0.622690613571526
"MTTP",4.93961529202222,0.934155879533965
"CYP27B1",5.4725096146006,1.1118064549405
"DLEU1",6.81348189245665,0.573355352788739
"BCL2A1",6.95014657557761,1.2936225040172
"TFAP4",4.52834477848512,0.387428245279335
"SYNGR3",4.17821274349413,0.439694459637272
"CD38",5.20641227352456,0.965044247837267
"TYRP1",4.92930898188161,0.91704130430018
"SCGN",4.34562561107053,0.402737857834659
"TRPM2",4.98779239403064,0.490922037802585
"COMP",3.91883925154813,0.85813036190912
"BST1",7.61251175406168,0.567267205866853
"ITGB7",6.78584095281139,0.61976968120076
"POMC",4.08734696585761,0.463651287623967
"CNTFR",4.37912473766705,0.345357393653228
"ABLIM3",6.03375506464232,0.75186099547351
"PGAM2",4.02386264381072,0.835469045544253
"RBM42",6.53298679503742,0.533899162112215
"TNNI3",3.38085077603256,0.373625042749345
"STAC",4.84531180261514,0.345272096263562
"DOC2A",3.74387663720391,0.339653918037762
"CYP1A1",3.70859123750174,0.466799666255302
"BPHL",6.54810769646576,0.766998537343397
"SH3GL2",5.46866900136718,0.737477870585624
"GSTM5",4.54590286433449,0.475150555040187
"F2",3.86053515698066,0.38156197375639
"ITIH3",3.62708410357533,0.335985080613127
"F8",6.6008852042694,0.540943391350887
"CD8A",7.40019588473712,1.45817808361721
"SULT2B1",4.12184104494141,0.433739028918814
"TCAP",4.4326828016303,0.985609107661588
"FAM50B",6.05791271053085,0.437805538159756
"DUSP9",5.23050386861214,0.729682480254947
"RAMP2",4.20991410474911,0.446294276437794
"BIK",5.8285528522067,0.681524993900125
"CD1D",6.58809391324235,0.7911384840913
"SKAP1",6.72011534353282,0.689963594405084
"WISP2",3.9862714648469,0.863152369304446
"ROM1",4.11764499173317,0.434455116590379
"POLG2",6.27255101907737,0.425052543783676
"MAT1A",3.84919358965774,0.310162794246749
"MARCO",5.04642710615189,0.739848937331419
"HSPB2",4.61438320894004,0.590593283532879
"MYOM2",6.57746427751949,1.07526268096521
"CCK",3.55946759265498,0.359343438848013
"MMP3",3.6814158715907,0.714655902718859
"CD2",7.65336833221979,1.24855425800947
"PRSS22",4.52802026418288,0.382602960095039
"GAS2",4.64154480977907,0.58910818492809
"NME6",6.23445314715917,0.426258943049794
"CDK5R2",3.80332224275864,0.384978438568376
"LY86",7.95891987278058,0.870937908210983
"S100A12",7.71788002210201,0.620697186094268
"ARID3A",6.73949710343563,0.44658223151139
"FCN3",4.95630971364117,0.806971193364909
"BDKRB2",5.06774673084854,0.54810482007241
"ITPKA",3.79876973687183,0.350529924729989
"ZBTB16",6.54482425021757,1.08777233664106
"REG1B",3.35841335059893,0.460945473455894
"ADORA2B",3.91283995707091,0.45031252017111
"ARSE",5.77331052651248,0.852166048949468
"SLC22A4",8.12231491962278,0.820959161243654
"KRT1",6.59837319915589,0.959342863853421
"PNOC",5.29998246413051,0.869300347543212
"FOXJ1",4.0901124393781,0.438731657066968
"PTH1R",6.95704489747138,0.80907944450125
"PLIN1",3.98279633313898,0.822366220020993
"S100A7",3.42356555222757,0.477352037134431
"SLC4A3",3.78823820759381,0.397506158438545
"VNN2",8.41984572809081,0.775083369804141
"RELN",4.3544216590216,0.494336942606793
"ZNF443",5.72187060150177,0.691081311113107
"GPA33",3.96171323508718,0.4650278523978
"GTF2E1",6.80903738675413,0.47363243703411
"FOXF1",3.92353065332032,0.383378901167328
"HK3",6.56963743193401,0.602087163429417
"CGREF1",3.75528000559207,0.43194431167153
"MYH3",3.80434708899445,0.928447337526666
"CLTCL1",4.56755802742688,0.517665516623531
"PLXNB3",3.70964676267857,0.362839066983599
"BATF",6.33539634231573,0.663679293345503
"TAF13",4.57816976013531,0.433832293726024
"KCNS3",4.81244064496026,0.522289993399964
"AADAC",3.38437733692236,0.400577185887329
"MT3",4.44323504544873,0.449661880454931
"SLC38A3",4.11176717065636,0.515696083108965
"KL",6.98462088131867,0.870700023322899
"SCGB2A1",3.99370448611786,0.673227617397285
"DPEP1",6.48973517849902,1.06031042228344
"CRHBP",5.0541076899744,0.889228121408998
"CD1C",6.49902514274806,1.01160681721005
"NPY",3.66119093244047,0.380117555371216
"PRG4",3.29272823752117,0.519142270554292
"TGM1",4.29607503319736,0.382583052485949
"NDP",3.36060893210961,0.451303970641015
"NMU",3.60083629445685,0.615347452245243
"HPD",6.58886844722794,1.56454973168979
"ANKRD1",3.63965177878229,0.941884693774765
"USP5",5.16644120366702,0.462055497155682
"RAB33A",4.72178865683343,0.588737813309918
"GNB3",4.59130030578087,0.380761673927142
"SELP",6.47373903426338,0.792182216271349
"SLBP",8.5420806338371,0.438909463380298
"ZNF510",4.31389275919905,0.332344628014479
"SLC6A12",5.5758330886738,0.624216923782932
"DPYS",6.7754809505137,1.09784861471661
"UCN",4.19881208229056,0.385857592462791
"COLQ",4.34170894028936,0.429967861846992
"KEL",4.55526742591151,0.664030597962015
"HCP5",8.0825489757991,0.772061270837447
"ZNF35",4.84526496829529,0.374045745495368
"ZBTB6",4.04818406181085,0.473286971184045
"GINS1",4.76359143093067,0.551824396792998
"RAC3",3.83473947279968,0.377233290071863
"FUT1",4.55908069177646,0.364887168349478
"RNASE2",7.206149005027,0.884837472563919
"EGR3",4.09833483051765,0.765326849207638
"STAT4",6.6003514641271,0.937896104878959
"CD33",6.67161000710631,0.6724360619863
"AMPD1",4.11488485669628,1.19784782086335
"ADRA2C",5.23657039166664,0.473268806574022
"ASGR2",6.2892369112448,0.62011596748374
"CLPS",3.73405286877429,0.389941907438403
"ADAMDEC1",4.19699783874693,1.22085518047315
"MOCS3",4.27464354176398,0.331976582470115
"SCML2",5.69898919324301,0.441008262524548
"CHP2",4.34466430209964,0.677858163694831
"CD27",6.11346525647267,1.20163976224221
"CYP4F11",3.65629425743588,0.724974735529494
"RLBP1",3.57185469560165,0.392152575540723
"ABCC2",5.33891779030666,0.865768433747463
"PTX3",4.53515086088477,1.12552603919824
"GDF10",3.39458584241324,0.427296706595423
"APOBEC2",4.68163132570635,1.18084139192651
"ADRB2",6.83205864037953,0.657524671133997
"IL13RA2",4.26626608504497,0.787623956751713
"ZNF222",5.17889851075612,0.470593897930789
"ZNF134",5.21880125984433,0.38137836127931
"CRYBB1",3.53651358126336,0.322019246415906
"MPP3",4.25971888901984,0.346603282401893
"ZNF623",5.86457458299344,0.458681535603777
"NME5",5.90026817814016,0.524545229243266
"GRB14",6.08864905599952,0.63013091478536
"CD180",6.02332724267265,0.791661437915468
"CLC",7.59961952322586,1.03603448684104
"CETP",4.06575961034537,0.647749701988381
"SELE",4.07930076990524,0.816981782704206
"CPA2",3.60133118726256,0.356855390551973
"WNT10B",4.46839320482978,0.456993851886344
"PLA2G7",5.11195350572483,1.02970755093499
"SRPK3",4.12105725206616,0.556249461639622
"VAV1",6.6963273939455,0.723087549747008
"CST1",3.3199663752831,0.398563545892322
"CILP",4.63465657895119,1.01893338928091
"LHX1",4.3166184985769,0.485343984182301
"KCNN1",3.93264316883363,0.45155082714541
"MMP17",4.09180003873917,0.465299188383175
"SPINK1",5.5699163739648,1.22682000849666
"ZNF136",5.49068330457424,0.444084272203235
"TM4SF5",5.23755208646424,0.798510517760085
"TIMP4",4.13866313930477,0.610868994264844
"MICB",7.03704826774085,0.673954154325006
"EGF",6.53269236863418,1.20638882599118
"CPN1",3.95649515586337,0.360810700767688
"CCDC9",4.590273735825,0.338235187333728
"ST8SIA5",3.69410392190553,0.360173599974478
"PROC",5.12723642342688,0.718505402510387
"ZNF239",4.54441843838841,0.403686766838916
"ADH1C",5.3509403557723,0.766323984970749
"FMO4",6.55834195768047,0.771097916420913
"MATK",5.64033725324892,0.62704146574078
"LEFTY1",4.59035157749166,1.01980685664817
"GCM1",4.1186934188628,0.57855933538332
"TLR3",5.0888755227265,0.514593402774277
"LY6D",3.80643498924584,0.413483988250864
"P2RY2",4.14024936991864,0.506174215348443
"PRKY",4.52326584031482,0.725260070285096
"HOXA4",4.90421475299291,0.349362483044719
"NTS",3.41484467742707,0.597589447917575
"IL18",5.77607095244808,0.65875963981118
"CTRC",4.29240327583605,0.430351443262536
"MYBPH",3.79061597765966,0.491940684924169
"RYR3",3.73558560262883,0.590938512946069
"FOXD1",4.40497073159197,0.437959265384207
"PLA2G1B",3.58700379385548,0.428142023427579
"CRLF1",4.14331760461266,0.514764776369327
"KNTC1",4.99689473061447,0.511964083254605
"OPHN1",9.5166832508698,0.556351474837264
"SERPINA6",5.71292539015626,0.925544656265973
"EXTL1",3.75235147728683,0.400831395030593
"SHC3",3.92472000586383,0.289260335970754
"MSI1",3.44257861238659,0.338402928297348
"CXCL6",4.37639350449769,1.11702484017547
"CCR7",6.46747556777654,1.1801009325276
"LGI1",3.03367150210837,0.424242625041315
"APCS",3.83680948174031,0.383185764249614
"COX6A2",4.585015717039,0.959139715706781
"MAP3K10",4.59150622425549,0.381166311708723
"REN",5.64399626143781,1.24970675785798
"FOLR3",6.85633365089213,0.990406978090626
"MYF6",3.73241969284085,0.89114145706164
"HSPB3",3.65384881368304,0.944392680533602
"SCGB2A2",3.24127814222388,0.576062170271312
"CFP",6.9515145783612,0.661196208893689
"CDX2",4.01053369234146,0.365330831547716
"PF4",7.47951367029068,0.584182849700457
"TNNI2",5.36496083733499,1.4213732539376
"MYBPC2",3.69068097408873,1.15347632220239
"CD19",5.50430401783897,0.939297303030233
"SMCP",3.38435633896085,0.342120152521204
"LRRTM2",3.80298150822921,0.472419413834946
"NR0B2",4.69357049014078,0.537363145033889
"TCL1B",4.31731731771958,0.395977157521399
"ASAP2",7.35044318533706,0.686639021136945
"ZNF205",4.90267950788597,0.477998034720459
"CNGA1",4.02286194109441,0.437238000720406
"IGSF6",8.06998056346892,0.981059125646403
"SERPINB7",3.50531789017277,0.466358975947235
"ANGPTL7",3.6820952226176,0.579215709289251
"CDX1",4.24934917890319,0.480665086060954
"S1PR4",6.75634189717877,0.512809605839502
"EPYC",2.94861641928539,0.594791354636605
"PDE1B",4.33670478495322,0.382366185669116
"DIO1",6.49373036578638,1.20445036841425
"MT1H",10.4718858680822,0.854851271234416
"BMX",4.75137649869101,0.803739196741929
"LTC4S",4.47869550308161,0.52055586147447
"FHIT",5.54876915369504,0.731672316779426
"HINFP",6.65544034785155,0.313844688409552
"OCA2",3.94451985238291,0.405774672751487
"INSM1",3.32304522254442,0.448994636987549
"CYP24A1",5.256265886956,1.02602648304067
"SUPT3H",5.08634838639443,0.486936124225287
"CD70",4.36202447567336,0.469632919025342
"PIP",3.94180499973136,0.391033612404422
"AIM2",6.22370846767479,1.12003212393467
"CDH16",6.75181263879429,0.717816622339573
"RGS9",3.92965359736588,0.400839769490233
"MGAM",9.14401950799786,1.09703772485944
"T",4.26298825591707,0.373400832797599
"GABRR1",3.3030593245159,0.429078440044387
"SLC26A4",4.96501662831994,0.832319698840075
"SLC2A2",5.316513115864,0.99276635293667
"CYP4F12",5.16839998057312,0.498003400085888
"KLKB1",5.13261033807616,0.599566573172993
"NUP155",5.29482106343897,0.463216272691153
"TAC1",3.91891631016457,0.934435767530256
"TNP1",4.08808260893478,0.449815270502141
"NKX2-5",4.22656783579978,0.411357286152034
"LY96",8.08615926390383,1.19280486940141
"MKRN3",3.49409637272888,0.370291260430085
"CCT6B",5.11246164436394,0.465853983972709
"GFI1",4.473521186696,0.683693350837377
"INS",3.4197737441157,0.293172836294311
"SLC2A4",3.77068481399037,0.421246769453003
"LIPC",5.03072554556464,0.694663432439736
"CACNG1",4.27703226123291,0.554608048296464
"TAF1A",4.15296804173037,0.46559290405764
"GDF5",4.2103525244672,0.36788413182086
"RENBP",5.12544647136222,0.652426130350504
"EIF4H",9.96825770434691,0.392042419530899
"TRH",3.57762206192631,0.337475353037396
"PRPH2",3.98999008554058,0.458500981029328
"PTGER2",6.37010778080357,0.567310136616433
"APOBEC3B",4.72986714695398,1.80691669114394
"P2RY14",6.98755491539587,1.05850274723264
"HTR2B",4.70344913430004,0.759651799563177
"TNFRSF17",4.29087060937313,1.4333218503198
"DSG1",3.13305289752536,0.445606686108474
"GLI1",4.26787490547588,0.397199630037734
"MYOD1",3.74888169844471,0.378972166887766
"GZMK",7.73109660039165,1.37019905079417
"FLT3",4.53445968321428,0.644300388651678
"KRT31",3.63485085817776,0.468882432523573
"CD5L",3.87949526447601,0.569545099945898
"CLEC10A",5.95319141256816,1.01148325319219
"ZNF165",4.04250934525701,0.512482098667683
"PTPN6",8.29921669820063,0.633960983337028
"CPSF4",7.27484095239982,0.356608120562359
"IL7",4.4713936171778,0.579738095630399
"GPR143",4.5851205984662,0.455918634942795
"XK",6.44183759371182,0.79416793199451
"CHRNB1",4.7473838118036,0.438084899873547
"TULP1",4.16612403723442,0.359728739517611
"NTF3",4.26305270210415,0.408087016163854
"GPT",5.36762685102538,0.510790191740138
"LMO1",3.71837112072136,0.35072336840596
"HPGDS",4.3054138957761,0.614244622281025
"C9",3.25846314898201,0.489813430509711
"TNFRSF8",5.12348970500791,0.464938536139402
"WNT11",3.73055161205579,0.469287438312035
"ASGR1",5.4955379511448,0.561933909555404
"HOXC11",4.34028415715084,0.368016110416412
"BFSP1",3.70129471305317,0.416996187210476
"DFFB",5.26529732297752,0.468172417053766
"RDH16",3.97927457588423,0.391743034933917
"CHST7",5.9148924899049,0.672884488571487
"EDN2",3.91570367522308,0.447665727991229
"KCNA5",3.93898920122656,0.480309558976206
"FKBP6",3.96324740911286,0.392314341510564
"KCNJ2",7.98767311325275,0.753356420734027
"ITGA10",4.10832012625193,0.323612825405211
"RPL3L",4.24824012196754,1.00688561708172
"TMSB4Y",5.56268765692653,0.524425599644689
"UPK3A",4.10500242659125,0.405627751320969
"PTH2R",3.57700106834057,0.446329901547481
"LY6H",3.67615442308558,0.300992729225484
"CUBN",7.05726311444252,1.07812718234886
"AQP8",3.72426614543531,0.336433286838088
"PNMT",4.23992835553525,0.395293101524319
"NAT2",3.9505430731708,0.573748542206747
"SCGB1D2",4.53920584804461,0.909178867477303
"CD3G",6.42038224448206,1.3535687728494
"ADCY8",3.41342967883709,0.385010441608612
"CTF1",4.24225657435361,0.369314746209627
"TXK",5.24658825825456,0.663173671900585
"HBD",6.81185518299244,0.942256243058057
"SLC6A3",3.71304236301265,0.356418088014946
"ALX1",4.45650360942639,0.672803020934366
"TBX19",4.67419376705279,0.400989424962588
"AFM",5.42018846464553,1.21904867574769
"FBP2",3.64651293205861,0.720047771679756
"RASL10A",3.82410624753634,0.37295432911178
"RNASE3",5.68834216470849,0.884105833581079
"HYAL2",6.99635438290843,0.482781436938087
"LILRB5",3.86335606151038,0.515435986607928
"HOXC6",6.12621505709842,0.412688879536292
"STARD8",5.826687520437,0.445229492798016
"CHAD",3.63592987161347,0.327731944193411
"DAO",5.98584555100734,1.03171249245355
"GP9",5.55961187316968,0.653654351879501
"ACTN3",3.83816832031886,0.997179085930022
"AMHR2",3.99255905347817,0.355873990219911
"APOA4",4.09618948792754,0.427290903523109
"C19orf57",4.12344991084507,0.348893399735001
"ICAM5",3.77775442305335,0.393465866614164
"TNFSF9",4.07122564181528,0.427601744792439
"CFHR2",4.09222115536875,0.480373115694663
"CRTAM",5.50194264820753,1.05815711714484
"CH25H",4.02814466995086,0.668991049769616
"SEMA3E",3.27981399689544,0.506092174376924
"PMCH",3.39797073122392,0.601335127414459
"B3GALT5",3.38917462792286,0.395790586602163
"RUSC1",6.27102083089734,0.456274876774365
"LPAR4",3.63096392574616,0.527287379215707
"CCNT1",6.00864293441202,0.648082663766863
"LTA",3.93359605849527,0.397743884545857
"C8B",3.81782810516994,0.411357144841155
"SCN4A",3.93079081571898,0.411610628043318
"CCR6",4.75603065510333,0.852509129409066
"HSD17B3",4.04893170937684,0.403262661297667
"CCL25",3.69806425220328,0.383516027783798
"IL12RB2",3.62172954863969,0.435358283271976
"GUCA2A",3.9995435420188,0.431113962684911
"CCDC106",4.60639060853261,0.513545814781009
"CXCR2",7.47367931802624,0.499085794780159
"AKAP4",3.97047681695101,0.394608272472424
"CHRND",3.91896106258964,0.447473975576951
"SLC30A3",4.49435149963179,0.396619988291463
"HAVCR1",4.00916281183004,0.672579688991206
"PAX9",3.47677081920525,0.426461506629012
"AOC2",4.56448189806429,0.530919833709032
"HRC",3.78699392421495,0.639819148519804
"ZFP37",3.95162829756667,0.342970481558532
"ACO1",7.30391695483763,0.660740919688926
"IL18RAP",6.99474009099223,0.758007660019905
"CELA2B",4.00237212438055,0.443673226249464
"P2RX7",4.86438782001092,0.637685044813945
"LEP",3.81781577259574,0.681022791509855
"SLC10A2",5.35003697359972,0.943972173306934
"SLC17A2",3.64271449565305,0.397562397306276
"KCND2",3.01292800487057,0.561485306255462
"TNF",5.24430369126502,0.552633537085033
"LY6G6C",4.20189597967259,0.35836718240499
"MAPK6",7.34304916222733,0.639770514369388
"MATN4",3.81408258151282,0.321009569951402
"ARR3",4.0231671861992,0.321430392006309
"ATP4A",3.83457979322098,0.421918218625557
"CITED1",3.57050350862627,0.357821303885445
"MSTN",3.22936177840727,0.518828627903556
"GLMN",5.64890642386019,0.445630363541885
"DIO3",3.95054099076625,0.354255422440625
"IL12A",3.7406558004745,0.375358950699911
"AKT1",7.47245186971883,0.416245470372384
"LETMD1",8.0642199879616,0.457126872968054
"GPC5",5.03345886925452,0.99567564142096
"ADIPOQ",3.8147256515429,1.15276834725144
"FRK",4.98626843554308,0.488013510658581
"CASP7",6.90686458575687,0.577182000751035
"GPR19",3.73848194604293,0.475379023995988
"SLC10A1",3.81747357001511,0.545252417499222
"ISLR",4.39650021623481,0.578529009795733
"DNASE1L2",3.73039192455202,0.357532029272418
"ICAM4",5.01516115497629,0.565678537454736
"SLC22A1",4.25059324880071,0.534881885518615
"FSCN2",3.65982460496524,0.403230952841651
"CEACAM4",6.02138209161323,0.534177275893156
"GSTTP1",3.86805833802732,0.381754974981027
"ART4",3.87386650088516,0.455722425434828
"HIST1H2BN",3.7922154785831,0.413254261792086
"PRKACG",3.93252497887187,0.392284345913134
"KCNA3",4.37735418188605,0.891038924449162
"DSCR4",3.61799274597682,0.306938418717808
"FEV",3.69955100935531,0.359083246103544
"CD300C",5.11884890186146,0.467916277320233
"MYOG",3.84705987976813,0.43930245629775
"SLC17A3",6.96472791078473,1.18413755686069
"SGCG",3.36916993135933,0.875112482733576
"TCF15",4.23749219109698,0.454207048263214
"DOC2B",4.07795194374308,0.427950953664064
"CD226",4.63775776269916,0.616942346508466
"HAS1",3.44020571717803,0.430908877625007
"CASQ2",4.25111853457717,0.98416445739075
"DSC1",3.32735844498828,0.551221926670995
"ALOX15",3.66587391400846,0.407289027235101
"AKAP3",3.92041711467963,0.326890331112817
"SH2D2A",5.37514031865991,0.72440489542868
"HMX1",4.63719442791022,0.510865369713698
"CCL16",3.58608113321598,0.393514527764061
"KCNS1",4.24300329891095,0.453446304534452
"ATP12A",4.14801124648571,0.478171003791246
"HTR1D",3.46122830462195,0.330406102717881
"IL15RA",6.08912798007614,0.649319972402919
"VENTX",4.27389049834261,0.443596214837012
"ALOX12B",3.39042965693442,0.341797492227208
"RHBDL1",3.63563729040319,0.384772014242976
"PGLYRP1",5.84253642866786,0.840450608057353
"CYP7B1",4.11442486524842,0.385355449384738
"GP1BA",4.51314763255267,0.528108325520616
"ALG3",5.98070992558956,0.406832462995952
"BFSP2",3.72426674280213,0.386718420089044
"NPY5R",4.32148606585186,0.494034370951031
"ZNF132",3.79995050333557,0.315674466624399
"SLC22A14",4.48817566251849,0.373752953678836
"CELP",3.6385247899707,0.36916221427242
"SCN5A",3.77427322083257,0.394583598560554
"MYF5",3.31201823779376,0.472805088700836
"TNFSF4",5.38018830190438,0.645267814180444
"SLC22A2",6.81011620840341,0.805796827925395
"SNUPN",7.59359864181428,0.387602981381331
"CSF3",4.0415220285002,0.398277852039148
"SLC22A13",3.94204563429726,0.561218589438833
"NKX2-8",3.76649565046851,0.341063049760114
"GZMM",5.7766733717732,0.731942708090556
"PIR",4.99207695518329,0.500342213653401
"MLN",3.59029953049674,0.365845850128599
"FABP2",3.67050333332951,0.420041981597658
"MEIS2",5.9287499655478,0.46968419542939
"TP53TG5",3.97839414309437,0.395325503574673
"ZNF76",5.51957043133016,0.467600756568076
"CASP5",5.15557697371411,0.6839628893808
"CA7",3.92400809957206,0.41318553068996
"LAIR2",5.39777072069079,1.137453189884
"BDKRB1",3.87041412452962,0.367430382140538
"ZNF189",7.19033073420716,0.483652445714134
"CHRNB4",3.45864039593511,0.450074394328477
"GIPC1",6.1873185800985,0.486365959206793
"CRYGC",3.72405579297956,0.389321075193733
"CRYGD",3.71374628118441,0.366024945081271
"PITX2",3.32526022267116,0.52950547082445
"CHRNA6",3.82109146120711,0.345524938097056
"OXT",3.88925068515389,0.559110651027999
"RPL36AL",11.0141006198431,0.448953860259256
"ADRA1B",3.59112549365303,0.433426952129972
"SULT1B1",5.0918326884962,0.661780837351653
"TMPRSS11D",3.72226686473761,0.358440441764885
"ARHGAP12",6.38149831706902,0.661885021907614
"WNT8B",3.75289060315367,0.367968289081839
"BCS1L",6.84321837586642,0.469843192620884
"HCRTR1",3.48700147910728,0.381162367954714
"PEMT",6.33395270109163,0.547693261396022
"RPGR",5.79832468230279,0.752276477978389
"KCNH1",3.561413247013,0.384349049281832
"FZD9",3.53401751478787,0.3375819868395
"NTN3",3.61741867911678,0.395110485668537
"TNFRSF13B",4.57018510697797,0.386150182313855
"TNFRSF1A",9.05700868138592,0.479821230750712
"GPR171",6.94331783138883,1.32804121309838
"BLNK",7.55065050139572,0.882453610325491
"KRT83",3.76476058414612,0.295933667042634
"KRT85",3.89359623541727,0.399614637567684
"NPHS1",4.46056504272125,0.683451164373398
"CRYBB3",4.10226824309027,0.411759591394611
"ALX3",3.68673099879435,0.419126205114111
"NINL",5.68958935446155,0.565887406195975
"SEC13",9.22306348421688,0.395103760030735
"LCE2B",3.32268948568058,0.433890121213792
"SERPINH1",5.31596474233788,0.680455528740785
"LOR",3.60902562519193,0.427869279761892
"BTBD2",5.29229664305966,0.447727614569356
"MUTYH",6.44653041957959,0.450261808769486
"SLC5A2",6.18937555526221,0.804283744912532
"KRT33B",3.69069325451332,0.429775356568934
"OPRD1",3.62041036732193,0.386867955987076
"PROS1",7.36159718048699,0.741327925404348
"ATP6AP1",9.07505032922293,0.480280787367787
"FDXR",4.58388926952686,0.404061580931695
"DEFA6",3.68077029449234,0.310231032026098
"ADH1A",3.86507438690012,0.379825762178357
"ID3",6.63520205444296,0.769352947318048
"PPP1R8",8.16582789712706,0.412428885662378
"CD160",5.75097876817557,0.943637616149266
"IL13",3.98235176451358,0.362592475901543
"CXCL3",3.85708743557627,0.461128208240033
"SNCB",3.80007610040322,0.27199208846059
"CCL22",4.05115013893731,0.429858467493035
"CHRNA2",4.68714622837137,0.37329828726713
"FLNC",5.2203578431973,0.635187652121802
"NVL",6.23766679396177,0.466747791875919
"GUCY2D",3.98706293292667,0.369667308759984
"CD40LG",4.5294302272151,0.508981561468508
"CCL17",3.82175378826372,0.449466597456965
"IL12B",3.14177665925905,0.446764343767149
"TNFSF14",5.81714894679697,0.620219146778988
"KRT2",3.66802414542684,0.429635151789124
"TGM5",4.13758279346642,0.421328701373483
"CST5",3.66009486241125,0.382541620593125
"KRT13",3.33913971343546,0.458971512716613
"IFNA4",3.65443060828174,0.473870839697133
"NEUROG3",3.72229431058872,0.414982860728827
"GLRA1",3.8561816684459,0.450528928931322
"FOXI1",4.89667824920334,0.606461332953543
"ARHGEF16",4.90699041848696,0.3728367032599
"HCK",8.19058252477564,0.823465056428495
"PROZ",5.18606312407574,0.829942005437611
"MADCAM1",5.06139039507867,0.407453779929546
"IL1RL2",3.60088622326141,0.382353006368396
"MYBPC3",5.14001604097771,0.465793962803855
"CBFA2T3",5.77616678882141,0.521870102050067
"GTF2B",8.76767303836235,0.40483542295026
"DGKD",7.50909028170296,0.452647323086725
"AIRE",4.06500212423752,0.367846377844789
"VOPP1",9.42030191197579,0.509818394438309
"NDEL1",8.10320310986438,0.43409086863041
"CCDC130",7.09251213895714,0.435404926870307
"COL21A1",4.08168328094248,0.549719429779112
"SEMA6C",4.41857499109131,0.430589338905757
"URM1",6.69572767447711,0.387606305384935
"PSD",4.02338651264904,0.373219263195586
"GIPR",4.35044681488075,0.406950996258293
"TBXAS1",6.8262177133068,0.541243449650107
"CPVL",9.84604070980876,0.625127907550623
"FAT2",3.53949831619489,0.347713979599907
"PRSS16",4.02781190530533,0.50921100777402
"CHIT1",3.94032608429616,1.00681547141296
"LSR",5.20217378551378,0.486626246507243
"CAV3",4.02822534768061,0.672242730090279
"C4BPB",3.86957183166683,0.321000873491985
"DRD4",3.38164525954147,0.334855136148102
"GABRR2",4.20018163960987,0.419161384866892
"HOXB1",3.87946725924258,0.510402054413688
"BMP3",3.42635415703216,0.408041615220235
"DMBT1",4.21520719768599,0.359388888393524
"PITX3",3.75719408573382,0.396267329901971
"PTPRH",3.93288884224125,0.427475321988174
"GPI",8.63444454804491,0.582390323788758
"RRH",3.6942203117636,0.429003164839314
"ANXA13",4.5946275256364,0.812662312032954
"CYP2A13",4.44160201909849,0.440357676311704
"POLR3D",4.70379977428555,0.400602107795914
"P2RY6",4.76826311384782,0.428708499243683
"CCR4",3.54016827783685,0.385617986350402
"CACNA1F",3.68101990876965,0.358454865749512
"PCK1",7.34984521977799,1.04529188553575
"ESM1",4.58561790077005,0.642933420746053
"TBPL1",7.90038975694617,0.430913766666817
"GRAP2",5.55679846988012,0.511779827336488
"FGF6",4.4979901468916,0.37354015881539
"IRF7",7.29727796245473,0.697708854355744
"CLCN1",3.86012570929959,0.400436008061068
"FGR",8.21328304827326,0.697401296362647
"LGALS2",9.17923931031704,1.08092652069608
"KRT33A",3.64388812127397,0.331161352163399
"HIST1H1A",3.84294771692943,0.410105453682701
"LMX1B",3.62324286691406,0.347738801871189
"SLC6A7",3.77390065943615,0.289030392855553
"PCDHB11",3.50353254036877,0.289273992412479
"PPARG",4.89378776540042,0.448186857478177
"MTNR1B",3.53554923980724,0.360256247165663
"HIST1H2BE",6.82021052550123,0.68161993223926
"GPR31",3.6821622135091,0.363543522373429
"NTRK1",3.43600652584833,0.347435195936473
"DDB1",8.7379942903945,0.434162771342464
"PCBP1",9.95629338116761,0.502602025973197
"VAT1",7.91669942515814,0.556491513026865
"PARP1",7.5399746481413,0.495871463287189
"CLIC1",11.0603194690656,0.502153678986478
"CS",9.35151743556366,0.42132912575362
"HMGN2",11.2024033104463,0.312857519361124
"SERINC1",10.2974832119545,0.561130450717653
"BSG",8.32977775790757,0.768555894017734
"ATP6V1E1",10.1420527064161,0.391434821363919
"PRDX1",10.8656583701226,0.40624166361981
"PDLIM1",8.78519660165039,0.627024855200286
"GARS",8.81716491599799,0.383086757921998
"EIF3E",10.6002184981326,0.459239646555022
"OXA1L",9.33719934671653,0.50829385833209
"USP11",7.68016210197642,0.61907720021402
"ATIC",8.35342031698893,0.550866973509646
"NCSTN",7.15408069893575,0.479958342309085
"MRPL3",9.31414934808642,0.580391498129289
"CCNG1",9.8968384862444,0.50132774371147
"PSMB5",8.64471043846803,0.429304650889181
"GOT1",7.60968961605528,0.647721119233814
"RAB8A",9.54633765709415,0.38119153175505
"PSMB6",9.55848734499168,0.459520302356259
"POLE3",7.3823902334731,0.534190090434829
"TMED3",6.72979134315108,0.542065671392662
"LCP1",9.2996185508447,0.969903989868871
"H1F0",7.40268600980004,0.624097271901687
"EIF3G",9.14162241325588,0.55845776779902
"UQCRFS1",10.4763780856753,0.458662271422936
"SLC1A5",6.43773719249655,0.735991818450663
"NXF1",8.58786432561732,0.530267999613152
"RNF11",9.68295169376555,0.576522933676481
"POR",6.77770219996157,0.643260746410452
"PPP4C",7.58327704984531,0.520855873734624
"ID1",5.82777912339146,0.734983299486876
"PRCC",6.56266574667566,0.514134112982624
"NDUFA9",9.05841119918073,0.462337388182214
"ATP5G1",8.83466201591203,0.541741720375796
"ERI3",5.0906827376147,0.557017972271196
"CRIP2",5.00274642257556,0.604600786906716
"CALCOCO1",6.68694144744372,0.428352552761375
"MAGED1",8.36774970910338,0.495411710474575
"COPS7A",7.99384347847504,0.386275738429119
"PNRC1",9.86188163521911,0.419206879572657
"MDK",4.74921177208526,0.517053135159981
"PSMB8",9.11887332364378,0.748509433994421
"PAPSS1",8.85232554843974,0.433807962810548
"SF3B4",7.68065097474098,0.468294731495109
"GABARAPL2",10.9657092734852,0.411092589878465
"CORO1A",8.37906087683412,1.08822774037305
"GLOD4",8.0679232188087,0.520602140014053
"UBE2V2",7.29687013933603,0.618952568221978
"IFRD2",7.38442537055499,0.552996668351945
"CTGF",6.4254131484663,0.580548038839897
"UFD1L",9.18430016862786,0.43552884566888
"RGL2",8.07430728897066,0.453059683377089
"CDKN1B",9.30616553178834,0.487032414568456
"TSPAN1",7.18055167012998,0.747049231637198
"UBA3",9.09140501738871,0.477455912301341
"WBP2",7.92006907171825,0.547503285910094
"TUBA1A",10.7880211685356,0.573007716066665
"MYD88",9.79365860021042,0.438917827188042
"CLNS1A",8.68819130917781,0.516259785184576
"NDRG4",3.87216346510729,0.325726013123106
"AKR1C3",9.01413681787949,0.924543170486021
"AATF",7.96053675535448,0.460942356248049
"MAN2B1",7.84262152528667,0.585983028695952
"ITPA",8.25404778294466,0.426688608110461
"NDUFAF3",8.86972831343307,0.51286286669498
"DHX38",5.91268726500042,0.420457604881221
"FOS",6.83140971820058,1.1163469044303
"PIM1",7.96740788038687,0.596176749050917
"CETN2",9.22223685021969,0.437068955371915
"ADCY6",4.90953090088692,0.404618395931121
"WDR46",5.8757518495607,0.491392159998584
"CBR1",7.8356820540268,0.574083592137897
"MFSD10",6.45905742334098,0.43566644146117
"NUPR1",5.95871524247929,0.56513644128652
"NFKB1",7.83611844552441,0.50319330320451
"HARS2",7.65753521061798,0.384973185785394
"LAMB3",4.17307976775754,0.404927703163954
"NECAP1",7.33884149000784,0.465199818315473
"CA2",9.30317851239121,0.900921037748378
"POLR2H",7.83935159428912,0.477841986954052
"BNIP2",7.85103008547205,0.626287007834741
"ULK1",6.68961936079984,0.450208596151755
"SIAH2",8.1809149062837,0.582711394119991
"UAP1",7.28859852928962,0.609713242499287
"EFHD1",7.00066635483576,0.640095578955132
"KRT14",3.33956777168805,0.466410024049069
"TNFRSF14",7.80365610670064,0.435649543072192
"PCBP4",5.54719395997851,0.453437191796202
"ECM1",4.72693644256086,0.481359820046379
"EPHX2",6.52299432871699,0.93216353651259
"ANXA3",8.20891726647607,0.870126791788761
"MALL",5.18131738517087,0.433509460591782
"XPC",8.14028842301346,0.447290620254709
"TSC1",7.72169667460768,0.404947681943692
"DPM2",7.8900560656525,0.622114663527053
"HIST1H1C",8.46018750523153,0.71266497558881
"B4GALT2",5.08473317797901,0.429170081861161
"IFI35",7.88173319186823,0.670133213310625
"MSH2",5.38815465370516,0.626548135172474
"BTAF1",7.9952282774866,0.643439662943656
"CREB3",6.86290455996582,0.490321825188043
"SERPINA5",6.68603342783645,0.759900945301984
"LSM2",7.63643425723837,0.489934386912922
"TEAD3",4.45461486396895,0.357046293061227
"DUSP5",5.83516278993802,0.761664948799678
"WDR18",6.26085045132261,0.62100338992157
"APLP1",3.83523130603119,0.376841965626631
"TAF12",7.00444192026255,0.638826290133403
"EMD",7.23740107146648,0.440360156843044
"STRA13",7.79916251175793,0.492745378221829
"CCDC28A",9.18368314451925,0.412107463638897
"UTP3",8.14787902702629,0.446286511215726
"RARRES2",6.39557071647564,0.542228639842926
"RBM4B",7.111394502214,0.436446732340527
"PSMC5",9.55440975114064,0.489462495293334
"RPA3",8.44153835030589,0.484954973943923
"DPAGT1",7.0085397138982,0.475185785764163
"RNF139",8.47162714273057,0.468502946515573
"ASH2L",8.43088440971002,0.369845459485502
"AMOT",4.01792082158166,0.37857671919106
"GSTZ1",5.907285995865,0.57333408832014
"EXTL2",6.33803140635278,0.525752261318435
"ZNF32",7.12076491629246,0.550775682507393
"ARHGEF6",8.70207910272915,0.588428228550348
"CD34",5.23710673290371,0.423255117214431
"APOL1",7.16672662236167,0.773729952604163
"NDN",5.757164756709,0.458184093780388
"DLK1",3.67837056561665,0.692906360117007
"THBS3",6.0980678782484,0.475452107006768
"RNF113A",7.91807872250436,0.391983664410387
"INSIG2",6.54725181781119,0.635242589958271
"RRS1",6.93914189986812,0.513566436080263
"RGL1",7.14324699282305,0.532166306675953
"CIR1",7.31896949185509,0.482729889907135
"IL10RB",8.41765669432899,0.453105128904471
"APOBEC3C",6.73516017978925,0.44212510784287
"MINPP1",7.16585619568749,0.638308867942765
"TOR1B",7.72653116780395,0.442607221450113
"GTF2F2",5.69112568960936,0.521590719521298
"MXRA5",5.61309998894803,0.636804329904093
"TST",9.60656528037632,0.75388757621361
"ACAT2",6.5859651840193,0.455018293810324
"ABCB7",7.77718951620382,0.383492292231503
"PIGH",6.95500285770023,0.553826124937079
"PLD2",4.97546007650852,0.393870461618098
"TGFB1I1",5.90127222100251,0.680913158299806
"TTR",4.54668429826804,0.613835025055756
"CETN3",6.45578618448043,0.772896840879705
"CHUK",7.13787126113612,0.565807012926294
"CRY1",6.61835652809471,0.660211627344797
"SMAGP",6.27324564858094,0.646829947208808
"EYA2",4.27662944094556,0.4464562712961
"PTS",7.03181697053257,0.56743914622498
"FBP1",8.73259250687819,0.999530459443416
"FTO",8.62781427392759,0.470128895622162
"UTP20",6.01611586481098,0.504735972949758
"CA11",4.81913752756182,0.361668955757488
"NTHL1",4.85150006254677,0.415520996160179
"NCKAP1L",7.12182983830203,0.771823961571474
"ABCG2",5.79227130813059,0.879523762891344
"MYL2",4.02901417120856,1.85058683552898
"REG1A",4.55011197025306,1.23023815494225
"CHRDL1",5.46183743570669,0.680559645655206
"CORO2B",4.51459657851072,0.532486442129346
"CD69",5.34209370954446,1.34876697030532
"KRT16",3.51286093828639,0.410923434406169
"PHLDA2",4.13028601606008,0.697927874324107
"DCLRE1A",5.24672722189317,0.387847526857382
"HIST1H2BK",8.75151885377825,0.720595449840132
"TBL3",5.30980193185198,0.504256892710271
"VLDLR",5.3056066631386,0.540548383858254
"SLC9A3R2",3.78358600728211,0.554580995573499
"CRADD",6.38401235866079,0.552778096269241
"AP4M1",5.02024981367156,0.443102372553681
"FRAT2",8.37840435732767,0.424652754367216
"ADRA2A",4.35278834554667,0.684455153888302
"MYL1",4.38585359981456,1.93273797709876
"SEC31B",5.48001696387467,0.603507845671222
"SPC25",3.31390678248262,0.519051237338456
"SLIT2",5.72061088176717,0.673025956817378
"PUF60",8.41915159168049,0.41925952379185
"TNNC1",4.53070183593295,1.43390762282137
"MSC",3.85221816219612,0.38524650979218
"TM4SF4",3.89370786275444,0.470467259129329
"PARP3",5.02540973855619,0.341096891018523
"VEGFC",4.71940314819895,0.456010437713041
"NCF2",8.26778837027513,0.85373547821529
"VILL",4.87232425690543,0.447967234540767
"CDC37",7.50423423244223,0.59101882295312
"FAP",3.843150307443,0.818962114403699
"NPPA",4.67234409423022,0.417261013458317
"NFKBIL1",4.97971040723427,0.450788461749726
"CSDC2",4.93560382881744,0.678468362326414
"OLR1",4.84471203308374,1.01901137557907
"ABHD14A",7.09303999462529,0.758182099652022
"SLC25A1",6.44780565184877,0.651834171889569
"CCNO",3.99116395128405,0.471943429623193
"UBE2E3",9.31833400748232,0.431480880171028
"APEX1",9.87973796049917,0.438840416934697
"IDO1",5.87357890121303,1.41151995153046
"CD247",7.27232334614302,0.91927723093579
"NOS2",3.70202229186202,0.344447632423542
"PGM3",5.19562796835138,0.479893083964154
"TPX2",4.09925803050381,0.535565176551076
"HAUS3",5.885026247685,0.650065341180235
"RND1",4.30581417316732,0.433885492395722
"PDE6G",4.39328027394287,0.398583316595371
"CCL19",5.90988622658293,1.30645656014371
"MARCH2",8.36754941610864,0.672939140119535
"RPL39L",4.88798604885197,0.531891295694965
"SPAG1",5.23991654732185,0.68946105068707
"BANF1",7.69121733065153,0.569550331302318
"TM7SF2",5.94237133395344,0.642969809021942
"EFNA3",4.61946668802585,0.357453195230803
"CCL11",4.71865839616435,0.775100449771091
"PMP22",5.92404981958034,0.638392599806
"CST7",8.08824201074651,0.98171360066655
"INHA",3.91301006355305,0.369212407735569
"PLA2G4A",5.80633528127053,0.784157833975306
"ART3",3.39894073147789,0.8202317568887
"LAMA5",5.83859997885885,0.508043126150245
"MYOC",3.77446744323551,0.602074885041436
"GZMB",7.3263780753318,1.17094184605255
"TLR5",7.18927966307928,0.606832146721719
"C6",4.71780849739387,0.565497694391492
"SEC14L5",4.25307760970005,0.464129950996472
"TLR1",7.40525574867233,0.638415689556398
"PLP1",3.26542635951212,0.526152214897713
"CRYAA",5.27518523386689,1.10784199865489
"B3GALT4",6.63828478985123,0.417727070616286
"EIF6",8.95978999515359,0.498895711036859
"FZD2",5.4536183699436,0.662105384337841
"GRM4",4.04206138087588,0.402151651579071
"IRX5",4.38628476310241,0.733410611652336
"CDKN2D",6.00256611274697,0.510317522530856
"CAMP",6.9637910698757,0.785504636995791
"WNT7A",3.70793953512408,0.37541963785127
"CRISP2",3.92069994328818,0.82024391672376
"KCNF1",4.04459631685676,0.409828641434322
"GPR35",4.62619525332252,0.444515788400934
"GPR18",6.63117921334966,1.01644051155169
"MPZ",4.73158054811614,0.462682798237555
"KLRG1",5.61765728178365,0.861295699839071
"REM1",4.62145015299381,0.411948481266734
"KLHL25",4.60831204973629,0.374523986709215
"LILRA4",4.71107852005634,0.663522568204497
"RBP3",3.52420828980007,0.38000017845914
"GZMH",7.06360182154433,1.18781682245358
"TEKT2",3.76574293981223,0.408719308926501
"C8G",3.49524370273497,0.427305884678275
"CD1A",4.55007181882991,0.422914740664517
"GNMT",3.88851339618892,0.440831388777185
"NR5A1",3.58198327815688,0.360758115612551
"RASSF9",4.33295054202309,0.492851955797245
"IFNG",4.06934649072958,0.834651354508497
"SSNA1",7.33799781780045,0.4571645173798
"MTX1",8.60630786586013,0.456218682061857
"DEFB1",7.80371206037255,0.791775277557005
"P2RX1",5.95144989572153,0.578941924752645
"FLRT1",4.20573434734979,0.515855041206185
"CHEK2",4.66084566463768,0.462989953235625
"BARX2",3.97229546101346,0.356407358490845
"HGS",6.92471378526412,0.572917932413325
"ICOS",4.24471059385762,0.91527795455422
"P2RX5",6.41894481630263,0.991893319528384
"KCNJ6",3.388799925033,0.391125794089966
"BIRC3",7.24310543537456,1.05309847368336
"GCGR",4.3453895475154,0.441375804506753
"TP53I3",7.51764770103323,0.663678372911386
"HYAL1",6.29204417299261,0.663715135591509
"MOGS",6.14709405265657,0.448103502290925
"SGCA",3.61271820815964,0.584929368834874
"CCIN",3.45850188981696,0.300830662633662
"SOAT2",4.07464058717027,0.408158242432437
"NRTN",3.43689295948959,0.517902086905977
"CLDN14",4.54202638931794,0.505475456910051
"EPB42",7.41255306233587,0.590338549360632
"RGN",6.05032736852227,0.758353865813356
"NCOA4",11.9506720378622,0.369994624505543
"HTR1B",3.48711071377975,0.40010164307763
"ANXA2P1",3.95431275301515,0.403448018924973
"RAB11FIP5",6.46587025923191,0.550172355867542
"ITIH1",3.69763228732046,0.34222497281354
"FCGR2B",6.86800401111848,0.998207836940006
"PDCD10",9.27535903899139,0.585800156222099
"PFKM",7.43289876175219,0.523146514207166
"HSF4",4.25698324404291,0.47535592934774
"CLIP2",4.36019432941513,0.540297847286101
"MLLT11",6.560873928872,0.711088547179767
"AURKC",3.88831133699424,0.337219407737812
"HGC6.3",4.44005104356526,0.428447909717068
"IFNA21",3.71239135320558,0.527563926995315
"GCK",3.53518265735586,0.293383767190435
"PSTPIP1",6.72418454351311,0.552434948787906
"PROP1",3.83091512877019,0.32422242047625
"FUT5",4.44040967457036,0.425893201499646
"PTPRU",4.68280729464095,0.359810776360434
"ITK",6.31382499807276,1.17456473705273
"CCRL2",5.18972880164896,0.673852727452802
"RAB36",5.15187191340972,0.514078931770464
"BMP4",4.58859131181216,0.460136987193348
"HSPA2",6.21783200144335,0.722339690681279
"RAPSN",3.55475026915306,0.486895674542616
"FBL",9.29492212979746,0.534913410576667
"DYNC1I2",8.88601316615354,0.416743969797444
"MAK16",7.36070163082211,0.493641131166323
"EVI2B",9.21090659988927,1.09769413154774
"RLN1",3.49102782257347,0.402915771332678
"MMACHC",4.94367408629362,0.384328795017743
"MYO1A",3.88572083992,0.290972209014889
"MYH9",8.35282953562522,0.525005663015249
"ARL6IP1",10.1458472658648,0.423881200459505
"TMEM123",9.8627157735113,0.564911902448943
"ARFGAP2",7.68778344749854,0.383460306426918
"TOP2B",9.59412019772086,0.368120048559014
"ATP6V0D1",9.65207974957173,0.570452350115084
"MAPK3",6.81893810612887,0.467771019886855
"RNF167",7.6466922226067,0.435746359304826
"TRPC4AP",6.56151553554728,0.362379071837503
"C1R",6.12765494222223,0.728369532269764
"ERAL1",6.17938174584244,0.560419839955535
"PMPCA",7.35479493242267,0.431331129755097
"GRINA",7.18805865597331,0.726400837907513
"SUN2",8.50524041929769,0.427715236568323
"MRPS27",7.7768461076335,0.489767937249482
"PLEKHM2",6.42205232590401,0.45194760102399
"VPS39",6.79340832135301,0.485411492906718
"XPOT",7.82897417173278,0.524144884497456
"FKBP9",7.03171836150931,0.575663740616313
"COG4",7.24193386061031,0.43445896031003
"MRFAP1L1",8.82424974579389,0.532744055108237
"IFITM3",11.7503831876455,0.527427799070123
"ALDH1A1",9.21789188676541,0.716918595658808
"TUBA4A",9.16716619158489,0.517465274523824
"PSMD14",8.73265197597695,0.47821087538221
"CHMP7",7.77436968767555,0.407674643957464
"SCAP",7.79157820397865,0.476232319086906
"AMPD2",8.16702294254483,0.456278940955395
"FAM102A",6.66328514320471,0.846544288342281
"RBM38",8.24095688236322,0.622444362051084
"CENPB",5.57783290704763,0.432534825213658
"IP6K1",7.08684831020778,0.434979887626441
"MOAP1",8.43772543192216,0.421039028496978
"GPD1L",8.11962492860474,0.502916701900389
"CARM1",7.86084091204965,0.716434707700207
"PIP5K1C",6.05246753492696,0.490643883554956
"NEK7",9.33132963923752,0.580716078541745
"LCN2",7.47769666692335,1.40759733675999
"CDC34",8.44445496212882,0.556193621797227
"ZNHIT3",8.06866841473168,0.583909683495645
"SCRIB",6.45767943004229,0.569573741453617
"SPRY1",5.47674768983607,0.441802791787396
"DENND5A",9.29004711752322,0.429033406273318
"MGRN1",7.79785022950342,0.496329803266717
"CHN1",4.97432486773273,0.491708937838121
"STX10",8.13285413989983,0.435801378102885
"RRAS",6.8494552636363,0.595779813786227
"RHOBTB1",7.09299149192635,0.776195295005025
"LHFPL2",6.73482418129716,0.669627908015014
"TIPARP",8.07192659962785,0.479491825049853
"METAP1",7.75591811772584,0.489355461382149
"DDHD2",7.03930543297975,0.655503639032495
"CRY2",6.51127032602572,0.514154340245075
"FAM134C",8.56791076245742,0.580865672225883
"MFAP4",4.61943691085453,0.742022906411407
"PHLPP1",5.51942076124024,0.595687064455393
"RND3",5.72910650549977,0.549873315527864
"ANKRD46",6.73386991369523,0.735807857208181
"NME4",7.77242715539373,0.59550397798254
"ANKS1A",7.32992578997553,0.405488731981257
"MTG1",6.52344659820362,0.506602304957401
"OLFM4",6.21138672099852,1.74067654807428
"CIC",6.45319266171238,0.45860028140677
"NCAPD3",4.9515456953926,0.415127320402596
"C1orf216",5.23194248988873,0.510418068091182
"DAAM2",5.37035372012783,0.581024507971216
"ANKMY2",7.83196937505705,0.478497991532354
"SERINC5",8.31007721693216,0.476899118031799
"PAXIP1",6.13400065037765,0.457239278230965
"AXIN1",6.41472964191088,0.346968368601182
"GRAMD4",6.03767916612784,0.454658651927614
"PAQR4",4.74022063979694,0.452790601612593
"MFSD5",7.49594763296756,0.426908588583388
"MAPKAPK5",5.9319435629981,0.50124350222446
"C2CD2",6.09585750865711,0.509332801360592
"MPHOSPH10",7.84017822403738,0.507699221676675
"ZNF282",4.92557025641444,0.415442936877393
"SUPV3L1",7.00304877499812,0.49312747261081
"GRAMD1B",6.11962150478569,0.661993290699859
"LYPD1",4.10440686398928,0.532040030742192
"CBX7",8.15923192111463,0.484060900236536
"TSPYL4",7.64838842039374,0.474132555490405
"SLC9A8",6.55311124946692,0.479975512266291
"CAMTA2",6.59532504895473,0.467163421380978
"NCAPH",3.6248599564951,0.396109274323791
"DYRK4",6.99310347484601,0.394517595920767
"POLR2I",8.51686384938418,0.532927071501041
"RPIA",8.47286549963821,0.541645291021952
"HRAS",5.997628237289,0.478909605521476
"SGMS1",6.75244658337039,0.678672000904587
"MORC3",7.96376937086027,0.53204451403176
"NEDD4",5.52475768956822,0.566861122550089
"ABHD3",8.2572067855335,0.65194296354857
"ARHGEF18",9.00804187600615,0.435270556037341
"MED24",5.41366439540234,0.417355869581588
"CHI3L2",4.96338568993618,0.798686088589324
"OLFML2A",4.90407081650709,0.428267294189135
"ITPKC",4.94716795578481,0.423876185079931
"TSR2",6.96705862284967,0.42213009081122
"ZBTB22",6.07723323159298,0.372226824436889
"ATG4A",6.6161026230974,0.395855703927136
"TSPYL5",5.93625755054824,0.502900463353665
"OLFML2B",4.7092926010512,0.742541689411898
"MCAT",6.4277079855465,0.590255389328211
"ARID5A",6.39684310277907,0.549158040264488
"SNAI2",5.61965038452956,0.585250418621236
"SS18L1",7.09278444753649,0.645756613282893
"PSKH1",5.64233700209056,0.412422981286551
"GPX7",5.98052427344313,0.701619027033596
"COG7",5.98453437004745,0.479957612963961
"TICAM1",5.64409580344224,0.47544126826011
"ROBO1",5.14511781000066,0.518067938697299
"SYP",3.93336571343022,0.406224152385073
"TNNT1",4.81126637941929,1.92257240062429
"RAD54L2",5.66261823244627,0.481601764880953
"CDR2L",4.60127215278009,0.368766207397916
"ATP10D",7.90578001816837,0.560959429100783
"PIBF1",5.7444391465305,0.52385634575924
"FBXL7",4.72741520949585,0.405523934824293
"SACS",5.48518621650281,0.913366016092795
"TMEM159",5.99012496091403,0.591557249682061
"DHRS1",7.58613474128708,0.57061276697023
"RAP1GAP2",7.61377561094363,0.460780835656818
"SALL2",5.29736166510637,0.390388707997669
"TRIM22",9.76409721456531,0.822686276991494
"PFAS",5.81345847618135,0.453096845667704
"FAM179B",6.31277802777452,0.644644136007567
"PRMT3",5.76480682199421,0.584818835882016
"TMEM158",6.32244978392334,0.99394234334655
"FEM1C",7.0720482032003,0.527888353314759
"TDRD7",7.3450727030453,0.470108373353924
"PLCB3",5.00314082661793,0.393870544458211
"CLIC2",5.86229733896186,0.881455960248106
"PRSS3",4.77377898724292,0.62436616196104
"MXRA8",5.42196057529537,0.469812794347553
"RPP40",5.6447396152924,0.442661062219079
"POP1",4.75209989072194,0.355887140019014
"SOSTDC1",5.44484425837877,0.714095519113366
"ERCC2",5.19967471767792,0.382308881494619
"NPTX2",3.41133045370213,0.444461009775486
"DOCK3",3.52096442411613,0.380765889953665
"PPWD1",6.98547083678246,0.551163123847641
"CLCN2",4.3860809719613,0.351708987882891
"C14orf79",5.06959029311392,0.399610112657704
"G0S2",7.19272044987515,0.791217074492649
"CD3D",8.05770201695963,1.51506321680248
"HSD17B8",7.12607308895546,0.621994351122712
"GLCE",5.90384745347068,0.576111667320061
"RWDD2A",4.92524736450252,0.399140242770855
"RNASE6",8.92486020724646,0.997512313956713
"OSR2",3.87074328123492,0.65754457579141
"ATP6V0E2",7.77928431913536,0.79923898793664
"APLNR",4.88003128670472,0.633305095574108
"OIP5",3.77155053712687,0.48298301131464
"SRRD",7.93348196070568,0.592058344448737
"ZKSCAN4",6.0489946467181,0.430292141775632
"SH3BP1",4.82296775356017,0.524226340943125
"INPP5J",4.80468755826397,0.572047255003669
"PAMR1",4.60066122264262,0.665139470317691
"FCHO1",4.96286675284761,0.549951816074943
"TTC30A",4.33124051323972,0.414975028812636
"PON3",4.26800463216546,0.574526538528413
"GLB1L2",5.02415877905611,0.589235422911306
"KANK3",4.93178303512739,0.466662142409623
"SECTM1",8.0883555595679,0.717715580514808
"MYO1F",8.07595764413258,0.681955850799238
"IRF2BP1",5.0800035042616,0.422521197281052
"PENK",3.6661867157118,0.582536989075999
"STARD5",4.47811757447572,0.417523325256942
"HOXA5",5.83726886466201,0.474617995530216
"PRPH",4.18624933991893,0.380889152735778
"SERPINA4",4.38242076039203,0.50189678477489
"FAM189A2",4.41084040928484,0.437477772617526
"NKG7",7.90370410924733,1.11121012650227
"SST",3.77329633081026,0.653080771058412
"ZNF23",5.979788363453,0.799768082713214
"ERC2",3.56604475682839,0.36355760331002
"TWIST1",3.88535387728836,0.660232795455855
"RALYL",5.39160316189642,0.836506178255369
"CCL8",4.54810263714606,0.971738972377552
"LIAS",5.98991663686687,0.664350933820063
"DOK2",6.7661676415256,0.627702379903054
"MYBPC1",3.78562720734679,1.76695904669286
"RPS21",8.2768395065021,0.648691322189684
"DAGLA",3.99471102701971,0.400332792549645
"NUDT13",4.638408442385,0.470406453003502
"ZG16",3.66918746042534,0.35493614687942
"PPBP",7.39716080024214,0.742866382934851
"SFTPD",3.91068545613031,0.391341565292495
"H2AFB1",3.68394967082089,0.3640021132473
"NOP2",6.75362753150869,0.502202270424418
"GLA",8.2805263596572,0.42358378243466
"FBXL2",5.05263206876863,0.34965983014591
"HLX",6.63431619432179,0.500576464581373
"NAT1",6.96845177861939,0.620219266352882
"CTSW",6.14184856246592,0.765547756213952
"HOXA2",4.17475698712192,0.406530555629826
"GPR65",7.27989064442452,0.984324126171509
"HIST1H2AE",5.15987899619728,0.792310150762756
"KLRB1",7.36759947837033,1.18332501301025
"TFF2",3.74720412206235,0.339293699217491
"HIST1H2AM",3.75817181968258,0.524359765076156
"ZBTB25",4.61363228636419,0.497388293670572
"ARSF",5.067817073804,0.68802154176696
"GPR20",4.27813249818892,0.529247989774533
"CEBPE",4.79937745760937,0.673639290216806
"GHRH",3.87096202366166,0.434861654369093
"CMA1",3.39212733386792,0.45021216723221
"SLURP1",3.80729379134974,0.356640224798953
"SSTR5",3.77721461484797,0.426251516791241
"SSTR4",3.66982896763301,0.401625555953955
"LILRP2",3.6306094557562,0.373399916521451
"HIST1H4L",3.74500707603427,0.474894828541968
"VPS52",7.70541383332746,0.376044374512263
"CLDN8",6.42097319426561,0.841590467738453
"IVL",3.51826455729547,0.421616182280904
"GPR1",4.33951821424708,0.431366157259123
"PAK3",3.88454183053726,0.476727761229373
"EYA1",3.45671392337965,0.47558988910513
"GPR3",3.74865851891244,0.441678736576258
"MNX1",3.82754612159383,0.373732297087589
"FBXW4P1",5.01872900015514,0.439693111032926
"NHLH1",4.18792462388363,0.373788157076447
"CYP11B2",3.93424693687604,0.388122923580769
"CLDN9",4.17375717161817,0.405486466349423
"HOXA1",4.47791088653134,0.487125905449267
"NOP14",6.44157023827205,0.492077711949971
"CLK1",8.48840888449728,0.754001818053474
"ZNF266",7.909282068678,0.572618876585185
"MAN2B2",7.4381217230677,0.478147904411592
"SLC46A3",8.59930041065114,0.4598359588565
"YIPF1",8.3557859439338,0.365135129452067
"IPCEF1",7.54078012766273,0.523531681479684
"ARMCX6",9.03528372917098,0.381552366941377
"ZNF423",4.34452137659997,0.569609837891171
"N4BP3",3.79945023380156,0.346260108710723
"CDK18",4.4934901299466,0.528514894654165
"ZNF204P",4.97496144461962,0.563677766081419
"SLC38A6",5.98338480332531,0.64032974441852
"SFT2D2",5.96518123984746,0.554367815476312
"ZNF8",4.98117043131498,0.475525015513348
"SYT2",4.28193816325939,0.453022368960871
"ADAMTS3",3.91385574281358,0.506767464323182
"SLC26A10",3.8517586933524,0.345279369066883
"ACTL8",3.94952619124289,0.339723062790494
"SPATA2L",7.26459470869848,0.600499299980753
"NECAB2",5.7012294534204,0.878270290867562
"FNBP1L",6.81575114954402,0.58535930730577
"HIST1H2AC",9.97769475815495,0.57201197428667
"LRRC42",6.09028111503194,0.401137624283504
"DNM1",4.90444135106651,0.588925316537736
"PIK3C2G",4.37061343595995,0.514746833295076
"EXOSC8",7.52913091632283,0.472790963623881
"DPY19L2P2",4.28281709699126,0.55135408973769
"DLST",8.25703772032853,0.53422273202245
"ANO3",3.60089840916341,0.357808593135828
"PELP1",5.3584277774828,0.497211374344597
"GGCT",8.41672670957268,0.388372516745278
"STOML2",7.95701677473646,0.605867650928476
"SUMO4",8.94432263569118,0.297373940131823
"ZNRF4",4.2673248247206,0.401774603650768
"DIRAS3",4.71684841054818,0.505747373342592
"SORCS3",3.43152679088903,0.394645490984905
"BRMS1",7.25233844610159,0.46040545905272
"ASCC2",8.30665770216197,0.695941212185731
"SHBG",4.02568895138191,0.467947038332763
"IGFALS",4.30727456210936,0.414890616723878
"ZNF804A",3.80420014419187,0.392603684273769
"UBQLN2",8.80549524157516,0.404802568463702
"SNRNP40",7.66317145432115,0.492584264438077
"CD72",5.10923117293482,0.97140814655644
"UBXN8",6.05595265115331,0.587222395968814
"POLE",4.94707118446573,0.39391591436325
"SEMG2",3.29061687584952,0.458990446338519
"SPEF1",4.13406052798689,0.345301762724209
"CPN2",4.46893133849584,0.802662033520621
"LAMB2",5.68521052211791,0.502041737106955
"MYH7",3.8369577980086,1.04637177777099
"TMEM115",6.37627490706155,0.445393112350808
"HDAC3",7.43530728065791,0.320677060444124
"YIPF3",7.66361656231514,0.48893705853062
"PPP1R13B",5.50537851016113,0.427153135531412
"TMSB4X",12.6222418407389,0.348724647347632
"CCL2",5.9581550436242,0.949552425706064
"KLK1",5.87611892027909,1.08804452010571
"PRB4",3.50621054593148,0.465206978603289
"LMNB2",4.59847317621034,0.388566707231853
"HOMER2",4.10140626771568,0.410252569089809
"TRAT1",5.34432373825352,1.39188174927283
"HERPUD1",9.28933943730495,0.500366863729247
"BTNL3",4.99997499301848,0.766323189829769
"MAST1",3.49812478825375,0.471329313683455
"MT4",3.83495150075298,0.375719566659685
"HLA-DMA",9.32723616165293,0.806469959031181
"ABCA6",4.06856716376561,0.461930719367941
"CACNA1S",3.98084234913294,0.666251170065758
"OLFML1",4.84657523487929,0.586241185776899
"AES",8.01088158651087,0.555183582837942
"TMSB10",12.4673560737093,0.493448449068708
"MIF",10.2796710531664,0.618304953705111
"IARS2",8.71543119684155,0.437346960863998
"TSPYL2",5.44956017321097,0.448362260975522
"MEA1",9.00333861163317,0.411548397047677
"SMAP1",8.23294005796024,0.404710139883164
"VPS4B",8.71481876291757,0.428530400309125
"NR1H2",6.26007360512494,0.473982061683296
"IPO4",6.04832889889983,0.432218476797044
"FANCL",6.39500287019064,0.637220631989761
"TRIAP1",8.01923315411244,0.544396398511527
"SMO",4.67068738523355,0.342484600575218
"FCGRT",9.35492298917887,0.526594276510969
"TUT1",4.93660709348832,0.408216527294189
"LAGE3",6.8822547084894,0.443949855602321
"ZNF267",7.29074803653605,0.793113204393384
"FGG",3.66273910612257,0.838574849880077
"FICD",5.35768818443986,0.435150629983609
"MYL7",3.33292311085187,0.337430017118891
"HAO1",3.65345866383396,0.610739865461731
"C5orf45",5.72944287901725,0.45735124928644
"BICC1",5.13657042969364,0.476951499508389
"ATP1A1",9.91934441821344,0.632548230211691
"EIF4EBP1",7.11283691051017,0.528100849713232
"GDF15",4.97907342844792,0.736352828866408
"UBL4A",7.25837112929391,0.363121288557492
"ARMC6",5.49684237966432,0.380561090042499
"RAB9A",8.39558885654237,0.424159973783128
"DOLPP1",5.70165699594048,0.401153902652626
"C5orf30",6.1741852013878,0.549708686641827
"ZNF143",6.97268936503756,0.389146734738931
"RPUSD2",5.17101723934128,0.422091802417987
"EMX2",6.36294836329024,0.512696531346455
"OPLAH",5.26290683442288,0.597848535147306
"AMIGO2",6.49187315567452,0.702595101658303
"WDR13",7.69655165536043,0.509333002365922
"KIF17",3.8987459414624,0.385173079123702
"PLXDC2",7.39723882149328,0.567714111289807
"PTGR2",4.88029852784713,0.484594881057695
"AAK1",4.41302064427073,0.5051729255008
"AASDHPPT",7.36251677320877,0.657573595148574
"AASS",5.24705351845045,0.582468167950021
"ABAT",8.97733570196632,0.834424541715927
"ABCA1",5.09590241250508,0.422361050324827
"ABCA2",4.63825714626126,0.429959171061062
"ABCA4",3.61211322556054,0.538462241372611
"ABCA5",5.98883940210652,0.699313483841993
"ABCA8",4.6170099264202,0.580526506461462
"ABCB1",6.15892629649086,0.685481562280284
"ABCB6",4.5276971174556,0.388881065115964
"ABCB8",4.01778297083803,0.352198489664053
"ABCB9",3.95488761934279,0.355661171155516
"ABCC1",6.72914628287032,0.480763778478573
"ABCC10",5.54931662581358,0.471049248076348
"ABCC3",4.9261208943411,0.4988177205201
"ABCC4",4.89694291983051,0.463401040874472
"ABCC5",5.51810184856291,0.527185347444077
"ABCC8",3.7844255630572,0.362805425214306
"ABCC9",3.68811247823726,0.473559819595652
"ABCD1",4.10511633311187,0.308596201918447
"ABCD3",6.45859823436228,0.451803953758265
"ABCD4",5.50369903557166,0.439200646254262
"ABCE1",6.96613452395758,0.672561631384789
"ABCF2",4.90569369506153,0.336957052748316
"ABCG1",5.69986135289526,0.673642398139517
"ABHD2",6.79445005134598,0.515897425980207
"ABHD5",6.11846800626412,0.610411466495059
"ABI1",5.64256211321703,0.395734567911718
"ABI2",5.02015392813911,0.355215082797198
"ABL2",5.67344475626982,0.419549391295342
"ABLIM1",8.74373966253787,0.683686175247431
"ABO",4.08321827509319,0.44159391091856
"ABR",5.59138594312788,0.513464758142598
"ABTB2",4.50844009666995,0.42055418310115
"ACAA1",9.25631828754395,0.683089236726173
"ACAA2",8.60781274949197,0.62576116026856
"ACACA",5.65980023948927,0.466274539341779
"ACACB",6.13876301138223,0.58751138298578
"ACADL",5.60473157153851,0.590559122222717
"ACADSB",7.23068499029178,0.906043700762175
"ACAN",3.98455862275023,0.354406302610972
"ACAP2",7.02997207502665,0.48718765870112
"ACAT1",7.83249439222611,0.690365569835311
"ACBD3",7.29134070109987,0.672614594564192
"ACE",4.29427564963253,0.574662170392029
"ACHE",3.5064680149077,0.436281769985016
"ACLY",7.63156294702537,0.552965350645406
"ACO2",5.82410508427159,0.572394525911582
"ACOT11",4.92746460096358,0.493348363010766
"ACOT7",6.47525071052907,0.867145992295124
"ACOT8",4.88619482380316,0.429842681044873
"ACOX1",5.51763088488877,0.56984278327187
"ACOX3",4.98680414656588,0.438789632040337
"ACP1",8.95031063950449,0.58042890646556
"ACPP",6.56290966909835,0.828306297993133
"ACSBG1",4.10518962790106,0.555033959343114
"ACSL1",10.1238828554945,0.731875899424594
"ACSL3",7.89609840300019,0.496015253607653
"ACSL4",5.4602430656783,0.745882053771064
"ACSL6",3.65206301031558,0.460612635944157
"ACSM1",3.39782071327746,0.423229876179608
"ACSM3",6.04931927827772,0.867771783029701
"ACTA2",4.19606939942667,0.601020594919509
"ACTB",12.6506345365098,0.374511318899799
"ACTG2",3.72116201479052,0.551046298526427
"ACTN1",8.65491776193607,0.659588114104567
"ACTN2",3.72558707212076,1.11817996616334
"ACTR1A",8.07329594409594,0.486672684960211
"ACTR2",7.92306151621423,0.725841852766099
"ACTR3",7.19078826931553,0.522980291971932
"ACVR1B",5.51470351679852,0.434353423679067
"ACVR2A",6.6796038567462,0.504614531288562
"ACVR2B",5.41342975681849,0.37259339056447
"ACVRL1",4.757936738706,0.399715240928286
"ADA",6.12600217903366,0.780921632216811
"ADAM10",6.99548523539902,0.622430919946387
"ADAM11",3.71839205086988,0.388073469676675
"ADAM12",3.84009288534883,0.619391550077825
"ADAM15",5.39195664250371,0.522805535547978
"ADAM17",7.30457685673344,0.395227805701356
"ADAM19",4.34484496018496,0.556047298106481
"ADAM22",3.90529668871371,0.461392440261627
"ADAM23",3.44948584227921,0.400040815486046
"ADAM28",4.24498099174558,0.553409948863772
"ADAM8",5.15518140909023,0.638193284176064
"ADAM9",4.78253955111164,0.574011318489261
"ADAMTS2",4.04247611340625,0.471529921715107
"ADAMTSL3",4.46538947035165,0.38196098165018
"ADARB1",5.32980393863943,0.619644093213115
"ADCY1",4.0884536236053,0.31503756834339
"ADCY2",3.8041874837468,0.667604866992975
"ADCY3",4.52865218123614,0.449761154308791
"ADCY7",7.0990459910496,0.727740124036692
"ADCY9",5.28110914934342,0.466001796535248
"ADCYAP1",3.57432002962186,0.485037890079466
"ADD1",7.02282157782733,0.579813389838851
"ADD2",3.80959560072991,0.419252268803176
"ADD3",10.3554935484902,0.51320553042948
"ADH1B",5.77201235684376,0.665693367005786
"ADH5",8.12054087903896,0.654711611537383
"ADH6",5.41414011171362,0.85961125687978
"ADK",7.90928715390067,0.593662512097868
"ADNP",8.03085710999162,0.411103267952656
"ADNP2",7.03313723972066,0.437091379648141
"ADO",7.63932062722507,0.379982329456391
"ADORA1",4.46514605398886,0.389970043449431
"ADORA3",4.87348274514467,0.843407762596506
"ADPRH",4.1827558198168,0.386928193783984
"ADRA1D",3.65887170451643,0.350661896394824
"ADRB1",4.09243565018499,0.517676482177137
"ADRB3",3.7867820171246,0.351364053790041
"ADSL",8.67947458723226,0.443448159716043
"ADSS",5.1621240406003,0.543662724556397
"AFF1",5.86472232682701,0.671115372852811
"AFF3",3.7366285454146,0.409050014005608
"AFG3L2",7.24545092133934,0.461490104617252
"AGA",6.11275180979062,0.638934594404403
"AGAP1",5.0407154247793,0.47019550317953
"AGAP2",3.68176542205929,0.400162849464845
"AGER",4.32140000695975,0.397970160637763
"AGFG1",5.43231106690221,0.395475121447578
"AGFG2",4.44917196738095,0.437584641337798
"AGGF1",6.57960441501855,0.577822824127187
"AGPAT1",7.70949790272739,0.489459328820612
"AGPAT2",6.92787651743282,0.458258908894557
"AGPS",7.22695320938474,0.45274439957452
"AGR2",4.4883441379801,0.77046438633885
"AGTPBP1",6.44694047387727,0.487567421387787
"AGTR1",5.00099845256719,0.619913188365101
"AGTR2",3.18705639284038,0.495400722338347
"AGXT",4.34748711970032,0.855824490416535
"AHCTF1",6.76360311595171,0.63513111689527
"AHCYL1",6.58413207143657,0.421519252302483
"AHCYL2",6.49964430130609,0.45255551410605
"AHDC1",3.98711958784587,0.468945929015638
"AHNAK",5.20705149157983,0.537782934622173
"AHNAK2",3.843941472937,0.586102757235704
"AHSA2",7.08104168086042,0.655082919555517
"AHSG",3.48059288857355,0.350095358074032
"AIF1",6.15843407109519,0.703024161720889
"AIMP1",6.5113225648791,0.557262196466938
"AIMP2",8.19494239007689,0.449589759268907
"AIP",7.71447329535692,0.453770195515687
"AIPL1",4.09644650241061,0.385783751116866
"AJAP1",4.08543537854979,0.542864197339065
"AK1",7.97004247335746,0.779649596358963
"AK2",8.51352630857835,0.509514493206249
"AKAP1",6.72637569725434,0.582509179617228
"AKAP10",5.49720387422377,0.491742065010716
"AKAP11",7.47364387224857,0.607620655972804
"AKAP12",5.96043528104142,0.662132326719358
"AKAP13",4.97178775476115,0.432987939187355
"AKAP5",3.79411968260364,0.46769659795203
"AKAP6",3.48204600973767,0.363396613407543
"AKAP8",6.40965527255515,0.405613357316103
"AKAP8L",4.54073210944439,0.454241253413496
"AKAP9",5.21302001037792,0.545205227695919
"AKR1A1",9.29714479281666,0.541102032216636
"AKR1C1",4.33358736033009,0.685996236612839
"AKR7A2",8.37503811912358,0.671184396420044
"AKR7A3",6.54123039803692,0.822828756676283
"AKT2",4.89763911701928,0.480029967102607
"AKT3",5.7014547055021,0.546047356016233
"ALAD",7.68044955999063,0.670718114964684
"ALAS2",7.70971044768002,0.605313723184646
"ALB",5.28063332098982,1.29536651440403
"ALCAM",7.6267170355396,0.612555198110729
"ALDH1A2",4.66024102754313,0.424683217097814
"ALDH1B1",5.03845003326981,0.64988967176513
"ALDH1L1",5.89950139242269,0.627999144506291
"ALDH3A2",8.37397243818984,0.726807683153579
"ALDH3B1",6.55472630901793,0.609812074560477
"ALDH3B2",3.19457642259671,0.351688088299898
"ALDH5A1",7.38770923214199,0.841795117947942
"ALDH6A1",8.11320859720101,0.946379250840374
"ALDH7A1",6.09417994273585,0.569390848424049
"ALDOA",10.7425776493769,0.609503978853982
"ALDOB",6.16604538426523,0.942730356568766
"ALG13",5.9868264565849,0.727152515308263
"ALK",3.79588778744674,0.435929734301341
"ALKBH1",5.0786336130534,0.311309212559589
"ALMS1",5.68835451117386,0.522901502520707
"ALOX15B",3.97593416514682,0.430184390785962
"ALOX5",6.80448881859273,0.780936688427602
"ALPI",3.66228132634306,0.410544927700034
"ALPK3",4.48271103542032,0.463915393095209
"ALPL",6.21197022995907,0.857544280553521
"ALPPL2",3.98118434435907,0.418582811409818
"AMACR",5.49288787754426,0.53982777522081
"AMBP",4.09397966975726,0.516544308696269
"AMD1",8.65385898271438,0.390841848432846
"AMFR",7.78928556632887,0.550997058999383
"AMMECR1",5.67719617674102,0.577514921806242
"AMPD3",5.32275831716964,0.412479090659634
"ANAPC10",5.65598465129359,0.59377517768579
"ANAPC13",6.79519107087359,0.415882419294237
"ANAPC5",6.76003536383565,0.605098550538274
"ANGEL1",5.15265922995391,0.385017416727883
"ANGEL2",5.52461424355649,0.586241241842757
"ANGPT1",5.51395824106147,0.688407070648838
"ANGPT2",4.00540164005744,0.517936717257943
"ANGPTL2",4.4497971123609,0.539032807316285
"ANK1",5.52607284719409,0.922791266506238
"ANK2",5.21644624739608,0.808402719146772
"ANK3",6.93468433472047,0.80180939131608
"ANKRD12",7.60212059569409,0.6245894800126
"ANKRD17",7.52463792172481,0.445639308263078
"ANKRD26",3.95166171149229,0.404801222983592
"ANKRD28",6.7445207525041,0.545440001729184
"ANKRD40",6.95518530016875,0.462961940940885
"ANKRD6",5.52712259233614,0.527852642029241
"ANP32A",5.99349051550765,0.384829708872613
"ANP32B",10.4936886538102,0.419726459105507
"ANP32E",6.34086002003814,0.581286390085142
"ANPEP",6.25088923673727,0.74185630542048
"ANXA1",8.192890254255,0.705839094177129
"ANXA11",7.48424423405128,0.467203807305011
"ANXA2",7.01890399317337,0.488223520874265
"ANXA4",9.41023038799802,0.553431106401792
"ANXA6",7.9882456338039,0.569762229037614
"ANXA7",9.70818330090704,0.37101752153095
"ANXA9",5.0472215064599,0.634792314194316
"AOX1",6.37500319515515,0.799150048952397
"AP1G1",7.70800153466357,0.481956770402173
"AP1S1",6.34648506939217,0.658310457925597
"AP1S2",7.26898490613166,0.601288138160456
"AP2A2",6.5775992939544,0.420172542379067
"AP2B1",7.91639871967501,0.618718903527478
"AP2S1",9.02833919108532,0.541770555945074
"AP3B1",6.80886312207907,0.61522730313034
"AP3B2",3.69019952141702,0.411303096700492
"AP3D1",8.44998024354546,0.591445133247605
"AP3M2",5.84787964100751,0.501987808331305
"AP4E1",3.62407658921921,0.392776459948165
"APAF1",5.45576411459906,0.578727700192521
"APBA1",3.8229501754744,0.334714865097053
"APBA2",4.70430676680065,0.612606577305134
"APBA3",5.4980566554233,0.459667398850869
"APBB2",4.51769483463389,0.403375749884404
"APC",5.75584131153459,0.510349428290753
"APC2",3.94112093185974,0.38108816292743
"APEX2",5.3947981559354,0.447977398666658
"API5",5.43699673029981,0.485555716587972
"APLP2",9.54797466712273,0.524898459789345
"APOA1",3.87579856868251,0.425988955948263
"APOB",3.39163654200716,0.399189326542217
"APOBEC3F",4.33279535034482,0.571452122257177
"APOBEC3G",8.04890837620409,0.737147725387469
"APOC3",4.28157331819741,0.798744195641146
"APOE",6.73467969405656,0.835867810544175
"APOH",5.46255742091559,1.21705036475614
"APOM",7.54350278416507,1.18670736196627
"APOOL",6.60444454526523,0.593215609160753
"APP",9.42623317520008,0.581818297847009
"APPBP2",7.43220258215236,0.501701147533678
"APRT",8.01109462349029,0.523136486263477
"AQP1",8.37497223920773,0.966368042878823
"AQP2",6.33671303291967,0.828248113183196
"AQP3",6.26817414473125,0.786867275177874
"AQP4",3.06373387439553,0.487907631366537
"AQP6",4.63661384513874,0.536336101007008
"AQR",7.00575318209368,0.424781220066802
"AR",4.8210239263027,0.349679152073479
"ARAF",7.00112293774996,0.428999422510324
"ARAP1",6.9892231812606,0.425802239652671
"ARAP2",6.84887500604604,0.691008375776269
"AREG",3.46612046121121,0.528557613719018
"ARF3",7.59739761843616,0.534333150427977
"ARF4",10.1318542962935,0.403825980611538
"ARF6",8.7836358979624,0.391497442489715
"ARFGEF1",7.15163329492751,0.616162052151511
"ARFGEF2",7.57347450051385,0.591095591192707
"ARFIP1",6.77996963281491,0.648740738238029
"ARFRP1",5.34456426962554,0.463161486440224
"ARG1",3.260417204857,0.50501384360443
"ARG2",7.73674188009756,0.847344547017118
"ARHGAP1",4.81849946180867,0.430350902118349
"ARHGAP19",6.67385338007235,0.475326108012524
"ARHGAP22",3.70845686594248,0.456762438737006
"ARHGAP25",8.0641619640595,0.675556562572201
"ARHGAP26",5.28553514044459,0.576879631703606
"ARHGAP29",4.55396912230115,0.556720663962458
"ARHGAP32",5.08782975031144,0.51342259446038
"ARHGAP33",3.94476825535997,0.336814060740253
"ARHGAP5",5.6538247556313,0.703274155258679
"ARHGAP6",5.69239871025551,0.613709452858277
"ARHGDIA",5.71154155448186,0.749061590430082
"ARHGDIB",9.30995384553992,0.787448463776415
"ARHGEF10",4.58439095802108,0.443161407285123
"ARHGEF11",5.86520646951626,0.485335437192763
"ARHGEF12",6.39621065468293,0.750186594543709
"ARHGEF15",4.22103950486906,0.309321517091931
"ARHGEF2",4.99866190456554,0.424782857026652
"ARHGEF4",4.03077354294116,0.396884775542546
"ARHGEF7",6.23998629068361,0.478262919483022
"ARID1A",6.3218689732038,0.497106405999788
"ARID4A",6.85746106213755,0.620058128843093
"ARID4B",6.95706615020896,0.491738676733198
"ARIH1",6.41229977868309,0.531510062117455
"ARIH2",5.43474788077482,0.558660205254857
"ARL1",6.41360170845878,0.46439907524157
"ARL2BP",5.26626917234594,0.401531320197045
"ARL3",5.59423586783775,0.466735404868578
"ARL4C",7.3531635231787,0.99738505122769
"ARL4D",4.46828556739245,0.432792852788442
"ARL6IP5",10.3600530807008,0.469630335637296
"ARMC8",5.45683143007406,0.516031846547109
"ARMCX4",3.84705908952707,0.382137195957586
"ARNT",4.39088804430146,0.347211310878787
"ARNTL",6.83554477884476,0.620352255498849
"ARPC2",11.1906007831522,0.375958367412706
"ARPC5",8.76523299407177,0.669008662309944
"ARPP19",8.71926671469579,0.498376805336608
"ARSA",5.47708810600698,0.524974832164726
"ARSB",4.93511660586222,0.596197853411659
"ARSD",6.0726906094887,0.556289284696395
"ART1",3.7150149907028,0.345530179613967
"ARTN",3.91571761906329,0.424375921017386
"ARVCF",5.13758553370593,0.483782213129052
"ASAH1",7.04627386521336,0.415338125537388
"ASB1",4.16372015498607,0.382879360277079
"ASCC3",5.63436981849717,0.52538690534716
"ASCL1",3.4751883625173,0.458807663675632
"ASCL2",5.41581057675314,0.574216642717812
"ASF1A",6.65688331097491,0.647999897475028
"ASNS",5.82761283047751,0.652933690315731
"ASPA",5.82739272340188,0.819374863590902
"ASPH",4.89205029316082,0.524503791659216
"ASPHD1",3.84708596389661,0.402244904786987
"ASTN2",4.24820141577422,0.527800903128695
"ASXL1",6.49538704381587,0.520599085184715
"ATAD2B",5.38530559613228,0.632789996625597
"ATF1",6.11957509663695,0.67707158390577
"ATF2",5.64796703292785,0.411799285296966
"ATF3",4.24250343982309,0.621624603762943
"ATF5",4.75915720423395,0.471536700087414
"ATF6",8.08080956391538,0.404666848313703
"ATF7",5.22138509769595,0.520041022214986
"ATG12",7.03352506573399,0.546991413586165
"ATG5",6.4351437125035,0.621885237839128
"ATM",5.72409520111563,0.582268886573022
"ATMIN",7.11242442315832,0.536395634109419
"ATN1",4.21534771893245,0.44813184034135
"ATP10A",5.58267105813216,0.535566034698241
"ATP10B",3.58915095210207,0.402972794213091
"ATP11B",6.18265062035635,0.569017589831535
"ATP13A3",7.89325010927096,0.593414585122261
"ATP1A2",3.89500275026837,0.782539255241795
"ATP1B1",9.01093979307296,0.667960292757622
"ATP1B3",8.75479709914407,0.446074802779703
"ATP2A1",3.80052416102311,0.784572278821043
"ATP2A2",6.88838663468017,0.711017993983934
"ATP2A3",4.45506855761397,0.691867311808771
"ATP2B1",8.0504399864505,0.536172293288517
"ATP2B2",3.3542292644987,0.420954831057994
"ATP2B4",7.47179221208831,0.462202954270067
"ATP2C1",6.05322353080266,0.543312115756867
"ATP2C2",4.14194832928565,0.407785949654596
"ATP4B",3.38604131897276,0.314959529064468
"ATP5A1",7.25852072148699,0.433360082831744
"ATP5C1",8.9933163841395,0.529351332980163
"ATP5D",8.86595658216203,0.561835375479281
"ATP5F1",9.14034131962512,0.435382336983094
"ATP5G2",6.96553971039457,0.435422256849869
"ATP5G3",10.341763449316,0.461534779074815
"ATP5H",6.96276114434448,0.426964839985914
"ATP5I",9.95698971980719,0.542053337124397
"ATP5L",10.3443206474247,0.436895090974435
"ATP5O",9.36337541673088,0.512390486861715
"ATP5S",5.92706561801778,0.543625783703405
"ATP6AP2",6.91931940666247,0.467561857651569
"ATP6V0A1",5.37936732593846,0.448766179995354
"ATP6V0A2",5.60051581807428,0.482254985870149
"ATP6V0E1",8.07154491030517,0.596542781718037
"ATP6V1A",8.33697521449583,0.737041031966882
"ATP6V1B1",4.73609756346772,0.607721854213407
"ATP6V1C1",7.77057834471342,0.550304274895068
"ATP6V1D",9.16425012699551,0.518555257272521
"ATP6V1G1",9.56715997356943,0.449482613130557
"ATP6V1H",6.36648989353343,0.601422737557062
"ATP7A",7.15528365808523,0.573799298264393
"ATP8A1",6.93842998499559,0.770876469129817
"ATP8B1",5.26879366146871,0.516478735466756
"ATP8B3",4.1123964794222,0.416528032965874
"ATP9B",5.76275542248709,0.511569088510029
"ATPAF2",4.92666976547416,0.361506364327217
"ATR",5.76219888989898,0.594685562653225
"ATRN",5.8529595515726,0.437755011727993
"ATRNL1",3.83723842671461,0.454443364188207
"ATRX",8.08337732895679,0.588515664091808
"ATXN1",7.31229709965317,0.515340216601561
"ATXN10",6.94117429380737,0.405749402440777
"ATXN2L",4.42799027480027,0.460983594918859
"ATXN3",4.96161933245665,0.559044630541393
"ATXN7",7.67453063899193,0.430696710966813
"ATXN7L1",4.47254853133242,0.623009545883979
"ATXN7L3B",8.63507058747577,0.479824313983125
"AURKA",4.56396332057836,0.461895159014234
"AURKB",3.90079805417183,0.443811038769016
"AUTS2",6.07229175109237,0.694080619542741
"AVIL",5.79643409929566,0.585022699780825
"AVL9",4.09712142874077,0.370592297347569
"AVPR2",3.87295734354606,0.423890109363794
"AXL",4.58418169104528,0.527678129211009
"AZGP1",6.1168002429761,1.07495903367478
"AZIN1",8.24816585930118,0.526405577425339
"B2M",10.9887072741965,0.604885484760611
"B3GALNT1",5.11109658591856,0.471940361277254
"B3GALT2",3.49783483039366,0.46556993967432
"B3GAT3",5.8030273434536,0.456172724852247
"B3GNTL1",4.39565168724699,0.489135651235199
"B4GALNT1",3.76700775193459,0.383497545575245
"B4GALT1",4.40204985564076,0.530604614597182
"B4GALT3",5.06931240658736,0.346601096965048
"B4GALT4",6.05911844831024,0.565690794157127
"B4GALT5",9.0482399079493,0.560999521194098
"B4GALT6",4.05905627331727,0.387015409895
"B9D1",4.84959845685717,0.502379890393263
"BACH1",5.99513591673368,0.634434347811367
"BAD",6.38291540871241,0.495639691839644
"BAG1",9.94882572413036,0.600165354516618
"BAG2",4.79948223070672,0.507634681978121
"BAG5",5.6940459764592,0.560672284797628
"BAIAP2",4.66052693664919,0.391866518616659
"BAIAP3",4.89199216270759,0.443298807033993
"BAP1",5.99863874849853,0.477894331183785
"BARD1",4.64049704774412,0.57812685683213
"BAX",5.66270882546803,0.751481932129194
"BAZ1A",8.22007381400626,0.675761364294421
"BAZ1B",6.69774103550747,0.476329359555504
"BAZ2A",4.93253614631485,0.363443048431398
"BAZ2B",6.08271651361271,0.4271543875884
"BBS4",6.36772254604054,0.468968418478415
"BBS9",5.03176039082983,0.425634897238635
"BBX",6.6611807279583,0.661617340543786
"BCAM",5.09691200705005,0.528140678909578
"BCAP29",5.45203110904231,0.537445591991551
"BCAS1",4.04137581876841,0.393378036291134
"BCAT1",4.95419730336352,0.85361209307209
"BCAT2",5.14791669697286,0.580630838805179
"BCKDHB",5.66384076434507,0.569356766589648
"BCL10",5.56446115850294,0.602600665807193
"BCL11A",5.86323644076013,0.799349319269391
"BCL2",6.56069270020629,0.75955186097754
"BCL2L1",6.62983992502516,0.849782337114887
"BCL2L11",6.97599901180936,0.431599427155696
"BCL2L2",5.68241038316416,0.403487468827225
"BCL6",7.76087175137779,0.78888880008991
"BCLAF1",6.65619147296563,0.654178558290608
"BCR",5.7861551625971,0.479677674996323
"BDH1",4.8200794383904,0.562543248037648
"BDNF",3.57146441432608,0.427039862435562
"BECN1",8.38812217271352,0.452661712358011
"BEST1",5.57132533204932,0.502596178377017
"BGN",5.36139511778629,0.573041157872726
"BHLHE40",7.70020776053854,0.64610607911568
"BHMT",6.85888202359749,0.927572610131364
"BICD1",4.58395619202908,0.459824803052475
"BICD2",5.19664017349755,0.492192153081576
"BID",7.86421442969738,0.455908278649535
"BIN1",7.37479071961705,0.813072133493544
"BIRC5",3.92976865173422,0.512099859626001
"BLK",3.69960906428669,0.414953288249588
"BLVRA",7.13273988619387,0.686072283356602
"BLZF1",4.2200798747472,0.33750901674008
"BMP1",4.15704108887405,0.41580214773099
"BMP2",5.18688963057092,0.462724664125931
"BMP2K",6.9430623792376,0.563187979819898
"BMP5",3.77126300443283,0.532151233636423
"BMP6",4.15114666951701,0.468175559361937
"BMP7",3.78693371353139,0.371134906743921
"BMP8A",3.83030674685956,0.373701562892661
"BMPR1A",5.22206130033737,0.422557608899561
"BMPR1B",4.44847827211189,0.631219840652534
"BMPR2",4.99417880110999,0.574118178265882
"BNC1",3.08819454070806,0.375412955682962
"BNIP1",4.98216179815922,0.378421343233177
"BNIP3",7.70297141555194,0.712021206696726
"BNIP3L",11.1406732020385,0.408995448108465
"BPTF",5.47068201354395,0.473250096877369
"BRAP",6.14976245143913,0.473939178623536
"BRD1",6.60735360342001,0.443534324655886
"BRD2",8.5041235016518,0.517301426148648
"BRD3",7.89016690290452,0.493891901015365
"BRD4",7.54747673768474,0.56122323689076
"BRD8",7.25593132907013,0.482302029075082
"BRE",7.83492833332021,0.412544342888018
"BRF1",4.19343062543322,0.351599392126911
"BRSK2",3.57779687872075,0.383718154924458
"BRWD1",5.59534439083646,0.525354541585303
"BTC",3.69700215436732,0.416554677025169
"BTD",6.03699700300388,0.571897803866354
"BTF3",7.15342458255101,0.291212156912127
"BTG1",10.2243329759512,0.493600941683878
"BTG2",6.09154459030082,0.646688765266046
"BTG3",5.17116659735833,0.648708687459163
"BTN2A1",5.28479096756982,0.436804360284401
"BTN3A1",7.96850977811624,0.542574065653359
"BTN3A2",8.79046152816526,0.775583098145381
"BTN3A3",7.56381314052839,0.755816564258268
"BTRC",4.64590466302752,0.366804515024649
"BUB1",3.33837154748587,0.482350761592694
"BUB3",6.16019595235745,0.397253079817602
"BUD31",5.61531526712835,0.375696441803571
"BZW1",8.30130241916623,0.508747177535633
"C10orf10",4.67088393539828,0.514645371913492
"C10orf12",6.29124444842405,0.409311945949084
"C11orf58",6.12022129868798,0.493615467839168
"C11orf80",4.84988541799445,0.550558136174229
"C12orf29",6.97217891138344,0.629095571149388
"C14orf1",6.10795816869218,0.72393121762965
"C14orf2",9.5667031660928,0.534571417195451
"C15orf39",6.74032277817342,0.455704747059879
"C16orf45",5.30930368431523,0.353459701018395
"C16orf62",4.63629372301379,0.416235774451639
"C18orf25",5.04448059753697,0.431890769786068
"C1QBP",9.24435042737932,0.512281376437408
"C1QL1",3.84310283477293,0.334101662590793
"C1S",4.83485854533334,0.734891004629799
"C1orf21",4.43848758047354,0.420007200715597
"C2",4.49602758431438,0.642273255487078
"C21orf2",4.91372200816669,0.398003720254901
"C21orf33",9.44274886209102,0.595554480251425
"C2CD2L",5.99266374959806,0.456902456953557
"C2CD3",5.55923282071626,0.561113265145393
"C2orf27A",4.21617305609658,0.473781783181142
"C5orf15",5.5456793549298,0.429760047828609
"C5orf22",4.7337776073318,0.415468538197337
"C6orf106",6.05054605467103,0.653387031659913
"C6orf62",7.81216339821496,0.893288372451413
"C9orf16",6.90491760664487,0.581854035662875
"C9orf3",5.62411836438658,0.440291610630002
"CA1",7.44937654174889,0.776129613963986
"CA12",6.81213087484305,0.734555054776893
"CA4",7.64554535557957,0.979770786185467
"CA5B",4.47015661032134,0.507556599338873
"CABIN1",6.91244459945456,0.481898721889214
"CABP1",3.84465980208174,0.511373292950936
"CACNA1B",3.49173275982573,0.341943021291679
"CACNA1C",3.77545671694758,0.324119630328002
"CACNA1D",4.56427396394095,0.503994565633972
"CACNA1E",3.5918371638487,0.49517921176211
"CACNA1G",3.45584407059525,0.405017820178733
"CACNA1H",4.09335097257877,0.370261649066511
"CACNB1",3.73025490314089,0.637164118848765
"CACNB2",4.17521267905004,0.52255578272624
"CACNB3",4.52654183479654,0.400470313716834
"CACNB4",4.12751404607283,0.452363236503674
"CACYBP",8.10289100927346,0.442581239385667
"CAD",5.25089476880734,0.616170786592924
"CADM1",5.40296972895962,0.52119143738832
"CADM3",3.66519403958305,0.426115315152107
"CADM4",3.95583443935634,0.44304703304283
"CALB1",6.99750641941375,1.28617572350532
"CALCA",3.80491225389534,0.620217816695148
"CALCOCO2",5.73789251230025,0.399365289243214
"CALCR",3.81768976901308,0.407302084855027
"CALCRL",4.5253712538934,0.44181394406481
"CALD1",5.20919742028095,0.529520058803924
"CALM1",10.4295354115542,0.516004967626338
"CALML3",4.29827086565561,0.812270796059277
"CALR",8.55735697648724,0.560322992819686
"CALU",5.44206884898767,0.566686577637035
"CAMK1",5.39964541239357,0.420548396903214
"CAMK1G",3.66436188034531,0.329048620337895
"CAMK2A",3.9464354802101,0.489740619403219
"CAMK2B",3.72511355747424,0.382848642532772
"CAMK2G",7.0963337478756,0.552298335198983
"CAMK4",4.54579380380567,0.883348189969147
"CAMKK2",7.20674024601022,0.430439061746635
"CAMSAP1",5.39505803203665,0.4111831528404
"CAMTA1",6.36705097704524,0.552087003037884
"CAND1",7.30609864863562,0.546582627103496
"CANX",8.55865384644063,0.603222153705869
"CAP1",11.1254753512348,0.325032065688311
"CAP2",5.2405389458676,0.586020923306306
"CAPN1",6.94099522600163,0.498203454201235
"CAPN2",6.47355915068529,0.599515363741658
"CAPN3",7.46845036616877,1.05624764817995
"CAPN5",5.69670101855128,0.481736084129706
"CAPN6",4.15148574926214,0.762277174150249
"CAPN7",6.44650196574694,0.525443220390385
"CAPRIN1",5.74431453296488,0.566184244555005
"CAPZA1",10.0128489306221,0.47557296702373
"CAPZA2",6.95750166823289,0.414703524116205
"CAPZB",8.68604128757032,0.504240195746911
"CARD10",4.73393572436739,0.418315884457026
"CARD8",7.63834855924406,0.535281895537677
"CARS",5.35301473570775,0.337582254261622
"CASK",5.04715614226739,0.513015025348256
"CASP1",8.41641728115778,0.880648612354525
"CASP10",4.26354700686514,0.353093723585732
"CASP2",4.73097039578324,0.347319917322614
"CASP3",5.19071841998806,0.474621959842479
"CASP4",8.11552998825487,0.608500868045439
"CASP6",6.66897233585482,0.512640120593878
"CASP8",8.17602110830228,0.437891462754633
"CASP9",6.3266928472974,0.43259257152586
"CASR",4.70371522994636,0.572029587275529
"CAST",8.95377414496894,0.402770787796367
"CAT",8.23755981741975,0.846874710949598
"CAV1",6.00750785917544,0.723797479643571
"CAV2",5.49554814100676,0.483807884107747
"CBFA2T2",5.54845596195824,0.429729968447115
"CBFB",6.15738309086515,0.428307287674708
"CBL",7.16462285857946,0.593188455547566
"CBLB",6.30736838467886,0.76832757344426
"CBR4",7.75701066374938,0.628943479693743
"CBS",4.09133620203196,0.512066928166152
"CBX2",3.94588506756848,0.349946724370993
"CBX3",8.17920405341121,0.546659816806403
"CBX4",7.54727923546127,0.37109033071512
"CBX5",4.84993609081355,0.495540326114442
"CBX6",7.97676717516731,0.498017813829539
"CBY1",5.45703592613443,0.503141196917797
"CCDC22",5.48481748531654,0.423793594845403
"CCDC57",5.27852098588925,0.432874297706578
"CCDC6",8.09917243041843,0.485481728788369
"CCDC69",7.3602705674717,0.589414652467782
"CCDC85B",6.03540864808601,0.460755185451449
"CCDC88C",6.29874979037423,0.504830529895436
"CCDC93",5.59931666036008,0.411502926384024
"CCHCR1",4.94093808134709,0.379767712512238
"CCKBR",3.60200516426439,0.439118239884773
"CCL13",4.10887448279579,0.683569654978474
"CCL18",4.26367551628054,1.14407463286343
"CCL23",3.88883423904765,0.779615885950719
"CCL5",8.91972371829132,1.22400019515597
"CCNA2",4.37860985998371,0.616192846470613
"CCNB1",4.49849104589426,0.541298102081742
"CCNB2",3.74864401602588,0.415528750221055
"CCNC",6.06109400087338,0.498469066734448
"CCND1",5.65210061887585,0.555887675110136
"CCND2",7.09409563154247,0.750270068933366
"CCND3",7.68330115297353,0.519328856845052
"CCNE1",3.8869213687368,0.324810347694907
"CCNE2",3.77362481793954,0.612947529687324
"CCNF",3.96910704366612,0.394218373459824
"CCNG2",7.13929073287952,0.608077401743597
"CCNI",8.46079060523102,0.568321297087334
"CCNT2",4.98440197632347,0.481218374477641
"CCPG1",8.2051951155794,0.546360672562314
"CCR1",8.07337382794289,0.705643897212923
"CCR2",7.14826108204505,0.848785425763786
"CCT2",9.28034215584408,0.590300963609728
"CCT5",6.49184420927082,0.481468384824912
"CCT6A",8.68586555540371,0.43855606255855
"CD163",4.68009157661604,0.855688266819817
"CD1E",4.0593237629614,0.689414514871428
"CD200",5.2410722662513,0.797455508887404
"CD22",4.48772638197076,0.595951163849482
"CD24",8.97921876291628,0.973971045501175
"CD28",4.5667853363698,0.997512173054548
"CD2AP",5.81553593393649,0.390091336134648
"CD2BP2",7.08464916211933,0.444109179453573
"CD300A",7.59747556051702,0.611092034434467
"CD36",4.49374548433089,1.03272172253108
"CD4",4.24881459680665,0.572212349583138
"CD40",5.07143397057069,0.651824645152622
"CD44",4.49211632738058,0.699742735681036
"CD46",9.30013533532636,0.826356791369921
"CD47",5.97872740789849,0.647722525083485
"CD48",7.36044382370837,0.91029153671676
"CD5",5.05753027390901,0.82372854127638
"CD52",9.4007199568329,1.39686648209963
"CD53",9.68143629487538,0.911993541102944
"CD55",8.89475780788669,0.562343741900467
"CD58",6.59390585461019,0.613524141381996
"CD59",9.57719505929193,0.503459391082949
"CD6",4.22896704464249,0.527717510913071
"CD7",5.72277737190481,0.636339982097229
"CD74",6.68848948700362,0.836824885888211
"CD79A",5.2520073618153,0.996374476661457
"CD79B",3.85097960316463,0.390525800168482
"CD80",3.51968484430179,0.451036810533793
"CD84",6.32386653948071,0.697262866815414
"CD86",5.9516646551285,0.832149685376576
"CD9",5.23115746423951,0.602569397334189
"CD93",8.41396987970885,0.589719008999709
"CD96",5.07314472339914,0.965479856400049
"CDC14A",4.42818881028403,0.502845160743664
"CDC14B",4.65127402474797,0.533914033567022
"CDC16",8.04307917882832,0.526261605519625
"CDC23",6.97872901829211,0.535096851827176
"CDC25A",4.35443782909249,0.440514006468923
"CDC25C",3.34266853726727,0.408486588436467
"CDC27",7.44807130201615,0.493511699036296
"CDC40",5.73926197159249,0.453048096053541
"CDC42",9.01238652097135,0.553455302647315
"CDC42BPA",5.19142993976947,0.530782594297209
"CDC42EP2",6.24387600599936,0.540729786593942
"CDC42EP3",7.76920810103839,0.542538683328885
"CDC42EP4",4.62643283521015,0.43331134495093
"CDC5L",6.69437975075547,0.529284383635796
"CDC6",3.29218985404361,0.399278116387787
"CDH1",5.65749488470598,0.544894490329786
"CDH11",4.71241427377553,0.60582772025343
"CDH15",3.74857421754302,0.363972464301607
"CDH2",5.44552892679332,0.454375940858311
"CDH22",4.65791865472178,0.419814678076429
"CDH4",3.62909044668718,0.34416197854269
"CDH6",4.82570257974792,0.64530645332735
"CDHR1",3.35157285881617,0.328599066181127
"CDK10",5.44624328569892,0.485207821830496
"CDK11A",6.24203048591487,0.577830310923341
"CDK12",6.93748629738796,0.463116408847151
"CDK13",4.92344902951934,0.495002005944575
"CDK14",4.44736100903854,0.42641040854446
"CDK16",6.14255733420027,0.539457876564564
"CDK17",5.50804580336091,0.377524874508356
"CDK19",7.18219467242831,0.440290247986877
"CDK2",4.95715048465015,0.538874098289025
"CDK5R1",4.70489483847165,0.667586561340714
"CDK6",6.38863118713239,0.488029744078756
"CDK8",5.85436831809689,0.619734337182764
"CDK9",4.38872416059665,0.371885002431336
"CDKL1",4.49980931688451,0.585452685722824
"CDKL2",4.31943197665842,0.460523151627078
"CDKL5",3.68108519895684,0.413100092860904
"CDKN1A",7.70824393836303,0.762022586174438
"CDKN1C",5.84238008462017,0.429332866271004
"CDKN2A",4.21670947261408,0.527065539497267
"CDKN2B",3.60276080304085,0.43923971079355
"CDKN2C",6.2253096392004,0.524121826764946
"CDKN3",4.1547172175562,0.686670593056694
"CDRT1",3.52362745736415,0.438265037779032
"CDS1",4.79855674804902,0.529733698462345
"CDS2",5.927838147196,0.488752097884849
"CDSN",3.5370578145635,0.334943043362197
"CDT1",3.79702266161785,0.411490409313646
"CDV3",6.5234351696291,0.624489487691678
"CDYL",6.8344990270648,0.482901388032856
"CEACAM1",6.39213249441053,0.75774686313046
"CEACAM3",4.56803722424005,0.531221467403255
"CEACAM7",3.3732561667272,0.352112926957492
"CEBPD",5.83469130711661,0.700223923095881
"CEBPG",6.8171816520253,0.514487519528648
"CEL",3.96956416836083,0.750498680984202
"CELA3A",3.92483964627507,0.335624689778729
"CELF1",6.62433252802042,0.441844184406446
"CELF2",7.15487971224157,0.731171524681705
"CELF3",4.78677279057509,0.420710854469265
"CELSR1",5.42856054279248,0.490907816696228
"CELSR2",5.07812987599523,0.484841766404485
"CENPA",3.85369822827735,0.450953350653904
"CENPF",3.93971130425271,0.590339156452492
"CEP135",5.59364561015891,0.568063686619881
"CEP164",6.29847705265883,0.503621113509673
"CEP250",5.02076146349057,0.40296455289193
"CEP290",5.40387581688648,0.515377361070853
"CEP350",7.8139893379718,0.397737199454182
"CEP57",6.85486782147341,0.720633500973549
"CEP68",5.81062594265684,0.716538626146088
"CES2",7.74164462781031,0.755676633712832
"CFB",4.99027680761278,0.52258177751093
"CFDP1",7.43543718774582,0.638317383634824
"CFH",6.18313996258016,0.765772036666335
"CFI",6.96633876393559,0.621929761022022
"CFL1",9.02898067564719,0.609493935885462
"CFLAR",8.27989091919767,0.649423526540741
"CFTR",3.35409794665987,0.456082281131524
"CGA",3.71088397715645,0.554817300016374
"CGGBP1",7.94945787599002,0.543362387211575
"CHAF1A",4.08640104943215,0.342984708331881
"CHD1",8.23019998167347,0.430972548428291
"CHD1L",4.70266005237069,0.354990723361688
"CHD2",6.64858336472363,0.516493539239461
"CHD3",6.40349345727654,0.48298673346237
"CHD4",8.03845445082831,0.557076179936261
"CHD5",3.40395250158733,0.436827898492525
"CHD9",5.3573661545318,0.733804698304649
"CHEK1",3.70747890337311,0.411868432925379
"CHERP",5.88993515120716,0.440931709651198
"CHI3L1",7.4335919111845,1.16515249489366
"CHKA",5.50130594452123,0.426124000755626
"CHL1",5.07959377502873,0.529306969028413
"CHM",5.78077911725281,0.554177584207192
"CHML",3.84779415954283,0.461546433050637
"CHMP2B",7.93892467857675,0.536325563644117
"CHN2",5.81074158069401,0.649865547798889
"CHRD",4.02703686858012,0.40177634743612
"CHRM3",3.84054402139831,0.353610769700352
"CHRNA1",3.50296597291012,0.632497503771998
"CHRNA3",3.46141263193113,0.345530881086063
"CHRNA4",3.40880707097049,0.318539822369241
"CHRNB2",4.85441864686422,0.338619231356146
"CHRNE",3.9356961928382,0.371504211861782
"CHST3",4.56449572551285,0.366426386185597
"CIAO1",7.78170342386175,0.387881325989307
"CIAPIN1",6.29840659929262,0.50550624365341
"CIB2",4.31890876551853,0.3622958616517
"CIITA",6.67858704538291,0.791723438355434
"CIRBP",8.55486984769557,0.57304759807509
"CITED2",6.88559451152175,0.677891701368344
"CIZ1",6.15542669446565,0.592858163746084
"CKAP2",4.61783070113806,0.722393180578504
"CKAP4",9.23929177376978,0.552610047009095
"CKAP5",6.14090651578882,0.497300848155943
"CLASP1",4.84975047061718,0.398327299966526
"CLASP2",5.49574179424985,0.562259440658945
"CLCA2",3.41627022805622,0.405713410986647
"CLCC1",6.23295823022657,0.469961271644848
"CLCN3",6.70427284917883,0.63583455047992
"CLCN4",4.29240887475562,0.40168975789375
"CLCN5",5.83811263412128,0.691965155953506
"CLCN7",5.27782611520053,0.466204173906749
"CLDN10",6.29164012766404,0.649491085981637
"CLDN18",3.28384762663194,0.374148360209107
"CLDN3",4.48975907145589,0.608170777199479
"CLDN4",4.88527199985223,0.577859566607049
"CLDND1",5.70361585793934,0.714372532002265
"CLEC11A",4.43863053868505,0.396970150243306
"CLEC2B",6.66670994867745,0.80004460181061
"CLIC4",6.78418871600661,0.5933918953252
"CLIC5",5.15836550472025,0.671301123227782
"CLINT1",5.61977093960079,0.541977229970431
"CLIP1",7.39328360584495,0.70908323733591
"CLIP3",4.4096542073566,0.43317434320757
"CLMN",6.05904784587278,0.576848101066668
"CLN5",6.99179495285034,0.567399196449884
"CLOCK",5.86480127982303,0.42268894628544
"CLP1",6.84199429774697,0.384565660198241
"CLPTM1",6.04302447371166,0.692217920819788
"CLPX",7.3725627803494,0.481674875026858
"CLTA",5.31840625648507,0.50218367726934
"CLTB",7.95687270109887,0.520295882909627
"CLTC",5.94554816448419,0.495231192550471
"CLU",9.42188711140059,0.945637629710542
"CLUAP1",5.83731944502568,0.579530438645358
"CMKLR1",4.74203930779146,0.552191698858439
"CNBP",8.38507744282942,0.447076088663853
"CNGB1",3.61346249219041,0.417650880467278
"CNIH3",3.66611363288006,0.337326487650049
"CNKSR2",3.46668444978441,0.490810164888842
"CNNM2",4.50139269440406,0.397449805664615
"CNOT1",6.81529520454661,0.414585274736111
"CNOT2",8.08324041690671,0.549889261058539
"CNOT3",4.02338706050626,0.34606282631367
"CNOT4",5.56819567329152,0.383415940386606
"CNOT8",7.62578632345956,0.485979640770163
"CNP",8.05046390846691,0.452226165337902
"CNPY2",8.31915588623041,0.475162725678459
"CNPY3",7.56448902245973,0.532893100420223
"CNTN1",4.23879669779967,0.450489760361149
"COBL",5.09817174649683,0.497929354062526
"COBLL1",5.17043335349575,0.626892504118813
"COCH",6.19911354948852,0.688878724046604
"COG2",5.79439039674416,0.431889219268945
"COG5",6.94910232475528,0.429915244530786
"COIL",6.63442208372899,0.59662946195787
"COL10A1",3.60757129338459,0.510464167028184
"COL11A1",3.14323404803768,0.787220379602604
"COL11A2",3.89991431555362,0.343949802034352
"COL13A1",3.90472722037979,0.437117420521468
"COL14A1",3.94251182805981,0.595558585728552
"COL18A1",7.52427895553998,0.688616639051278
"COL1A1",4.61637119216772,0.815352643283876
"COL1A2",6.31086531598959,0.991999996760412
"COL3A1",6.01044733525188,0.923255264275961
"COL4A1",6.05472266941673,0.605472663388097
"COL4A2",5.95886892180516,0.517440679040181
"COL4A3",4.57783557028987,0.502947013443763
"COL4A4",5.47536825958096,0.546291779685832
"COL4A5",5.5952399083871,0.594268181251879
"COL4A6",4.29040050268785,0.493883602298925
"COL5A2",4.82903569758788,0.78320080565808
"COL6A1",4.46675223435983,0.500129892098654
"COL6A2",4.44986223768128,0.532620122974127
"COL7A1",4.6743170604536,0.435040642491093
"COL8A1",3.17176147826396,0.436813757030844
"COL9A1",3.43203897589404,0.344178936203599
"COL9A2",4.17101721455395,0.323454898835464
"COMMD4",7.16205911839327,0.56137626994823
"COMT",7.07139951910268,0.554732703506781
"COPA",7.27854240606675,0.543540748703957
"COPB1",8.52028980189238,0.473500433422191
"COPE",7.5293078732439,0.525178312578813
"COPS2",6.62107423375958,0.603581231884582
"COPS6",7.70183472422767,0.471692809653797
"COPS8",6.7578712882601,0.53071429072897
"COQ2",5.58577178070622,0.506146165103943
"COQ7",5.23414885339405,0.39979246600674
"COQ9",7.58539744453319,0.554372237315506
"CORO2A",4.6148681272204,0.589608875249397
"COX10",6.63687965173335,0.409649359568623
"COX11",6.69203622099888,0.479083696086572
"COX4I1",8.7352822876442,0.452611843070581
"COX5A",9.79626042654876,0.470508714617455
"COX5B",10.4899809994736,0.479819034613194
"COX7B",7.65332072530696,0.550599186479165
"CP",4.35886672876968,0.826962151708796
"CPD",4.99188003040119,0.428247922731961
"CPE",5.22596487142085,0.832748704609322
"CPEB3",5.91147807208609,0.498985237947953
"CPLX2",3.5438357425256,0.371195518521266
"CPM",5.07384726069352,0.546230683822943
"CPNE3",8.33218446528623,0.565718678334261
"CPNE6",3.98373286080376,0.616982678486609
"CPS1",4.51901240442715,0.465243342939554
"CPSF1",6.61469981500482,0.507800626317422
"CPSF6",6.04233341400111,0.461516211538255
"CPT1A",4.32404255485304,0.457980173508342
"CR1",6.47733045165378,0.715600797971283
"CR2",4.36311021156745,1.11383240074695
"CRABP1",4.06117414077768,0.635705073260216
"CRAT",6.65150652123626,0.618491506945917
"CRCP",6.5525715972813,0.400681492031657
"CREB1",7.34134208249439,0.547308722166409
"CREB3L1",3.7957308248925,0.393891316426392
"CREB3L2",4.99568427553278,0.406057189781938
"CREBBP",7.22787193659387,0.465735581568513
"CREBL2",8.2769294387345,0.515733590575675
"CREBZF",4.75100656756395,0.423871065002627
"CREM",4.78176477814974,0.459032567601314
"CRHR1",3.95010076746959,0.409372056225058
"CRK",8.02917020616598,0.543343583319186
"CRKL",7.7268211708188,0.34416599001609
"CROCC",4.43191404365597,0.473086158432394
"CROT",5.90963130755216,0.432461763805096
"CRTAP",6.10387092705268,0.430454706379559
"CRTC1",4.88863674797199,0.426710284982572
"CRX",3.22830690620338,0.331039592858751
"CRYBB2",4.21872438635095,0.544997848399984
"CSE1L",8.04889834731714,0.423398606600054
"CSF1",3.83308509580104,0.373798308268923
"CSF2",3.6955862224156,0.336131568305642
"CSF3R",7.39647946129304,0.554978382395529
"CSHL1",3.46497227419654,0.365625584624377
"CSNK1A1",5.55491086357,0.471353064869323
"CSNK1D",7.57770791319428,0.537692152975559
"CSNK1E",5.14495731610501,0.441958524182578
"CSNK1G2",8.56882047723079,0.396126776037486
"CSNK2A2",6.73494505308071,0.421544660456238
"CSNK2B",9.15968280402641,0.43001176162463
"CSPG4",3.63792583899524,0.431408222821867
"CSRNP2",5.78574730970588,0.492134248415913
"CSRP2",6.21470251759155,0.495680996943024
"CST3",9.28020190394855,0.577431986053887
"CST6",3.85674023463753,0.697147853705981
"CSTB",6.35268237135533,0.441720799784496
"CSTF1",6.45252601600593,0.458475294625533
"CSTF2",5.3775061094272,0.38975723951788
"CSTF2T",6.69022529484322,0.46722927556685
"CSTF3",6.62218228031727,0.480496427942689
"CTAG2",3.5847919319735,0.43554035129089
"CTAGE5",4.97197174508443,0.527812746482603
"CTBP1",9.08473316895001,0.430127647739484
"CTBP2",9.52537489903395,0.352735593400863
"CTBS",8.11446810278141,0.526613114533646
"CTDSP2",9.20522649416903,0.351142250319271
"CTDSPL",6.37985413989313,0.744217812534456
"CTH",4.98232844812846,0.64715349921529
"CTNNA1",6.14471786014002,0.55701827146711
"CTNNB1",8.90428287889459,0.504777614239677
"CTNND2",3.35770321437399,0.35265557270481
"CTNS",4.7689064552305,0.508358140561977
"CTSB",9.68806266091917,0.721358286178202
"CTSC",7.27885629268233,0.635948073904482
"CTSS",8.94380226487544,1.07410380106912
"CTSZ",5.51182539505583,0.50021192550164
"CTTN",5.70969349563855,0.475999400045965
"CUL1",5.73967682252131,0.426538994186725
"CUL2",5.62961740535152,0.469268251362514
"CUL3",8.5137241017576,0.477178172837621
"CUL4A",5.6640604859604,0.505231438719152
"CUL4B",5.73250376962276,0.559998984410706
"CUL5",6.51787163900856,0.552082301327431
"CUL7",4.5898282846476,0.406985023948628
"CUL9",4.76807308315797,0.348523241608431
"CUX1",8.06848379472005,0.465296149821808
"CX3CL1",5.04506099396574,0.4852245057867
"CX3CR1",7.41748329644653,0.822712070963318
"CXADR",4.50812351281538,0.559922396380282
"CXCL11",4.43687815508813,1.43037556668039
"CXCL12",6.23999964783881,0.590256519110896
"CXCL2",4.00240454229089,0.885417831271601
"CXCL5",4.56145060676978,0.872692534978474
"CXCR3",4.69640492324895,0.598608503845893
"CXCR4",8.72216733223504,1.00998536438912
"CXCR5",3.83757534165018,0.430019312854436
"CXCR6",4.44547883272846,0.666225735663609
"CXorf40A",6.28013310594847,0.472297461632792
"CYB561",7.37849885533113,0.52068684436369
"CYB561D2",5.10843664128541,0.464775452287038
"CYB5A",8.72534722105914,0.671277242018574
"CYB5B",5.79107791138459,0.479681546787667
"CYB5R1",8.59933793200811,0.472684203249837
"CYB5R3",6.427467971302,0.750522984488996
"CYBA",8.67307195672231,0.53363952434478
"CYBB",7.80451011167534,0.906705978658037
"CYCS",6.19342440443565,0.492134161843786
"CYFIP1",7.91634809128774,0.381706472565612
"CYFIP2",9.2481826650391,0.730818027352053
"CYHR1",5.32126236293885,0.438894987143277
"CYLD",5.45595579087265,0.474351979087677
"CYP11B1",3.38419542020521,0.326901155133669
"CYP17A1",4.44676192973774,0.809692099509469
"CYP1A2",4.25415988860414,0.381831590877444
"CYP1B1",5.51774984884095,0.637264736747141
"CYP2A6",4.29642883630439,0.454365069499147
"CYP2B6",5.41236131587914,1.00450696306502
"CYP2C8",3.70462200182147,0.487664533532357
"CYP2C9",3.79781596924545,0.472026006627782
"CYP2E1",4.01559945077375,0.653581419794874
"CYP3A4",4.51424228525962,0.741177636006037
"CYP3A43",3.518983168982,0.424372155724564
"CYP3A5",5.04702705079235,0.813020657514302
"CYP4B1",3.80254040841446,0.513520655649299
"CYP4F2",7.08247197765813,1.28737518491072
"CYR61",5.30197535921522,0.774079319256107
"CYTH1",7.68823078468838,0.426018453362739
"CYTH2",5.39058089211152,0.578412396780836
"CYTH3",4.74721434005021,0.422120628303186
"DAAM1",5.33901845569018,0.54108807080256
"DACH1",5.64090464386,0.723990768827553
"DAG1",6.63192485476796,0.483963629656579
"DAPK1",5.34600303769062,0.38884367212762
"DAPK2",5.68353670345627,0.573140383961448
"DARS",8.22684017883586,0.536049050878028
"DAXX",6.60337157775608,0.414303458114989
"DAZAP2",6.00799372646194,0.644288701799534
"DBH",3.6882916602724,0.308646632775459
"DBI",10.4717245487262,0.536776477460401
"DBN1",5.69707044471481,0.507545421323017
"DBP",5.12225699517869,0.534081216685265
"DBT",5.27551849878013,0.574677020408611
"DCAF11",7.02797176644628,0.556150631629747
"DCAF4",5.26898153893713,0.417942688733441
"DCAF7",6.40979372476518,0.5251783732259
"DCAF8",6.85848151255989,0.470216530816331
"DCBLD2",4.80388401623497,0.492032754439246
"DCC",3.25664887175269,0.408441345560102
"DCHS1",4.47241075852552,0.382811867010521
"DCLK1",3.92628131920236,0.635568685192207
"DCP2",4.64743434167494,0.454151745839316
"DCT",3.25709219080706,0.456640001121314
"DCTD",7.54307340577425,0.456086447568569
"DCTN1",5.95906285478636,0.498739454517685
"DCTN2",4.87223156716,0.354645035782463
"DCTN5",5.77929892686933,0.449205420365177
"DCUN1D4",5.99792707122087,0.631418344145118
"DDAH1",6.13315571754212,0.61225178770517
"DDAH2",7.33305640662932,0.605858096780103
"DDC",6.890886185015,1.15933838361532
"DDO",4.72895354773242,0.508472356913335
"DDOST",8.95484631706071,0.475697130160961
"DDR2",5.05981608664308,0.494652514038813
"DDX10",6.89097729268414,0.669298268910796
"DDX17",7.68323766652441,0.848043617857156
"DDX18",7.0067011477671,0.533490709794079
"DDX21",8.83433811346928,0.415980641225373
"DDX23",6.84347850618161,0.374706671712389
"DDX27",7.56957200696733,0.416016487389588
"DDX28",5.91094190822484,0.474904908996501
"DDX3X",5.45844657688354,0.546227855437086
"DDX3Y",4.24735453450317,1.18974620364142
"DDX42",5.08664280378756,0.334058568042043
"DDX46",6.67086275843786,0.516781349914754
"DDX49",6.88611700274205,0.432367352201884
"DDX51",4.35155129114033,0.393094188764909
"DDX52",5.47945213985344,0.511219386137873
"DDX6",7.88858897359706,0.842773258341981
"DEAF1",5.48518083640616,0.449071266754764
"DEDD",6.1433336630621,0.486531973096391
"DEGS1",8.70622063949332,0.470696516338513
"DENND3",7.09993541182403,0.420123697651591
"DENND4A",5.22663364520797,0.611956409391892
"DES",4.61246536330592,0.91541788099491
"DFFA",6.44544301491985,0.445779860011492
"DGCR2",7.33646883956243,0.381242279549959
"DGKA",6.08346851425843,0.664933503663691
"DGKB",3.54245425890722,0.454570122062718
"DGKE",4.40960945556957,0.57968141218156
"DGKG",3.76845789923937,0.416955204657661
"DGKQ",6.02672663873598,0.527479813906119
"DGKZ",7.54888931135386,0.493517944180398
"DGUOK",7.02883010804314,0.504376338143725
"DHCR7",5.05844282267108,0.445533324760612
"DHODH",4.52300168100004,0.433624345754286
"DHPS",6.74742081744656,0.52104895216659
"DHRS12",5.2972970539375,0.509311503245693
"DHRS2",3.50566088042917,0.454379985025738
"DHRS7",5.02878189905912,0.516954992079847
"DHX15",9.59961884637737,0.483228399971967
"DHX29",7.04901517665837,0.52449349204687
"DHX30",5.21379759223175,0.520134552269881
"DHX34",3.81036947637493,0.404451258937571
"DHX57",5.35091506557736,0.461077484835269
"DHX8",4.53755710809834,0.372372796744202
"DHX9",6.39322225253952,0.781331576748455
"DIAPH1",7.4380023678481,0.509803986509453
"DIAPH2",6.30103047550276,0.503397334136723
"DICER1",5.89470166804921,0.480354933175931
"DIDO1",6.65403743890417,0.48190582426199
"DIO2",3.86591664506902,0.429204255123001
"DIP2C",6.05064800089096,0.557701620523527
"DIS3",5.7446503488644,0.55126028044757
"DISC1",3.68344338628303,0.424339567261479
"DIXDC1",5.03310279546589,0.425585891705074
"DKK3",4.35336848919182,0.542735749607608
"DLAT",6.55005918306465,0.615096854470779
"DLC1",4.90067753972164,0.419492916463857
"DLD",7.17537235776227,0.513429409261279
"DLEC1",3.65092817553152,0.304420405421411
"DLG1",6.75386991985379,0.592672836446422
"DLG2",3.78292465261347,0.416354631951654
"DLG3",4.93511856499957,0.437459605861119
"DLG4",4.25403390721577,0.412098534006302
"DLG5",4.94792987962456,0.467631410746495
"DLGAP1",3.45172306887021,0.496975521563694
"DLGAP2",3.89648627562186,0.538216717267998
"DLGAP4",4.81279121454176,0.410894125086384
"DMD",3.59777663388253,0.471098811133324
"DMPK",4.4472123156286,0.368178296582501
"DMWD",4.81741783249106,0.361986851838882
"DMXL2",6.2123419045606,0.634224095348278
"DNAH7",4.05945831646499,0.312715624037602
"DNAJA1",9.77503033692791,0.464225216356196
"DNAJA2",8.08592027196802,0.391361584696097
"DNAJA3",7.62304712894644,0.441858798422554
"DNAJB1",8.17552712975407,0.507520546658488
"DNAJB12",6.7578388667234,0.443050467703084
"DNAJB4",5.89097599385125,0.573706421505207
"DNAJB5",4.14708693490788,0.439448419564214
"DNAJB6",8.17294743925544,0.622926482439837
"DNAJB9",6.72620932074204,0.667875022237636
"DNAJC11",5.81043665092695,0.421542085261804
"DNAJC13",4.85911731305502,0.340814713377913
"DNAJC16",6.61256671544826,0.594464129803566
"DNAJC2",6.77059728610321,0.540340520202517
"DNAJC22",4.79408782337512,0.541082003295006
"DNAJC24",5.34651615177986,0.743732442007604
"DNAJC3",7.77243240070303,0.651857301926186
"DNAJC4",4.43313348562185,0.490025412758456
"DNAJC6",5.54946374462384,0.657525732317932
"DNAJC7",8.11943988662479,0.429874625802372
"DNAJC8",6.160649766315,0.421186748817133
"DNAJC9",6.89592009657165,0.494528647991237
"DNALI1",5.07075334304542,0.386773171929942
"DNASE1",5.91693894508534,0.64217323968959
"DNASE1L3",5.01618898636841,0.506166606301991
"DNASE2",6.63624828353865,0.534568559834014
"DNM1L",6.9987687572,0.535610709309205
"DNM2",3.99892975851258,0.44659439960352
"DNM3",3.8206469077594,0.536802562512423
"DNMBP",5.5690884453037,0.45571385121648
"DNPEP",6.64531060059491,0.544681123570466
"DOCK1",4.25967836176229,0.389251521040096
"DOCK10",6.38387627378381,0.823137490410581
"DOCK2",4.65985995074763,0.8822043220457
"DOCK4",4.62577007131909,0.366432238485436
"DOCK9",4.98493537408043,0.688555626575325
"DOHH",3.90444420676719,0.407412578675516
"DOK1",5.99831915596537,0.475098427122249
"DOK4",4.77289769373174,0.583730946212947
"DOK5",5.20076920633293,0.543420557584961
"DOPEY1",5.30436131915234,0.486813512159082
"DOPEY2",4.75282983615144,0.597796493340711
"DOT1L",4.00508129880136,0.311547168969229
"DPP4",7.31589872568418,1.00893367843289
"DPP6",3.81566017408464,0.450635994552603
"DPT",4.60330964976476,1.09121419164188
"DPY19L4",6.24274336185493,0.710791648091228
"DPYD",6.04898998950218,0.46342185075724
"DPYSL3",3.90286572283858,0.564700224121415
"DPYSL4",3.864240500326,0.398655186873699
"DR1",7.25389672250661,0.499679196036052
"DRD2",3.7953469570348,0.358691520515385
"DRG2",6.06020821184222,0.390002954273215
"DRP2",3.44921700089867,0.459443989366952
"DSC2",4.98224377044686,0.737546943472291
"DSC3",3.14779403101717,0.411886670602102
"DSCR3",5.72861544915679,0.402940895491137
"DSG2",5.97077328808119,0.591944018402573
"DST",5.22980728598512,0.540251624500448
"DSTN",9.34886753092853,0.537533223714569
"DSTYK",5.97623395402671,0.511426723678187
"DTNA",3.60144079949822,0.451411157500244
"DTNB",4.71202163320809,0.452113627739325
"DUS4L",5.18864546015653,0.458829900833923
"DUSP1",6.77126695760133,0.776474624673533
"DUSP10",5.19660998852999,0.589378202804251
"DUSP3",6.65067948267258,0.564747947588638
"DUSP4",3.965563794712,0.638018499519211
"DUSP6",9.47560411827418,0.573054322392054
"DUSP7",4.57576104506458,0.440775465381131
"DUT",6.28078915205618,0.489761101827309
"DVL3",6.31832273913909,0.499658890271149
"DYNC1H1",4.91058941756972,0.434172540251012
"DYNC1I1",3.89313941480657,0.372558012496795
"DYNC1LI2",6.04223306782025,0.411540893232391
"DYNC2LI1",5.70691609329401,0.405827027639266
"DYRK1A",4.17863358147334,0.428428788775458
"DYRK1B",4.03292990345301,0.406830059329432
"DYRK2",6.1819473732746,0.66392919548886
"DYRK3",4.06426605736903,0.360494522314155
"DZIP1",5.51578078755765,0.437193369360726
"DZIP3",5.50757808281512,0.640670002882686
"E2F1",4.41484944280567,0.362507114635865
"E2F2",6.67350367002025,0.716503883040203
"E2F3",7.9414331808214,0.586407850495736
"E2F4",6.67295689415308,0.365594452259034
"E2F5",5.1751721603413,0.614550300991402
"EBAG9",7.71855870471674,0.461222403989956
"EBP",7.52645389229654,0.630976003548043
"ECE1",5.6396859572809,0.511124375357299
"ECE2",4.35480196098835,0.362596881021165
"ECM2",5.33412683195994,0.503389804465518
"EDDM3A",3.32656778165718,0.399347051027282
"EDEM1",5.70652941086472,0.490018752997303
"EDIL3",4.35800684239762,0.465022281560048
"EDNRA",4.08050199270841,0.47332511146413
"EDNRB",5.24362431555386,0.542493187332168
"EEA1",5.6559315377187,0.805445517687815
"EED",5.32901428285234,0.504614486431214
"EEF1A1",11.2031491796764,0.360671313183077
"EEF1D",8.79654136260211,0.596632048696266
"EEF1E1",5.55012884298888,0.521135452608285
"EFEMP1",5.55507707394309,0.499628594983835
"EFEMP2",6.05294842250423,0.481679534880678
"EFNA2",3.31817683257864,0.369859157867919
"EFNA5",4.69550181684257,0.556859677368803
"EFNB2",5.1314328257041,0.457308592702629
"EFNB3",4.23656534738831,0.373139533221003
"EFR3B",3.84314419868792,0.382885531602441
"EFS",4.0242758340492,0.400080825683721
"EGFR",4.00282992070328,0.403227944815578
"EGR1",5.5687007935495,0.831620836755995
"EGR4",3.54638169753319,0.373577321366305
"EHBP1",6.62669094091769,0.577400065897369
"EHD1",6.26522034910856,0.548567057648941
"EHMT2",4.37397926794762,0.376015612698787
"EI24",7.58989804259767,0.392742484068297
"EID1",9.19662323700699,0.587368589688493
"EIF1",7.41583250169527,0.475930063396507
"EIF1AX",7.90724052905457,0.710344267984322
"EIF1AY",5.93194586411741,2.06704258735259
"EIF1B",5.48686368781826,0.454904669193049
"EIF2AK1",8.80781131175795,0.603574734089256
"EIF2AK2",7.59474039355633,0.640238755096641
"EIF2B4",7.58429108987956,0.394073605287768
"EIF2B5",6.18923438249014,0.416718811791273
"EIF2S1",7.75622988434037,0.477172274258421
"EIF2S2",6.0407068842273,0.372286188542418
"EIF2S3",9.08310669402764,0.45459128857378
"EIF3A",8.95234739217735,0.51210895514499
"EIF3B",5.75121254748383,0.559405229788625
"EIF3J",7.69656740531395,0.481169362560632
"EIF3K",7.67122639259272,0.481544028151489
"EIF3M",6.0982833413805,0.543606021182393
"EIF4B",8.22431170733255,0.592702715907233
"EIF4E",7.26320152578949,0.592467795125022
"EIF4E2",6.74470174992414,0.451324416604537
"EIF4EBP2",5.77177211259906,0.484196344237564
"EIF4G1",7.3896363267769,0.549067165474545
"EIF4G3",7.22854767407096,0.529558164773684
"EIF5",9.5767240068512,0.428132961033019
"EIF5B",6.18681302025967,0.582327402619191
"ELAC2",4.95804444300359,0.34431520667087
"ELAVL1",5.88536735893909,0.463232191969038
"ELAVL3",3.97730015167138,0.503877939527592
"ELF1",8.82298020009857,0.552509526402753
"ELF2",7.5140342421465,0.545239685490721
"ELF3",5.09071694059167,0.702800784199135
"ELF4",7.21635031874166,0.626133374331566
"ELF5",4.38378392741033,0.751869580602013
"ELK1",4.9227122025094,0.42448646448978
"ELK3",8.00195079762699,0.591613478130097
"ELK4",4.66699297303716,0.539724195526728
"ELL",4.85538811953053,0.563570428495281
"ELL2",6.08702220016469,0.680523890576173
"ELN",3.96193071659289,0.423352234828482
"ELOVL2",3.34252390898063,0.423927810543141
"ELOVL5",5.58766353865998,0.455274498261521
"ELOVL6",5.06121987004365,0.604492845475673
"EMG1",7.57807614563282,0.491427334052672
"EMID1",5.05447455701609,0.38618762320087
"EML1",4.68242770887385,0.409505930142829
"EML2",4.97384919316665,0.49292424398077
"EML3",5.64617239701437,0.435650363038408
"EMP1",5.19929568333195,0.588616343227786
"EMP2",4.59212618871844,0.529592508355944
"EMX1",4.29103166894511,0.531948291235823
"ENC1",5.40440929219297,0.75945756437779
"ENDOD1",6.58648263798144,0.902129075588031
"ENG",5.55080124112723,0.543420112656836
"ENO1",6.81282186246298,0.681813189498397
"ENO3",4.5997840254614,0.812672542948701
"ENOSF1",7.31695662931035,0.775913079835964
"ENOX2",4.84879896643931,0.368236449561833
"ENPEP",6.5599051811241,0.918904301606595
"ENPP1",4.60719473906881,0.506420540463312
"ENPP2",6.86223007116965,0.554524756352196
"ENPP4",5.79761518663442,0.623872148135261
"ENSA",8.54247479496252,0.407385846711291
"ENTPD1",6.67138345466948,0.679111469565498
"ENTPD2",4.26554516089066,0.371824280698922
"ENTPD3",3.7184000153775,0.496975156382533
"ENTPD4",5.41398779377949,0.478591402013593
"ENTPD5",5.94858519863492,0.814191844297148
"ENTPD6",5.55326982750672,0.561242185040819
"EP300",8.06761918504738,0.453037382877111
"EP400",5.08426348039271,0.526256273385284
"EPAS1",6.01817325188153,0.429580464999449
"EPB41",8.01497118935308,0.457991758442155
"EPB41L1",4.66925841395924,0.519458173048526
"EPB41L2",5.7357159198975,0.508974176502467
"EPB41L3",7.35829293753504,0.767037977341149
"EPHA1",3.99282385331689,0.418039368795894
"EPHA3",3.50618142491369,0.663657828910386
"EPHA4",4.48516927871983,0.528954847810238
"EPHA5",3.34883231108759,0.492466443315275
"EPHA7",4.55346340811812,0.532729519558262
"EPHB1",4.59387383174509,0.561767981341067
"EPHB2",3.94501692801891,0.393171597002044
"EPHB3",4.07525146310261,0.423539280943803
"EPHB4",6.15541593140813,0.581144232991395
"EPM2A",5.25880691805353,0.495608872106138
"EPM2AIP1",7.62772206819838,0.573974754488084
"EPO",3.58756007247896,0.431799286405678
"EPRS",7.94947034440302,0.488909707045107
"EPS15",9.1966770242749,0.401127327550328
"ERAP1",4.7198899438845,0.528265104356177
"ERBB2",4.71934112079023,0.469843976638699
"ERBB3",5.44962875228991,0.546359992628884
"ERBB4",4.60977370302643,0.587615130394281
"ERC1",4.43789643585019,0.499750591911919
"ERCC1",7.11007936364563,0.518480304241607
"ERCC4",4.76855558257668,0.46749704894116
"ERCC6",4.72504419763941,0.353613614224256
"ERCC8",4.83410562557118,0.563292942017933
"ERF",5.94015620899438,0.527569715096782
"ERG",4.57033678176846,0.605246025020447
"ERGIC3",7.66421682287099,0.545887578482052
"ERI2",5.69823222762085,0.657844118131736
"ERICH1",4.59069560918399,0.518687986028842
"ERLIN1",8.0471121040444,0.492933640137926
"ERLIN2",6.02267539067459,0.509554305863994
"ERN1",5.09015131461735,0.52683785075316
"ERP44",5.7168196865705,0.433676475239406
"ESD",7.06308806989949,0.512850290060433
"ESPL1",5.31985587189386,0.666931558599958
"ESR1",4.41956279588394,0.402193439692979
"ESR2",3.52481893774234,0.383326704359375
"ESRRA",6.46559522911599,0.472120326309179
"ESRRB",4.04189637643057,0.510915522604161
"ESRRG",5.97670120507197,0.662913811147059
"ESYT1",8.55161603661353,0.56460094271906
"ETF1",8.21455100848802,0.36206048865851
"ETFDH",6.10227919567646,0.591596806430165
"ETS1",7.69056454791185,0.707566723732827
"ETS2",5.69154743202938,0.469949550934767
"ETV1",3.78727960295169,0.459041574892442
"ETV3",5.60688918914816,0.443739985243988
"ETV4",4.23005460397822,0.417416972817992
"ETV5",4.558693807217,0.402643996368834
"ETV6",6.77117772568639,0.542459898136046
"EVI5",4.87107039304987,0.434836672697577
"EVX1",3.76981823973755,0.562209615255691
"EWSR1",6.90131699478827,0.670227098595757
"EXD2",5.75947221897147,0.35171366010408
"EXOC3",6.44295917696786,0.571917577314148
"EXOG",4.25280089724551,0.509280568381162
"EXOSC10",5.20237859386229,0.476886445823871
"EXOSC2",4.82742655037094,0.479543682183299
"EXOSC7",7.39222352300303,0.573842717877992
"EXPH5",4.52690238693044,0.508282769143261
"EXT1",6.4382923530371,0.482138780666351
"EXT2",6.90967457635889,0.467188776257895
"EXTL3",5.22874694574086,0.455175576855333
"EYA3",5.82167397844632,0.372749484345003
"EYA4",3.74969026718305,0.547542161042395
"EZH1",4.86249268232522,0.392085031293571
"EZR",8.78923636995533,0.75776450546981
"F11",4.60135212332349,0.615015989931245
"F12",4.09678856883104,0.471210580228174
"F2R",5.14216095964476,0.494841557651642
"F2RL1",5.58173623675633,0.747791968208282
"F2RL2",3.5067853448044,0.41266239562498
"F5",6.74115665727614,0.57446732054513
"F7",4.22041498611064,0.363074946541722
"FABP1",5.85821512484565,1.29154036531174
"FABP3",6.43555568569544,0.75069339027762
"FABP4",4.46701735491675,1.03057974453273
"FABP7",3.21404226811459,0.608476752659001
"FADS2",4.78339291649937,0.529183095407015
"FADS3",5.43607613406586,0.45803274629888
"FAF2",7.29255947352547,0.333335995530973
"FAH",5.54533023428847,0.648192380524606
"FAIM2",3.80824162949308,0.395068613511841
"FAM105A",4.54314303816861,0.514872278689034
"FAM107A",5.24507605921668,0.430554615513427
"FAM110B",5.19030995156284,0.543423695924804
"FAM114A1",5.65945603574427,0.529880230228321
"FAM120A",5.69092779175831,0.580541230928684
"FAM131A",5.15841175888751,0.439242103373415
"FAM134B",7.59357593339651,0.767983206373943
"FAM13A",6.52052747911519,0.480351023474573
"FAM13C",4.39378740128704,0.549564114055757
"FAM149B1",5.72016243101492,0.623490835387966
"FAM168A",6.10424199705856,0.432067063308363
"FAM168B",7.88419842775296,0.366843150681335
"FAM172A",7.46865931241986,0.432677761442889
"FAM175B",7.1958757563816,0.371661276898278
"FAM189B",4.97315217120758,0.355669411506715
"FAM20B",6.65893000009479,0.518004966850066
"FAM3A",6.63368492708841,0.483621796102367
"FAM49A",6.725198394745,0.635479297576477
"FAM53B",6.98430324496081,0.395527753614027
"FAM63B",4.75014914567134,0.566709340823812
"FAM65B",7.63364414720605,0.694247378824071
"FAM69A",5.94035699672398,0.737879949891515
"FAM76A",4.57067166914673,0.509909239535793
"FAM89B",7.77273855455833,0.492668621664557
"FAM98A",6.83849460303266,0.537400373948671
"FANCA",3.7814755086651,0.383929449870307
"FANCC",5.02491248120455,0.399250676680008
"FANCI",4.45160249257477,0.547474830533464
"FARP1",5.58913222640142,0.575163336824807
"FARP2",4.43976399806272,0.326265090688522
"FARS2",6.1082228735648,0.503935820949733
"FARSA",6.38962080810189,0.497799775919526
"FAS",6.80316332252188,0.809173900607079
"FASLG",4.48749905551667,0.582918454433795
"FASN",4.40026580441544,0.463257376734951
"FASTK",6.93479863109751,0.52691659573166
"FASTKD2",5.10317027566888,0.482717972361899
"FBLN1",4.62650624989222,0.639871447861428
"FBN1",4.95950990598274,0.846877152258499
"FBN2",4.8044172429185,0.792513602355106
"FBXL14",6.5202786470441,0.475740666481525
"FBXL4",5.37926651859089,0.521993128354554
"FBXL5",10.2421746855086,0.399884171720788
"FBXO21",7.94817200182962,0.615768155620453
"FBXO28",7.23398903364325,0.58788356679972
"FBXO7",7.71351690724745,0.549659392271654
"FBXO9",7.24575140645939,0.536915020123244
"FBXW11",6.67685746457646,0.367649928698438
"FCER1A",4.17592616994355,0.640091253764323
"FCER1G",9.53960184351866,1.02237273635385
"FCER2",3.89375036184509,0.450914837304788
"FCGR1A",4.68324777635585,1.03812335106141
"FCGR2A",8.66225636673128,0.826586431705089
"FCHSD2",6.04415129475635,0.555362416792359
"FCN2",3.62160986198935,0.392654765690716
"FDFT1",9.14677280326497,0.504743003510827
"FDPS",6.14066330533881,0.421775907575192
"FDX1",6.45445463275186,0.491084940133981
"FECH",8.45904711573633,0.903216656570763
"FEM1B",5.22004513399663,0.459944743509508
"FEN1",5.5730809103192,0.548548091340465
"FER",4.84506347306163,0.465578115567728
"FERMT2",5.71691301518696,0.496167835680459
"FETUB",3.41884336090722,0.383946106909099
"FEZ1",4.72593547687898,0.598495700510458
"FEZ2",9.24597487435161,0.37943253631682
"FGA",3.35518592503601,0.692927327242344
"FGB",4.65272993050052,1.30616727394485
"FGF1",4.6425088960078,0.749556181337675
"FGF12",3.63706548699122,0.404170400501983
"FGF18",3.63508683390577,0.438895070207614
"FGF2",4.41938012977572,0.479445847202681
"FGF4",3.77483524178792,0.448721975838673
"FGF5",3.62505844239769,0.449437203405065
"FGF7",3.74760083797352,0.759517612188514
"FGF9",5.41918486196851,0.67876125211359
"FGFR1",5.00805820787411,0.450633756524547
"FGFR1OP",6.57045724174507,0.614236107354647
"FGFR2",4.00647649900491,0.406699198688968
"FGFR3",4.94348206843669,0.5962429716704
"FGFR4",4.29858588292482,0.558501514242443
"FGL2",10.0567143889945,0.541171415525043
"FH",7.96129815854499,0.732635613316847
"FHL1",7.37174094028146,1.1919375285106
"FILIP1L",4.62748697685384,0.65530354808429
"FKBP4",5.83126478236947,0.494483543634281
"FKBP5",6.54854825991963,1.14574830856394
"FKBP8",6.47815264998041,0.647345036279809
"FLAD1",6.51712949319224,0.437950201161276
"FLI1",4.57507792427529,0.621059384724172
"FLII",7.14178189563483,0.534056170850296
"FLNA",7.09210298268515,0.673619418966997
"FLNB",6.21027663248201,0.521060144044175
"FLOT1",8.02842404126399,0.484028556834177
"FLOT2",6.11039359496989,0.627970660977516
"FLT1",4.86465550087666,0.489867073289274
"FLT3LG",5.23305153012615,0.754159112353591
"FLT4",4.03338797294433,0.438773627619597
"FMNL1",6.12228149237098,0.499822201518627
"FMO3",4.51450617306351,0.769617153380526
"FMO5",5.25938782752319,0.675887753975053
"FMR1",8.45854891296693,0.641866407909092
"FN1",5.77924387579917,0.701765072533349
"FNBP1",8.74131254417693,0.598073077316143
"FNBP4",7.11303659981068,0.56592783824013
"FNDC3A",5.79549905202175,0.458134187763185
"FNTA",8.7544912885271,0.442164710161663
"FOLH1",5.02399240461239,0.841344883442669
"FOLR1",6.77400503678991,0.680666736562521
"FOLR2",5.89228696007198,0.722227612128818
"FOSL2",6.34868268412394,0.707175696907347
"FOXA2",3.68257253620015,0.433066845048272
"FOXC1",6.11268961062156,0.703265880157641
"FOXC2",4.00834860617354,0.442399699061836
"FOXE1",3.30847824594843,0.418740200643093
"FOXG1",3.9177108016628,0.39110893210103
"FOXH1",3.96853107824954,0.477484843092787
"FOXJ2",5.09430075355967,0.391316883635476
"FOXJ3",8.13326022953762,0.37370279894296
"FOXK2",6.47430231212681,0.416229079092707
"FOXN2",4.86273607156324,0.574819414912364
"FOXN3",7.25580755658012,0.456811085841933
"FOXO1",7.64528420889398,0.491156262826027
"FOXO3",6.7825366103455,0.80425299170847
"FPR1",6.76759931358069,0.895520161042081
"FPR2",6.33959269517872,0.605552045062717
"FPR3",4.72929085667299,0.68784670295028
"FRY",6.87260427007916,0.538179850555919
"FRYL",7.04360411954189,0.58882575344233
"FRZB",4.84746814566704,0.681417466203291
"FSCN1",4.72575649861035,0.408199127152125
"FST",4.14131747998255,0.670510645323017
"FSTL4",3.50672546335824,0.385078251346338
"FTH1",11.0097061533362,0.475009215528472
"FTL",12.9924594672135,0.412489649718707
"FTSJ1",6.7474206618707,0.442733609294494
"FUBP1",5.41155264198035,0.486027629948945
"FUBP3",5.42529667835259,0.453659242265794
"FUS",5.02580626564004,0.561811698262156
"FUT2",3.6845215728016,0.43088869030205
"FUT3",4.4702645623894,0.584027073738842
"FUT4",5.38693565262617,0.554248099148963
"FUT6",4.7048451559466,0.647111652948289
"FUT7",4.95938906839075,0.499859486987275
"FUT8",5.17061796224379,0.537713850847225
"FXN",5.69640986973568,0.433500910831213
"FXR1",7.9043898225089,0.534728381761559
"FXR2",6.3733611561467,0.461691165322913
"FXYD2",7.17492539832992,0.698739988541748
"FXYD3",4.17004568484375,0.4679003978432
"FYB",7.67059077610898,0.830395408131179
"FYN",6.89641428444875,0.620670029643878
"FZD1",4.83927487356793,0.392578718485449
"FZD5",5.11872881750834,0.509115524418739
"FZD7",5.07078620687918,0.49923131761215
"FZR1",4.64497342966856,0.367921747464395
"G3BP1",7.60869590231364,0.527191805992527
"G3BP2",6.28146488315191,0.484973941128214
"G6PC",5.27231009832043,1.08834991989862
"GAB1",5.73976985609672,0.688191380386803
"GABARAPL1",8.88641284097174,0.543915611373433
"GABBR1",5.61661783593688,0.919108136487263
"GABBR2",3.54010964475792,0.424842726959964
"GABPA",4.78250140446162,0.469597127141351
"GABRA2",3.57226467228513,0.484904838546727
"GABRB2",4.38415513433309,0.603914156378063
"GABRB3",4.72898315958503,0.619355927008669
"GABRD",3.57185124076189,0.291492864777568
"GAD1",3.5876065420419,0.542793677782608
"GADD45B",7.93800302019117,0.642690801693701
"GAK",8.01276846523704,0.440214907776324
"GAL",3.58752407946754,0.461025895549982
"GALC",5.23452045765734,0.497930130522174
"GALE",5.30550911899297,0.406413310139426
"GALK1",3.9719642962648,0.438509550938685
"GALK2",5.71003132498647,0.4422234604537
"GALNS",4.65806725686115,0.394368942084306
"GALNT1",5.76903250763024,0.418235109342742
"GALNT10",6.50418699742853,0.530913532704134
"GALNT2",5.68816410526007,0.538066819164985
"GALNT3",5.14506770223503,0.589996462783874
"GALT",5.82715262863729,0.457251969020842
"GAMT",5.83381198457957,0.611386140573172
"GANAB",7.68569346326793,0.599425535045181
"GAP43",3.43532395712713,0.438469089824694
"GAPVD1",6.33834134161336,0.424026997598281
"GART",5.79640151294664,0.444884495121373
"GAS1",4.72082230436897,0.482945628075356
"GAS2L1",4.8359340215176,0.427524235633962
"GAS6",6.30086465440758,0.469202151947428
"GAS7",6.99397101393718,0.641051189565088
"GATA1",6.12024611717919,0.625113700764544
"GATA2",4.62082520587887,0.411890485764813
"GATA3",6.0211620585411,0.686646671066091
"GATA4",3.5730608310404,0.418853853710501
"GATA6",4.18132478828597,0.497201994066778
"GATAD1",7.25393792235887,0.571241633496595
"GATC",7.6673055195378,0.486130420970328
"GATM",6.16823615972949,0.753778141202443
"GBP1",8.77740254151595,1.12124843728054
"GCAT",6.37514318361907,0.971896872109925
"GCDH",6.53506637652617,0.698348804883631
"GCLC",5.91578389846689,0.456572030156453
"GCLM",6.59470192251661,0.608680637490424
"GCNT1",5.02835777801944,0.53141111639477
"GCNT2",5.82145494548506,0.555106315465942
"GCOM1",5.83279657942218,0.517984265496712
"GDE1",8.45830256414561,0.526490715697768
"GDF11",4.85472852258838,0.388088254507829
"GDI2",10.7129945549661,0.557390737503348
"GDPD5",5.82847245607858,0.490051630801048
"GEMIN4",4.94211766549306,0.41476251212763
"GFER",5.38216539703975,0.46922826057114
"GFPT1",6.41862925519551,0.532131003654379
"GFRA1",4.79555161691269,0.52359247066734
"GFRA2",3.68090405868259,0.417529231087721
"GFRA3",3.7715143334681,0.391847285367778
"GGA2",5.99402992085847,0.611544870212765
"GGA3",6.77240128604897,0.464271015191143
"GGCX",5.43267252226627,0.421985658245292
"GGPS1",7.11023244167999,0.393392537797423
"GHITM",10.0716962770224,0.443870828773323
"GHRHR",3.43567925527671,0.311856851896959
"GIGYF2",5.88620094580605,0.495229079740691
"GIT2",6.44514314057775,0.5612514717278
"GJA4",5.0768866211362,0.429937377387817
"GJA5",4.33297373238782,0.56641600048546
"GJB3",3.86738149868325,0.366251753490754
"GJC1",3.81989545143401,0.510831870493995
"GJC2",3.90856360531768,0.327904479416201
"GK",7.70741735165233,1.00882709480043
"GLE1",4.88399721013446,0.351653679014239
"GLG1",7.45739692117456,0.518887395178997
"GLI2",3.59934825310654,0.461954661809133
"GLI3",4.97204677760137,0.443437980343279
"GLIPR1",8.50948321538652,0.831955757340586
"GLP1R",3.93429756950258,0.382486581524808
"GLRB",3.7043773034965,0.516812789926017
"GLRX",10.1440244778696,0.628794010773404
"GLRX3",6.88816139541409,0.455436415565453
"GLS",6.39304817270986,0.713972798884068
"GLS2",3.53958358813772,0.386747709380854
"GLT8D1",7.29812192615772,0.438800517376822
"GLUD1",9.30031164437692,0.567407380137089
"GLUD2",4.81603692920094,0.53376557483037
"GLUL",9.51911522044763,0.625440100583442
"GLYAT",6.73630098957288,1.02349580138493
"GM2A",4.44255046877198,0.442880046478404
"GMDS",5.72643512351509,0.475554597021306
"GMFB",8.43413437785603,0.55011413241622
"GMPS",5.24979419663788,0.32656420943589
"GNA11",5.84460477069278,0.415737249050041
"GNA12",5.03054594228798,0.302722861778704
"GNA13",7.89310872172251,0.626986067148192
"GNAI1",5.65379419454057,0.623131032566027
"GNAI3",7.61094649917712,0.600283452782533
"GNAL",4.0394335003492,0.421480475984409
"GNAO1",4.63726400596459,0.557244129227174
"GNAQ",8.17955850486168,0.532599945810312
"GNAS",6.77961197550746,0.443693836441594
"GNAT1",3.41749262307313,0.34186032319241
"GNB1",9.30741644400106,0.499040043633724
"GNB5",5.70484790104139,0.669480224690471
"GNG12",6.27279088677221,0.490933182646169
"GNG4",3.36649476731336,0.412693367061512
"GNG7",5.92668053228636,0.572224927127249
"GNL1",4.09157546568463,0.288279036335951
"GNLY",7.61923011952398,1.04303801105349
"GNRH1",3.82437063247974,0.392446869244643
"GNS",7.57232364144647,0.599615457172853
"GOLGA1",5.77190799565074,0.383609388437078
"GOLGA2",5.15783680855571,0.531294742021286
"GOLGA3",6.94709335902464,0.468659106940216
"GOLGA4",7.86587532845145,0.535504373593554
"GOLGB1",7.27661414244955,0.466556283227319
"GOLIM4",5.0510001764288,0.75468232745532
"GORASP1",6.48650542028424,0.456862731255969
"GORASP2",8.29879448928574,0.40531857912473
"GOSR1",6.58750114877096,0.391188901417456
"GOSR2",5.53526744651592,0.505255071886516
"GP2",4.38210114711445,0.689049465347398
"GPAA1",7.64365196612589,0.48162078697047
"GPATCH8",6.6210940539894,0.521144967274592
"GPC1",4.67243028504534,0.384450400996995
"GPC3",5.51803307166186,0.690381339274037
"GPC4",5.65255286405357,0.493486323116137
"GPD1",5.36219635453173,0.741669221090986
"GPD2",5.98640678905342,0.592436453997018
"GPLD1",4.06392673410163,0.324931817252708
"GPM6A",4.47081225739069,0.797671356878284
"GPM6B",5.09901883596941,0.747051377272023
"GPNMB",5.66765875228547,0.773052137896066
"GPR107",4.44924326126449,0.3951741811677
"GPR135",3.53155478678942,0.358194229788502
"GPR161",3.86164922931657,0.297518902643392
"GPR162",3.94935438875872,0.370030150105124
"GPR176",4.32905848642821,0.277290043423449
"GPR182",4.18284522433333,0.319318124303088
"GPR37",3.14461461407737,0.452731872450423
"GPR39",4.01620986032123,0.406280797645402
"GPR4",4.21348959120627,0.400385409541745
"GPR6",3.60129657421197,0.365733144889234
"GPR68",5.44001154207739,0.601429769664653
"GPRC5B",5.11689584131632,0.452570223602371
"GPSM3",6.64937116536003,0.569152247303007
"GPX2",3.97840399397965,0.558144590794452
"GPX3",8.78865196761091,1.02618158191141
"GRAP",5.5556071973554,0.660800817761853
"GRB10",6.68875669311257,0.709233851049774
"GRB2",9.27256945151204,0.392875089473205
"GREB1",3.52495236601082,0.437508736470121
"GREM1",3.6354282437276,0.829108173906266
"GRHPR",9.31055667825918,0.636558691210474
"GRIA3",3.73940062541993,0.463584689939137
"GRIK5",4.25575631793839,0.416230633364978
"GRIN1",3.88638800471379,0.418306103329888
"GRIN2A",3.60638899821155,0.524922021499756
"GRIN2C",4.3439804124552,0.374384724325139
"GRK4",3.51734079999689,0.406307154248569
"GRK5",5.01636202495414,0.512761027507664
"GRK6",6.59974020847295,0.47060934021096
"GRM1",3.65397775738883,0.579653166025152
"GRM2",3.6515451691211,0.419940351955531
"GRM5",3.67058336184957,0.443718792979168
"GRM8",3.57494418689683,0.344555342075521
"GRN",9.33119931629874,0.61471424906625
"GRPEL1",7.72546428630911,0.49363389869861
"GRSF1",6.09051359507748,0.509607812232094
"GSK3A",5.81287484552938,0.491440003734261
"GSK3B",4.86659604061356,0.35397761349146
"GSN",5.02423676218598,0.768246257362582
"GSPT1",7.14212269727055,0.597061015215065
"GSR",8.64013101855829,0.44938552371114
"GSS",7.26448812309816,0.566148495252853
"GSTA1",7.01412922127745,1.19412808786687
"GSTA4",5.84942027987503,0.474890133565782
"GSTM1",6.87582673814179,0.729674990067652
"GSTM3",6.64928365864592,0.701919451225155
"GSTO1",10.4213197149474,0.424961906858583
"GSTT1",5.17443247703582,1.06493937088963
"GTF2A1",7.40917307585124,0.504499957997548
"GTF2A2",5.7129620480801,0.462400372064324
"GTF2F1",5.98468729019168,0.532417787355344
"GTF2H1",6.53869470597138,0.652454487401829
"GTF2H3",5.87960953936564,0.432415256429281
"GTF2H5",6.79945339775618,0.525829447840467
"GTF2I",10.0160389252628,0.36674422122764
"GTF3A",9.35451312015416,0.379457880399561
"GTF3C1",6.46253764721479,0.451620206755871
"GTF3C2",6.99089701377608,0.379515517879791
"GTPBP1",4.39898479922999,0.451592442162869
"GTSE1",3.7451916236129,0.375781631356889
"GUCA1A",3.67087943389256,0.361776890542549
"GUCA1B",4.45554181357557,0.382878142314806
"GUCY1A3",7.433484814584,0.717596659887866
"GUCY1B3",5.85308030849738,0.507772831898646
"GUK1",7.06707052256708,0.611193630208628
"GULP1",4.83598685900041,0.512903645702212
"GUSB",5.87799616211788,0.36454998613533
"GYG1",9.30210365954354,0.536656249234258
"GYG2",4.06209649222224,0.38690560895495
"GYPA",3.70318766777542,0.567445411912015
"GYPB",6.11566424311693,0.829110004180209
"H1FX",7.38102029478202,0.514986594889404
"H2AFV",7.60412655437038,0.502722110485311
"H2AFX",6.50831214435218,0.464728525923244
"H2AFY",8.94736588194411,0.468679518063572
"H2AFZ",10.4163309101611,0.430510909095918
"H6PD",4.5371355688842,0.402715747134289
"HABP4",6.07473010708559,0.599552588748627
"HADH",7.52485557041159,0.741313655677632
"HADHA",9.37984805484252,0.495677966674971
"HAL",3.43236583131568,0.416083513000803
"HAP1",3.90531103233067,0.332196689372764
"HAPLN1",3.24327748374655,0.448857421703552
"HAS2",3.66736307170744,0.558837014239343
"HAUS5",4.63919348999272,0.432104765037937
"HAUS7",5.3561009839491,0.612268111883691
"HBB",10.9310400284957,0.984774951198326
"HBE1",3.58263581255503,0.450045742410734
"HBEGF",4.19759388361883,0.496231674631348
"HBP1",4.61810673553348,0.442289168099853
"HBS1L",5.80534568073327,0.463026083482305
"HCCS",7.46529603269938,0.421210505921911
"HCFC1",4.09775464345606,0.33242247695744
"HCN2",3.57496273322448,0.419079328811046
"HDAC2",7.24956911376303,0.413057690062077
"HDAC4",6.53346058951553,0.495313113400971
"HDAC5",6.95410022740147,0.46562048529281
"HDAC6",5.10005836848212,0.509068156003509
"HDAC9",4.27303172855306,0.57266572724665
"HDDC2",6.07675674451262,0.488592127387752
"HDGF",9.54558720314442,0.500972914530473
"HDGFRP3",5.14120230797032,0.644220594216308
"HDLBP",6.37807005677885,0.552255400653842
"HECW1",4.24344435609659,0.439329156424251
"HEG1",6.64966802305886,0.594850742804569
"HELZ",7.89335865368914,0.469197201800019
"HEPH",4.4835025806911,0.534179969298049
"HERC4",4.66468379696202,0.490996072408034
"HES1",5.11647575155137,0.42699563304459
"HES2",3.66253981395381,0.45342780168604
"HEXA",6.33558169873605,0.558243186720287
"HEXIM1",7.76506637093414,0.463329004238043
"HFE",4.30309386573471,0.32188951209449
"HGF",4.36537895235602,0.526695657404979
"HHEX",6.84166133697907,0.601862902420042
"HHLA1",4.23124280535445,0.345623973159451
"HIBCH",7.74836015589711,0.804095225613188
"HIC1",3.86617379633591,0.401371701569203
"HIC2",5.12264790963063,0.469852407696244
"HINT1",6.64384088736315,0.73429760524398
"HIP1",4.41638203471925,0.477179362693691
"HIP1R",6.55231313386469,0.634681688174431
"HIPK1",7.32098038151229,0.547320467937663
"HIPK2",5.26598491131162,0.650722954861396
"HIPK3",3.9382713181969,0.400190228171346
"HIRA",6.90240538088906,0.652091742907981
"HIRIP3",5.76405122049152,0.473957347392719
"HIST1H1T",3.84284364291309,0.370653414458098
"HIST1H2AK",4.29706210495198,0.462501220991955
"HIST1H2BC",6.51974997987208,0.598943768861421
"HIST1H2BD",8.14091937765128,0.707162914486909
"HIST1H3E",4.21186998666781,0.453076439374988
"HIVEP1",5.41180125234925,0.479315000095877
"HIVEP2",4.99226727431383,0.656311909679371
"HK2",4.11302695041913,0.544923813000739
"HLA-B",12.1067779216167,0.586280632813329
"HLA-DOA",4.21837146253349,0.413413441644144
"HLA-DOB",5.81626430314595,1.01614115558089
"HLA-DPA1",8.9425853102626,0.995562376158031
"HLA-DRA",11.3318387123526,0.899689357803066
"HLA-DRB1",10.6500038358536,0.807660435264609
"HLA-E",11.2245073483748,0.525210596752412
"HLA-F",10.4885862463126,0.605090435562488
"HLCS",4.43040110395624,0.31811588545145
"HLF",5.36461108414364,0.546549729335822
"HMG20B",6.39768553849188,0.549469719703744
"HMGA1",5.018661855343,0.528322193773552
"HMGA2",3.25253672656923,0.441203732558889
"HMGB2",5.39009317024759,0.427648475223324
"HMGB3",5.33148809993614,0.358222759174205
"HMGCR",7.52425137476328,0.594231408806347
"HMGCS1",5.13945114335896,0.359066626337294
"HMGCS2",5.12641988685465,0.927516368923706
"HMGN1",10.1268729119759,0.446441492275105
"HMGN4",9.57494063097103,0.441419607514002
"HMGXB4",6.88110326584195,0.444115089422344
"HMMR",4.44032025923916,0.590477116791233
"HMOX2",7.0529709935932,0.505653009215208
"HNF1A",4.47477354971724,0.500298616726367
"HNF1B",5.99684637879673,0.570195239055728
"HNF4A",4.63035412243953,0.479475987009212
"HNF4G",5.09521742748115,0.718178986167094
"HNMT",6.45721061593863,0.59560028971924
"HNRNPA0",8.1650902191181,0.457198988921535
"HNRNPA1",7.17980563655933,0.69855087052015
"HNRNPA2B1",9.11283756145328,0.625080121137099
"HNRNPAB",8.32776873180643,0.382982634231203
"HNRNPD",5.7940443735087,0.580979350419162
"HNRNPH1",7.34769249384371,0.66570051801936
"HNRNPH3",8.37457639315727,0.479730261364411
"HNRNPK",10.9505532730335,0.401524394637678
"HNRNPL",8.3232610638833,0.495824939463083
"HNRNPM",6.9161726192334,0.378604230124561
"HNRNPR",8.86789949221338,0.528044633101485
"HNRNPU",5.1607674382944,0.515709858097501
"HNRNPUL1",8.27414073776314,0.465101423808881
"HOMER1",5.15219484238652,0.529039525656411
"HOMER3",4.80464939752022,0.532756274505338
"HOPX",7.6947706842924,1.0166921516814
"HOXA10",5.76771208752586,0.419549058108823
"HOXA11",4.11081558326423,0.416102659764334
"HOXB3",5.4854374327089,0.533866794871605
"HOXB5",4.65561683891012,0.445763670519431
"HOXB6",5.16478610865426,0.512091639375956
"HOXB7",5.42803889011026,0.450894704856967
"HOXD1",4.40433600538709,0.395879902359605
"HOXD10",5.28976220624688,0.566064300347127
"HOXD13",3.41683875921524,0.268895267539168
"HOXD9",4.79121487421116,0.465847219571418
"HP",6.1176768099175,1.30174106370162
"HPCAL1",7.45264053895354,0.599243636836386
"HPGD",6.02648698887532,0.966898859758458
"HPRT1",8.08634338151457,0.579592213179813
"HPS1",6.04450961152729,0.671518962386487
"HPX",4.30131677859137,0.397748254158041
"HR",4.02974949476181,0.346827641362721
"HRG",5.76045691330882,0.870995740527542
"HRH1",4.0560242642218,0.492317335691369
"HRK",3.64198686088007,0.392944965695484
"HS2ST1",4.92206125091898,0.501872845729067
"HS3ST1",4.44563442921312,0.59652089045596
"HSBP1",9.80183754647255,0.495852340903111
"HSD17B1",5.50409281150471,0.47669643405884
"HSD17B4",6.5615949334545,0.369118807379631
"HSD17B6",3.74003037737128,0.530791359960294
"HSDL2",6.82975597968214,0.693931981081901
"HSF1",4.62152717324803,0.459622902378747
"HSF2",5.39778876713275,0.573481303251523
"HSP90AA1",10.7297414357605,0.581403003115418
"HSP90AB1",9.09105756209986,0.937087828759072
"HSP90B1",9.97628378860728,0.587247117027821
"HSPA12A",5.02695973342281,0.425933508582759
"HSPA13",5.85478697937728,0.505502664616682
"HSPA1L",4.87319370180913,0.388062486201336
"HSPA4",6.66151372549516,0.575635573324008
"HSPA5",7.22656550967284,0.540392159391455
"HSPA6",7.29410800088854,0.751979305411136
"HSPA9",7.39717263190667,0.609982048207569
"HSPB11",6.41398630416693,0.656857246382403
"HSPB6",3.86904656800697,0.578835559858535
"HSPD1",5.00151743979758,0.494882763388696
"HSPG2",4.81555064429438,0.453285545216104
"HSPH1",7.75932409358264,0.641740125655592
"HTATIP2",6.8681874917951,0.497043542461664
"HTATSF1",6.58477897759074,0.696101456839464
"HTR2A",3.33988342221881,0.407249305957173
"HTR4",3.75641300076704,0.441173238220424
"HTR6",3.76550853547546,0.532850457408114
"HTR7",3.38139966184444,0.330006028365342
"HTRA2",7.17917026521039,0.379663426028082
"HTT",5.75535040595666,0.429206772490614
"HUS1",6.20741821724678,0.461305113758198
"HUWE1",4.9642597484962,0.372131034015078
"IBTK",5.38363311839333,0.395589012903346
"ICA1",4.25913358941075,0.341601584467964
"ICAM1",6.11116616214559,0.748038459580923
"ICAM2",8.01591796300053,0.600789319140179
"ICK",3.38087091330024,0.434415994312705
"ICMT",6.9225682746276,0.495371420295848
"ICOSLG",4.43959639616577,0.393840650580942
"ID2",8.42249823104695,0.58494876831467
"ID4",5.20423795938724,0.52221272134037
"IDE",5.50484846161367,0.427181746986994
"IDH1",6.84670492454132,0.576994722043041
"IDH2",7.08415705702626,0.690821520166917
"IDH3A",6.67340402750567,0.524942108124312
"IDH3B",8.2050048461022,0.479783414438111
"IDH3G",7.77963588343072,0.561623113979232
"IDI1",8.11992477656861,0.419840881414203
"IDS",5.05977439076257,0.352835441735494
"IDUA",3.94479917003502,0.319645642556303
"IFFO1",7.01995504874077,0.47584311292603
"IFI16",9.16825796703332,0.792032813576766
"IFI44",6.3385586964889,1.25964356893799
"IFIH1",6.83250874716312,0.631465068208716
"IFIT2",8.33835728692096,0.688801829418863
"IFIT3",9.20914321132952,0.805476420862503
"IFIT5",8.17533343471754,0.606773284911975
"IFITM1",11.1349165732274,0.656457809963733
"IFNA10",3.72244168733105,0.518254851659711
"IFNAR1",6.02955149694449,0.486697337002083
"IFNAR2",7.6390584890265,0.49516928030802
"IFNGR1",8.45367289807738,0.749561687326393
"IFRD1",8.03771320008127,0.653854634008895
"IFT140",4.03683873957789,0.354754825227493
"IFT27",5.96182624003354,0.453918140680994
"IGF1",4.56912995333675,0.854890319709179
"IGF1R",7.76805071146463,0.78328506199881
"IGF2BP3",3.68036147965824,0.555361987652138
"IGF2R",9.30176630919547,0.573496954667908
"IGFBP1",3.45618918191319,0.531535402105586
"IGFBP3",6.47049959306966,0.769699064983301
"IGFBP5",5.60343136850449,0.58982060579686
"IGFBP7",9.54238394928041,0.580023326086235
"IGHMBP2",4.59033709153771,0.41228398252467
"IGLL1",4.55359947921963,0.861257779840529
"IGSF3",4.63576963605448,0.486245766746593
"IGSF9B",3.71299441511489,0.416493324761515
"IHH",3.94506453999377,0.372167111099537
"IKBKAP",6.8267600342661,0.398298502099627
"IKBKB",7.24416894454557,0.406586231534467
"IKBKE",5.70157404441135,0.438251933068344
"IKBKG",6.90245475005248,0.392236654112726
"IKZF1",7.18055216070788,0.705307992784448
"IL11",3.65355629569385,0.431872057532391
"IL11RA",4.82484695405655,0.373165779808852
"IL12RB1",6.70488999688448,0.803436334744772
"IL13RA1",8.41121257261115,0.549508759675989
"IL15",5.84091851780371,0.648088907118609
"IL16",5.8968521522137,0.698468274395389
"IL17RA",7.76067126127755,0.493998484219607
"IL1A",4.24973436795774,0.567579158108855
"IL1B",6.81437051216151,0.725290187171029
"IL1R1",7.78565105251498,0.697984085606616
"IL1R2",7.95824720105221,0.772667479555244
"IL1RAP",4.241078268725,0.567728584777387
"IL1RL1",4.93927252201027,0.753369812805019
"IL1RN",6.01949056149834,0.69652717344888
"IL23A",7.15245168650222,0.777657149516433
"IL27RA",6.01228765129431,0.704424657987755
"IL2RA",4.04385365610984,0.488652148439498
"IL4R",6.63637776727264,0.686259762987105
"IL6R",6.62086061096739,0.715846548381676
"IL6ST",5.07305175614394,0.64213468442483
"IL7R",7.64330732909948,1.52524367958323
"ILF3",7.20040463018,0.471037380741815
"ILVBL",6.06974491410208,0.592955908265028
"IMMT",6.71138628366937,0.562120687431075
"IMPDH2",8.54819170450605,0.528079836975923
"ING1",5.44879737919122,0.40332003518124
"ING2",5.35837292312504,0.423837138943975
"ING3",5.94412782074348,0.481770121939256
"INHBA",3.83943031921581,0.614663618977955
"INPP4A",6.98073047588865,0.522278664372738
"INPP4B",5.1355359494341,0.806273957995676
"INPP5A",5.53896192667784,0.415117276686062
"INPP5B",4.62231768398218,0.452623804525818
"INPP5D",7.07074552101261,0.515592045898933
"INPP5F",5.7135830002168,0.515995287155456
"INPP5K",7.4519705573796,0.490233307309894
"INSIG1",7.85677564125044,0.650125059079521
"INSL3",4.03765035270387,0.492974852203083
"INSR",6.662459562329,0.687693318456899
"INTS1",4.41261395566942,0.328954664236797
"INTS3",7.51565835012061,0.437713803146087
"INTS9",6.53113489898024,0.334733495571324
"INVS",4.4495483182557,0.411970189131741
"IPO5",6.02772441643596,0.404482343470666
"IPO7",8.10003364588387,0.52371703781751
"IPO8",5.55153678483975,0.331350409428271
"IPO9",4.85114494367631,0.40135390023306
"IQCB1",6.75399078194223,0.536736978927113
"IQCE",5.29713419104031,0.427673602467195
"IQCK",5.39975104240435,0.436591736206809
"IQGAP1",9.31735719822979,0.565100941618184
"IQGAP2",6.4312173142996,0.556337375374117
"IQSEC1",5.38178993425161,0.36103347953593
"IQSEC3",3.77352406807488,0.538114169903545
"IRAK1",5.45181765526424,0.357503327843396
"IRAK3",6.15193512025542,0.789891420186063
"IREB2",5.19576055718263,0.484973306374739
"IRF1",8.04412742505929,0.874096996795259
"IRF4",5.29587313758179,0.733238207291477
"IRF5",4.96965190510591,0.48774668763863
"IRF6",5.17325541509392,0.431182474101083
"IRS1",4.65445660052842,0.452734776398762
"IRS2",8.74685104560125,0.513154208112117
"ISCA1",8.69223811401321,0.767127434932431
"ISG20",8.11557840103559,1.03091382117141
"ISG20L2",4.78694167263086,0.350593052094405
"ITCH",5.57307329426469,0.491314987939825
"ITFG2",5.05156868780856,0.483089961167482
"ITGA2",5.25954754382328,0.477431402571346
"ITGA2B",5.14169243953256,0.821067072919152
"ITGA4",6.49855808624787,0.856971425987079
"ITGA6",7.9586370455538,0.670453537333703
"ITGA7",4.85745269530048,0.535101649062212
"ITGA8",4.34277603677528,0.547968898532532
"ITGA9",4.04838431626572,0.439432776889361
"ITGAL",7.1292915238228,0.754837269015722
"ITGAM",7.88630659452447,0.806567589789868
"ITGAX",7.15387397714854,0.721335640371283
"ITGB1",5.73332069043505,0.71979643861054
"ITGB1BP1",5.21021982723408,0.498948414554426
"ITGB2",6.06798763930142,1.41636907908376
"ITGB3",3.73426202585075,0.453557183668333
"ITGB4",3.90973899132047,0.361678604530891
"ITGB5",5.48505067661441,0.560109117575194
"ITGB8",4.19301307991834,0.538777103535414
"ITGBL1",3.75060863202216,0.739785403804294
"ITIH4",4.60678169587755,0.510219956843149
"ITM2A",8.30959931601039,0.920800906541674
"ITM2B",12.2038286338997,0.378186442192513
"ITPK1",5.38732806758242,0.402033336475922
"ITPKB",4.91815182970908,0.516623778011775
"ITPR1",5.78550014797495,0.697987430134848
"ITPR2",6.13676416387821,0.59310923000455
"ITPR3",5.1213862902061,0.705675180205879
"ITSN1",4.98586760765961,0.422750143667764
"ITSN2",6.54753195577965,0.675613136015598
"IVD",6.46419309677313,0.551725138003993
"IVNS1ABP",6.56991649022995,0.543060618413702
"JAG1",4.71250291103733,0.523945626587476
"JAG2",4.61557097405196,0.38472712544772
"JAK1",7.36464875173727,0.765538765038591
"JAK2",6.46432333268642,0.640977759741882
"JAK3",7.14904738337422,0.572189925407748
"JAM3",5.21753343025873,0.437630238634259
"JARID2",7.81460956986199,0.430799494021228
"JMJD1C",8.09608135400538,0.63526497868024
"JMJD6",5.30844031581852,0.45978682724664
"JPH3",3.29995625727906,0.346791682696278
"JRK",5.58479287747258,0.303160011296402
"JRKL",5.13221730314021,0.40983526243379
"JTB",10.6332959907028,0.368649770942371
"JUN",6.10171194240004,0.820529008723173
"JUND",6.80885763745611,0.601651147346079
"KALRN",3.71725096389895,0.378860052438663
"KANK1",4.76966288602958,0.380326462788042
"KARS",10.0971473072024,0.430418758195636
"KAT2B",7.1245305691838,0.424596899366487
"KAT5",6.8605861828243,0.462949585766563
"KATNB1",6.00343606700299,0.457460718164733
"KAZALD1",3.91365721718153,0.397270783443681
"KBTBD2",6.76653989918021,0.473401460768996
"KCNAB1",4.049724148658,0.411970015074514
"KCNAB2",6.93228136841056,0.458573309024124
"KCNB1",3.66186758448103,0.378281630365632
"KCNB2",3.68999957201942,0.393345914691523
"KCNC4",4.36562692376872,0.374904341095021
"KCND3",3.99937377968945,0.330235730858676
"KCNE1",4.07284473110052,0.504830740269241
"KCNG1",3.62047943753015,0.34958224883825
"KCNH2",5.23943568860052,0.660013454891015
"KCNJ1",6.6113300588586,0.824047721948607
"KCNJ10",4.79326329684468,0.623086878924802
"KCNJ13",3.69271820745214,0.520470396480646
"KCNJ15",9.91553009330316,0.88752163976477
"KCNJ3",4.32113539487096,0.468426946091812
"KCNJ4",3.65893926418715,0.486980798547696
"KCNJ5",3.83662258305918,0.378553746105634
"KCNJ8",4.76795914663738,0.647779869654931
"KCNK1",4.64175368458127,0.490368328646038
"KCNK3",3.74042722630703,0.425934292914939
"KCNMA1",3.88494783511404,0.526490991796394
"KCNMB1",4.65797933269518,0.521582861205603
"KCNN3",3.55585374515871,0.481075582566426
"KCNQ1",6.88596672495565,0.457456562616463
"KCNQ2",3.70067375924168,0.45198927311681
"KCTD12",9.5406787540434,0.708843297132834
"KCTD17",4.69799665170649,0.473338683816054
"KCTD2",6.40491251490948,0.413691643392965
"KCTD20",5.4371400058873,0.510663898135
"KCTD7",6.13890384590513,0.478088295802483
"KDELR1",7.37344523642087,0.537161246851553
"KDELR2",8.68371336444919,0.517346034220401
"KDELR3",4.90797016882406,0.560276957479324
"KDM1A",5.76063690063904,0.375006359094211
"KDM2A",7.18048021221852,0.614539643275422
"KDM3A",7.3545483417821,0.568271377368168
"KDM3B",8.71786304430664,0.395291070663644
"KDM4A",6.1404224559487,0.43182859196524
"KDM4B",5.8805242588878,0.53031325090453
"KDM4C",6.2323615482282,0.442518802465749
"KDM5A",7.22038055747884,0.505812286828129
"KDM5B",4.69085201915571,0.36849111608677
"KDM5C",5.65213721425616,0.515004361293675
"KDM6A",5.57543321891163,0.641030823148092
"KDM6B",6.6298547148272,0.668700192408472
"KDSR",6.30986844320797,0.640813919788212
"KHDRBS1",7.1512884728137,0.44557481082763
"KHDRBS3",4.8640093052379,0.402018740037825
"KHK",5.46215168197939,0.934974159120619
"KHNYN",7.32826707382894,0.38591561889875
"KHSRP",6.6169704615426,0.528973570542915
"KIAA0040",6.41750080704912,0.479557585240579
"KIAA0100",6.06633397554993,0.720647874756375
"KIAA0101",6.03657225561164,0.645983535173152
"KIAA0141",6.08616885465585,0.464242359651619
"KIAA0232",7.25999427927789,0.602132221586148
"KIAA0368",5.79595154746656,0.490317014644329
"KIAA0391",5.46500518948885,0.38651218003674
"KIAA0430",8.45471101885258,0.570246603956341
"KIAA0513",4.56594604632906,0.455322361850257
"KIAA0586",5.45084797587185,0.336276413594132
"KIAA0922",6.22315697457258,0.481697451040636
"KIAA1033",8.82985745138512,0.692637265942164
"KIAA1109",4.46720642912902,0.552076957604433
"KIF1A",3.71073946979024,0.414121301664265
"KIF1B",6.67342624716157,0.701332322764166
"KIF1C",5.74074532539332,0.448033162326579
"KIF20B",4.8370469748415,0.413575282084852
"KIF22",5.61033655032418,0.441203484477651
"KIF23",3.95390770135369,0.450882095108053
"KIF25",4.26763344336982,0.404010904072199
"KIF2A",6.5485094524845,0.548408132922193
"KIF3A",5.43959949075156,0.64637806322112
"KIF3B",7.42854218644222,0.463432109402142
"KIF3C",4.86593558495364,0.396613308372647
"KIF5A",3.63944922142881,0.421177238381716
"KIF5B",9.33506009081873,0.466491359960315
"KIF5C",4.4687346575534,0.442565313087391
"KIFC3",4.68021275408178,0.477750189463671
"KIN",5.64193610305915,0.592551818065414
"KIR2DL1",3.50912203795479,0.338533290898918
"KITLG",5.45454386867126,0.495417189631687
"KLC1",5.40714047879814,0.572966556267531
"KLF11",6.80290303446078,0.588895901825263
"KLF12",5.43836946936039,0.658875702656553
"KLF4",5.63825637842952,0.715913156816146
"KLF5",6.43269344545022,0.805081758760416
"KLF6",9.11113641834218,0.649946245797942
"KLF7",7.54187148117548,0.454388458558279
"KLF9",5.75038928865728,0.772792916462551
"KLHDC10",5.18751947015123,0.508292237945113
"KLHDC3",6.18601298054024,0.405396293027622
"KLHL18",5.65147769211369,0.536185346501532
"KLHL20",5.74397863623198,0.586820846327918
"KLHL35",3.6552118358257,0.351607751117568
"KLHL4",3.59957651741455,0.37072849455842
"KLHL9",6.07454795448149,0.550855009122065
"KLK10",3.30739407882853,0.331336693378132
"KLK13",3.65460712758881,0.342691871105581
"KLK2",3.66493548344271,0.44029086474561
"KLK3",4.75411066485964,0.405461910637979
"KLK7",4.45377213401961,0.630609002364513
"KLK8",4.43255731695174,0.479168693871876
"KLRD1",6.44570398299069,0.969195277666345
"KMO",6.70084290899877,1.00599085369357
"KNG1",5.76712292852772,0.95298360464407
"KPNA1",6.8726420196019,0.427465850313554
"KPNA2",8.01297520476495,0.492375918148789
"KPNA3",8.2126558676739,0.525220245597778
"KPNA4",5.29489707364976,0.370845582774439
"KPNA5",5.86611932876388,0.780502661892345
"KPNA6",6.14939194543409,0.461053533835148
"KPNB1",9.4997588346042,0.435293413718468
"KRAS",7.48595969767766,0.638984355569245
"KRIT1",6.36280017191205,0.560202940937698
"KRR1",5.51941781852103,0.563906086971737
"KRT10",8.92544441499169,0.436974306252968
"KRT19",5.25727854634641,0.788505138847855
"KRT6A",3.51634909398609,0.430556255002881
"KRT7",4.30669177922897,0.567942194041312
"KRT8",5.69157743273163,0.591397319977867
"KRT81",3.86630147237378,0.400570676408048
"KTN1",9.58899179479493,0.484374380637913
"KYNU",4.76091901746937,0.643547543196736
"L1CAM",4.73953204015715,0.462040775601188
"LAD1",5.33812746384055,0.498596202372981
"LAIR1",6.68974047134743,0.70252874389348
"LAMA1",3.71331807083382,0.345402551756329
"LAMA2",4.47796008241151,0.540262085477226
"LAMA3",3.89255149981233,0.344628010803275
"LAMA4",3.81809613498664,0.442814585716707
"LAMB1",6.28265967107045,0.537568534943746
"LAMB4",3.44464236888094,0.386054970713585
"LAMC1",6.04577823743185,0.396534056648187
"LAMC2",3.99555636862105,0.472473723599874
"LAMP1",7.3387014649571,0.704825092575681
"LAMP2",9.9326646923984,0.543144565137815
"LANCL1",6.12745496566853,0.384762581029308
"LAPTM4B",7.32614777972582,0.667174212038248
"LAPTM5",10.011162087397,0.924239592092144
"LARP1",5.03188302109909,0.507202765584585
"LARP4",6.59351086019966,0.62591321712847
"LARP4B",6.68596784241369,0.45119117104098
"LARP7",5.92609871193795,0.510745892518508
"LARS2",5.89018877817166,0.475814892391972
"LAS1L",6.1006501578903,0.388678623369561
"LAT",6.51962989983663,0.859743362029066
"LBP",4.0688149535756,0.629387762573513
"LCAT",4.28197156849861,0.505697344483018
"LCK",6.73380188232451,1.15973305833166
"LCMT2",5.44969743584323,0.571132953893568
"LCP2",7.4073559351356,0.768770479309912
"LDB1",6.60156454805529,0.407178921939138
"LDB2",5.59849243711973,0.51256590330923
"LDB3",3.93241330498015,0.725718101328698
"LDHB",11.6704783468848,0.564451584696121
"LDLR",4.03752233602313,0.47215234120908
"LEF1",6.461924099232,1.05507780361415
"LEPROTL1",8.85197930358004,0.424040596699667
"LFNG",7.25670512546561,0.500878930644106
"LGALS3",10.3616902992713,0.433538322634545
"LGALS8",6.15252767904263,0.500381993405896
"LGR5",3.22352193076694,0.503755677969544
"LIFR",4.82715919173802,0.529486812446216
"LIG3",4.18996111816402,0.377787251581113
"LIG4",5.07615880131617,0.501393355823368
"LILRA1",4.78774577960522,0.594278690253867
"LILRA2",6.74654791656643,0.463476256012489
"LILRB1",6.76423720565463,0.752683292157486
"LILRB2",7.38727268836747,0.8491334881385
"LILRB3",7.54063036978632,0.645960043341733
"LILRB4",3.92278128850482,0.514257183428619
"LIMCH1",5.2276094472147,0.526153731881972
"LIMK1",4.14998537839391,0.4432900884588
"LIMK2",5.58955481648979,0.574439359261195
"LIN37",4.64201653552032,0.424536673132271
"LIN7A",5.53159630045876,0.672944208490589
"LIPA",8.47407530297692,0.525101152828313
"LIPE",4.54068497365613,0.414060895603674
"LITAF",9.70425802898429,0.538588267725392
"LLGL1",4.83496448215876,0.50894380476406
"LLGL2",6.01974660452679,0.469664710000723
"LMAN1",4.96242476057371,0.47950684747306
"LMAN2",8.43170149285118,0.439059602493584
"LMF2",7.27037543558249,0.482755180577882
"LMNA",6.46815977350029,0.680256921351123
"LMO3",3.58411259666893,0.545346318923887
"LMO4",7.09482177985942,0.48584975453721
"LMO7",4.06970424616354,0.379530569868398
"LMOD1",3.88151081823188,0.455334566613046
"LMTK2",4.84936212575635,0.433229374421442
"LNPEP",4.2977069367697,0.408161340210722
"LONRF1",5.13187145253871,0.431006740524921
"LOX",3.8195466016134,0.573825768777857
"LOXL2",4.27960422636595,0.414107471175012
"LPA",5.47100315069089,1.10420473524239
"LPAR1",5.42902971832883,0.718986177248577
"LPAR2",6.84065547374005,0.497601859335646
"LPCAT3",5.3383530266996,0.437510838630596
"LPCAT4",5.00385188724668,0.483646381162094
"LPGAT1",7.37381155407038,0.631275555576292
"LPIN1",7.12881472184863,0.575539138419676
"LPIN2",8.11608620966523,0.510367648341011
"LPL",5.28948249986972,0.980480590654126
"LPP",5.37742545016453,0.542515744621416
"LPXN",8.23904046189411,0.550835573946984
"LRBA",7.22753176374226,0.582372270894993
"LRCH1",5.72629834805617,0.520911699674494
"LRCH4",7.50540886035226,0.503861805610857
"LRIG1",3.80783711182461,0.423957398523649
"LRIG2",5.38788918201728,0.582337726425434
"LRMP",5.66313399469987,0.746994123023498
"LRP1",4.15817481233933,0.399018906746182
"LRP10",9.37611296523875,0.414804284684015
"LRP2",7.06169816978521,0.85865634702197
"LRP3",5.45682942953271,0.514019843199796
"LRP5",4.21112436559699,0.463657505205707
"LRP6",5.50290125558526,0.461807519353115
"LRP8",4.26613479770976,0.387758019705193
"LRPPRC",8.09121152187474,0.516257704349854
"LRRC14",5.10070675701665,0.383324173117484
"LRRC15",3.60999207550595,0.509973783346879
"LRRC17",3.87599999607734,0.545248779651588
"LRRC23",4.52994604733485,0.399906909503596
"LRRC41",5.11946972512179,0.566231203708152
"LRRC8B",5.6554646538993,0.618892263640748
"LRRFIP1",8.54485299484593,0.531301104399463
"LRRN2",3.88240532079044,0.414498512547845
"LRRN3",4.60137638702482,1.07605005967474
"LSAMP",3.58263218456812,0.46787588844216
"LSM14A",9.36112186817087,0.415284797502039
"LSM4",7.70669535401495,0.573136832882652
"LSM5",5.51543701177658,0.539545541399308
"LSS",6.39943579488724,0.534317784364913
"LST1",8.9288180580694,0.882854245052383
"LTB",8.28701694175979,0.649644670587548
"LTBP1",6.61508206291341,0.826171282707073
"LTBP2",6.79877184354439,0.715691315565112
"LTBP4",4.07875463105883,0.386029812658692
"LTBR",6.35110310125019,0.48328417259777
"LTK",4.1075395120933,0.441015199349004
"LUC7L3",9.21909467838931,0.599891671565577
"LUZP1",6.0251351992188,0.454659358458591
"LY9",5.80378331604227,1.0203514428392
"LYN",8.93024800277156,0.72554195975077
"LYPLA1",8.83047164785134,0.591202545057437
"LYPLA2",7.10306560409313,0.435265078707258
"LYST",7.93611640617554,0.682471063750271
"LYZ",10.2245529414822,1.1509217613926
"M6PR",9.26648028404459,0.47154468399637
"MACF1",7.08941355653313,0.502994124039167
"MAD2L1",4.31720254378598,0.610926476306281
"MADD",6.7950398343767,0.35788632023418
"MAF",7.13452197727991,0.820125589909228
"MAFF",6.28551676657046,0.954903240354393
"MAFK",4.87201053313332,0.456830531986419
"MAG",3.63392309553198,0.43731283475496
"MAGED2",8.69688319942861,0.515965628434237
"MAGI1",4.34429537998448,0.399380596198789
"MAGI2",4.4741497189544,0.453673676030619
"MALT1",6.5421960100164,0.575989216087681
"MAML3",4.00051062969069,0.41136570909724
"MAN1A1",7.36259937011565,0.674150391517651
"MAN1A2",5.01890080608661,0.464252111757901
"MAN1C1",6.48370061701867,0.711060814160239
"MAN2A1",7.63703010371359,0.605238420977388
"MAN2A2",7.26838709581789,0.542685579310351
"MAN2C1",6.29494006235929,0.492846950580863
"MAOA",6.91642954408966,0.967948461485999
"MAOB",6.39076714599878,0.563631056482747
"MAP1A",3.55271264952718,0.441276413312285
"MAP1B",4.74154787116767,0.580304057789508
"MAP1LC3B",9.40902767958636,0.517871873938009
"MAP2",4.40431561056978,0.460195474539708
"MAP2K2",4.91461993473111,0.374679716868273
"MAP2K4",7.0706648169358,0.48609421933314
"MAP2K5",5.49140367406234,0.39818964456145
"MAP2K6",5.44814250494501,0.703802745722106
"MAP2K7",5.97082224312492,0.52583641878621
"MAP3K11",7.37750034393429,0.500458693836658
"MAP3K12",4.95734034752348,0.482993069195884
"MAP3K13",5.00646998693366,0.53744159468315
"MAP3K3",7.71391654586514,0.448143722397037
"MAP3K4",7.36441516551486,0.473589165989169
"MAP3K5",8.30234616596166,0.42221969286568
"MAP3K7",6.91608710305087,0.613430126533965
"MAP3K8",6.14642421257258,0.717356244498109
"MAP3K9",4.00656089421452,0.3754445291059
"MAP4",6.47974590460725,0.509297533171346
"MAP4K1",6.29240677617338,0.688515644272473
"MAP4K4",7.31477873438913,0.573471339708824
"MAP4K5",6.89621946234342,0.74798329713306
"MAP7",5.85872646378847,0.892522650149742
"MAPK1",7.50638224898844,0.489859896234326
"MAPK10",4.94736454564914,0.432083314247741
"MAPK11",4.47255946264503,0.42843393627612
"MAPK12",4.29785343924724,0.389165832168046
"MAPK13",6.14729143139527,0.517842876267613
"MAPK14",6.69640481508873,0.53233882982993
"MAPK1IP1L",8.00300747744008,0.529932158493397
"MAPK4",3.48347743706658,0.37965018568232
"MAPK7",5.31597468700509,0.41372470560467
"MAPK8",5.58779892556882,0.498032382947076
"MAPK8IP1",3.90124540024101,0.4390817565448
"MAPK8IP2",4.49921524786622,0.382450613147131
"MAPK8IP3",4.32048943081768,0.378884669694077
"MAPK9",5.86471206151084,0.445178898092855
"MAPKAP1",6.15036717335382,0.515802279534751
"MAPKAPK2",5.63569489840095,0.495361558101168
"MAPKAPK3",8.19469882979,0.433131856998084
"MAPRE1",8.62007651177729,0.474168028564479
"MAPRE2",4.92437230447131,0.320876796161699
"MAPRE3",4.86648676765712,0.458919537396118
"MAPT",5.18190166244339,0.783830712281551
"MARCH3",4.25225227942231,0.430988573548165
"MARCH6",6.57280082569854,0.510040644621097
"MARCH7",5.79605997282382,0.589290081336447
"MARCKS",7.3792516545754,0.853608905967001
"MARK2",6.09264258576646,0.468232958580173
"MARK3",8.46157968251476,0.510544164349535
"MASP1",4.13289483543333,0.335821490776428
"MASP2",3.85609157569698,0.396941767842039
"MAST2",4.91848783316397,0.434252078037398
"MAST4",5.04076505904026,0.443305453112077
"MAT2A",8.81524571566273,0.561434419341612
"MATN1",3.720045786261,0.355515568399435
"MAX",7.46588985811342,0.513928346892387
"MAZ",7.08488976952683,0.478200608065368
"MBD1",5.84738870844271,0.391606517900022
"MBD2",4.97717976499432,0.294978295478905
"MBD3",6.60641291575316,0.490612109307342
"MBD4",8.58969339641936,0.45415815359492
"MBNL1",6.46667334690467,0.800097329630012
"MBNL2",6.11670686091976,0.635242341702114
"MBOAT2",7.85785137122514,0.531761294214531
"MBOAT7",7.90310667238515,0.503725331585778
"MBP",6.23927517143414,0.642259766811206
"MBTPS1",7.14346404839702,0.489124310414566
"MBTPS2",4.90180423857217,0.361618831666839
"MCAM",5.1102930507051,0.522954688103906
"MCC",4.45311874850254,0.361764923785747
"MCCC2",7.19411682063627,0.53577530907754
"MCF2",3.51316332282305,0.425753859696733
"MCF2L",4.45992743119162,0.551052532915592
"MCFD2",5.69191357022513,0.325789640116676
"MCL1",7.09817771641818,0.738066560382149
"MCM3AP",5.4371873857437,0.386766592519976
"MCM4",5.17597782190016,0.511846153026185
"MCM5",5.64028209943387,0.540305283330802
"MCM6",6.75014249552729,0.581295029936187
"MCM7",6.20167643670117,0.551141973065099
"MCM9",6.82423853381915,0.528586564394554
"MDC1",5.97505686857059,0.549291987007058
"MDFIC",5.64210361849996,0.763203725692381
"MDH1",9.84269965333752,0.47657615804311
"MDH2",9.18792445486934,0.459548719506219
"MDM1",5.92230791360473,0.649114968881479
"MDM2",3.99430914475015,0.350088904654681
"MDM4",5.37243764329019,0.494841780350371
"MDN1",6.09864134374673,0.574147697042511
"ME1",4.80403838516641,0.528826307219233
"ME2",8.38350315220984,0.466188572933259
"ME3",4.85689366605483,0.416130489330694
"MECOM",4.40118889699736,0.559065100410148
"MECP2",5.86497808246026,0.454490472164537
"MED1",6.94952059924931,0.446051207821131
"MED12",4.67208289303353,0.494086842032113
"MED13",6.24882130846896,0.599490906694215
"MED13L",5.81201976257686,0.669449656025734
"MED14",7.15795503400997,0.389611478972331
"MED20",6.33178805998084,0.389937027686151
"MED6",6.42133627590777,0.532460616061338
"MED7",6.82999661314105,0.684922389663242
"MED8",6.96495724508907,0.420287951264827
"MEF2A",5.72959018258972,0.457965926331723
"MEF2C",7.83009238413557,0.729939291194336
"MEF2D",5.34526976772125,0.472559929558375
"MEGF8",4.5164219346134,0.418057449575286
"MEGF9",8.19904259939346,0.49118537923417
"MEIS1",5.77485114136954,0.71521582817607
"MEOX2",3.45471338458984,0.889998220345167
"MERTK",4.54231693027253,0.436748507861586
"MET",4.5584597469812,0.502217143861303
"METAP2",5.85539982187976,0.550240292536045
"METTL13",6.47610535646962,0.457524128588948
"METTL3",6.10462484505043,0.500426818696551
"METTL7A",7.87511230071393,0.655499686434955
"MFAP3",4.92583848942157,0.42415556095555
"MFAP5",4.1169722081123,1.23009568806719
"MFGE8",4.31283771154209,0.445813007831531
"MFHAS1",7.84066030000434,0.563519986247019
"MFN1",6.65746748919103,0.656936433469445
"MFN2",6.54531653267562,0.451716049181667
"MFNG",6.91373411867589,0.440718948283258
"MFSD7",4.88656026011785,0.477900078347497
"MGAT2",6.78223215472374,0.517960599622752
"MGAT3",4.42178225968658,0.420366290047816
"MGEA5",8.40694040829512,0.533638048097961
"MGLL",7.74947420989769,0.731866156710995
"MGP",6.30386860499365,0.595180425369257
"MGST3",8.83381423155142,0.502608323126872
"MICAL2",7.07396128445888,0.779094739627091
"MID1",6.0942384652685,0.597873434861413
"MID2",4.93106066185616,0.365692050092195
"MINA",6.08654654747605,0.524263214370859
"MINK1",7.55229602129802,0.485763861777465
"MIOS",7.0475434007606,0.466833047242891
"MIPEP",5.63581974085453,0.473159716027953
"MITF",6.09969457125474,0.387417523834189
"MKI67",3.65604226918894,0.453193615861192
"MKL1",6.00434963220797,0.455201360362826
"MKLN1",6.81803993408217,0.522298063297533
"MKNK2",9.37113383861177,0.452211312188499
"MKRN1",9.9028948088959,0.479151802971317
"MLEC",7.75513189186873,0.591503153579405
"MLF1",5.07608943818418,0.473721161114739
"MLH3",6.34455841359208,0.614903315979967
"MLLT1",4.67439870227792,0.353808750939562
"MLLT10",5.47276364577689,0.594088375703801
"MLLT3",5.17558177800239,0.704748486198038
"MLX",8.1624986838117,0.436625186237609
"MLXIP",4.39065409828036,0.380451462976173
"MMD",7.09535164625905,0.668623705127383
"MME",9.86209604946256,1.06139629867229
"MMP11",4.20089408324262,0.400757608698846
"MMP14",5.80837512350622,0.461676229765273
"MMP15",3.89458548748245,0.391625866654676
"MMP16",3.4805072690329,0.427121778500647
"MMP19",4.48932404627701,0.538631710415635
"MMP2",4.45089120720617,0.578953810048424
"MMP24",4.48785047705674,0.475876183363454
"MMP25",4.29699670714777,0.467993281282697
"MNT",7.0806848539853,0.365319607214265
"MOCS1",5.00748928811112,0.539658547784553
"MON2",5.6341137844574,0.483557211856772
"MORC2",6.35788553228672,0.563244073511708
"MORF4L2",6.04326819759999,0.582880154017151
"MOXD1",4.80251986465356,0.846309956316767
"MPDU1",4.81242965188123,0.533399122382738
"MPDZ",5.61501768049309,0.474751467710486
"MPHOSPH6",6.51176937770076,0.449562271896772
"MPHOSPH8",6.98897631295529,0.527346636268911
"MPHOSPH9",5.72674615823929,0.59891993865635
"MPI",5.17842861640082,0.453271308423098
"MPL",3.45802051879351,0.37280722329556
"MPP2",4.06416243641668,0.32711812122536
"MPPE1",8.462747950751,0.373793498869443
"MPPED2",4.84638042661338,0.628100068376614
"MPRIP",4.69397236512367,0.448631421179345
"MPZL1",6.61266801844627,0.613113416783081
"MPZL2",4.85452334227523,0.493776052920046
"MR1",5.83446113149998,0.499228330068471
"MRAS",5.82177480894566,0.483169943672399
"MRC2",7.03119888561266,0.699360329369787
"MRE11A",5.34128304891323,0.589138799822088
"MRPL12",6.795010089526,0.5993894316301
"MRPL19",5.64078833310996,0.595384494551762
"MRPL9",8.10866347538674,0.482190007567294
"MRPS11",6.04220949566354,0.510088306769269
"MRPS12",6.15920340884102,0.511201015421936
"MRPS14",6.27608823628419,0.488519553465174
"MRPS18B",8.02460395386302,0.534718376941436
"MRPS31",8.14394422925412,0.440025787653357
"MRS2",6.19816227116302,0.647901128253696
"MS4A1",7.18233423410642,1.42867799360806
"MS4A2",3.62591150082739,0.629558469904955
"MSH3",5.33070795814105,0.457776423358385
"MSH6",5.07553913189449,0.651367042522015
"MSL3",6.09057839115481,0.424290520968243
"MSR1",3.72249004475012,0.533800735710152
"MSX1",3.96028483043012,0.3910988778815
"MT1E",9.65607684221592,0.763382562739623
"MT1G",8.39388986179306,0.924778377454035
"MT1X",10.0191394070551,0.785135965135843
"MTA1",7.25840208619092,0.583171269960848
"MTAP",4.77371556951255,0.413643687265256
"MTDH",8.61007286095118,0.457312913039128
"MTF2",5.96659701302173,0.596053922244344
"MTFR1",6.09345081108143,0.629846101149686
"MTHFD1",7.65511492078163,0.442238547483001
"MTHFD2",7.61187618168428,0.866254788229158
"MTHFR",4.47806973803981,0.488831489707354
"MTM1",5.77272866368835,0.494630050689868
"MTMR1",7.75053122533197,0.419135241668756
"MTMR11",7.66515659295235,0.557817349136075
"MTMR2",6.3748150434118,0.592496548419983
"MTMR3",7.27762172558737,0.379992323545836
"MTMR4",8.0789230116954,0.460795982391819
"MTMR6",7.59651532423782,0.526154266248544
"MTMR9",7.58564119875746,0.399690605488955
"MTOR",5.41227402593319,0.468576288357726
"MTR",7.18671991656138,0.577235359431381
"MTRF1L",4.27049725943746,0.451529135837411
"MTRR",6.37046543446037,0.539890285879574
"MTSS1",5.52530842802326,0.489722797870449
"MTSS1L",3.71749188264643,0.397921826230653
"MTUS1",5.59438004259698,0.603430329618803
"MTUS2",3.93258208761402,0.398782350491265
"MUC1",6.10968966664565,0.723883276491589
"MUC4",3.79430812615773,0.36074640294355
"MUSK",3.04072839815165,0.337690780503186
"MUT",7.43078616804186,0.52352147872832
"MVK",4.5768895208493,0.424726907767729
"MXD1",6.31166648609828,0.639020950712264
"MXRA7",5.52062641090052,0.592123588121345
"MYB",3.49305353602859,0.621615361368678
"MYC",7.0787347112678,0.71020477009656
"MYCBP2",9.07392138316656,0.474288636229652
"MYCN",4.01945084455321,0.486845337616923
"MYEF2",5.4361996949379,0.659049058192512
"MYH10",5.8961149318269,0.56238710834164
"MYH11",3.99825605791131,0.4549122995773
"MYH6",3.53179008371138,0.86768088931236
"MYH8",4.57843469204894,1.05883280125537
"MYL12A",10.280727247403,0.456447460082304
"MYL4",6.88815505453239,0.736656080978163
"MYL6",10.2831439331833,0.501935622509148
"MYLK",5.57939781436477,0.495186399440909
"MYO10",4.21473420707248,0.500054800802569
"MYO1B",5.43254938895391,0.537127111293427
"MYO1C",6.84517441819058,0.491469305537089
"MYO1D",4.32527285343041,0.467362675046656
"MYO5A",4.1835912143473,0.434674375300012
"MYO6",6.73526658403757,0.7745205642101
"MYO7A",4.30946981479622,0.521289949049677
"MYO9B",5.9296828355837,0.489233134474523
"MYOF",6.30327118135842,0.752643061832997
"MYOZ2",3.78485399149995,1.20273261819297
"MYOZ3",3.60171008850799,0.426173336389709
"MYRIP",4.23765371839077,0.505392086017139
"MYT1",3.75333563303032,0.336504750002483
"MYT1L",3.12282091905447,0.446452923569039
"MZF1",6.27910264027072,0.597653456426667
"N4BP1",7.10871567025125,0.387750631930307
"N4BP2L1",4.99751345489208,0.576347331897726
"N4BP2L2",6.86141800650913,0.681201525024283
"NAAA",8.32598775078112,0.529743598009892
"NAALAD2",3.37914427546719,0.473566156458777
"NAALADL1",5.32840411014683,0.392631321446397
"NAB1",6.17314328050071,0.465207453974511
"NAB2",4.49265678202203,0.355092176876865
"NACA",11.6688290387207,0.412742772301996
"NACC2",5.61011969085912,0.52145239117945
"NADK",7.01125567558627,0.583600418718774
"NAGA",7.5919881069006,0.427819753317603
"NAGLU",6.04720763555748,0.570889258822316
"NAMPT",9.56238030417366,0.601906823605141
"NAP1L1",9.32575336981597,0.501029142939074
"NAP1L4",5.33283777037259,0.404036853439683
"NAPA",7.08322043969296,0.666843357713385
"NAPG",6.60973980787255,0.530278546563176
"NASP",5.78223460109214,0.563398850060654
"NAV3",3.52609818867334,0.445914281758622
"NBAS",4.77828589266668,0.535409094096546
"NBEAL2",6.17953925769961,0.443789885052749
"NBN",6.02003485393448,0.570860726743613
"NBR1",7.42762730070759,0.47153542170599
"NBR2",5.02524183067254,0.39413313458107
"NCALD",6.37711646243748,0.628440802647796
"NCAM1",3.43901961485798,0.431055045017012
"NCAM2",3.00788026576822,0.464816197918057
"NCAPH2",4.96543887209949,0.429440358649992
"NCBP1",5.80844689298966,0.494642754765495
"NCBP2",6.59258305575096,0.484006350082917
"NCDN",4.26082245446655,0.37511670828674
"NCF4",7.2635855912129,0.773353035415672
"NCK1",6.66286452775324,0.65504473992483
"NCKAP1",5.96017637015692,0.397346870906159
"NCKIPSD",3.73707298096093,0.419743237320379
"NCL",8.69447843838869,0.472024069681397
"NCLN",4.37943344502729,0.440974052642633
"NCOA1",5.56002653185338,0.363832561609748
"NCOA2",6.15849732676554,0.669491549913072
"NCOA3",6.57024483037736,0.588418427015347
"NCOA6",5.11691238032114,0.399245608182556
"NCOR2",4.63171959428957,0.458748894114667
"NCR2",3.64783234129036,0.370690821814101
"NCR3",4.85854981226125,0.575826118512535
"NDRG2",5.54885392482101,0.612663178412345
"NDST1",5.27403661159973,0.452663615644268
"NDST2",5.33679696866744,0.503834457161962
"NDUFA2",5.41049605503499,0.471620790007953
"NDUFA5",6.28520719533035,0.447319544158542
"NDUFA6",8.66901246902338,0.514606645921854
"NDUFA7",5.78824852014325,0.424526287769019
"NDUFB1",9.05587562286749,0.429761501343736
"NDUFB6",6.2565237819806,0.555163712147685
"NDUFB7",8.01961934926419,0.55259094412256
"NDUFB8",9.85065924872873,0.454884340464528
"NDUFC1",6.13327809227233,0.489410962658755
"NDUFS1",6.19167874200979,0.603840373858491
"NDUFS4",5.97700269774221,0.522270468214934
"NDUFS7",7.61999606133252,0.557466781510802
"NDUFV1",7.86699597793057,0.54235681838426
"NEB",4.29252199220487,1.02162509581012
"NEBL",4.70482351403363,0.543291614105364
"NECAB3",5.25972897037028,0.382743208620406
"NEDD4L",5.69124739609426,0.591515108196736
"NEDD9",6.78234396106103,0.637487518453314
"NEFH",3.94301438472116,0.513028127280484
"NEFL",4.21965369454713,0.985851263755051
"NEFM",3.4884028734534,0.441255277435991
"NEK1",4.7590175299693,0.587289748209373
"NEK2",3.5324956570879,0.62769249500573
"NEK3",5.49078866726352,0.461913869370206
"NEK4",5.98542371603004,0.689790145435517
"NEK9",5.17948301107219,0.351792229452206
"NELL1",4.54989009539058,0.619580842584377
"NENF",6.76379717302346,0.507158606968519
"NEO1",5.20191626847355,0.42154534683282
"NET1",6.40502027026198,0.604685568646235
"NEUROD2",3.50773507929208,0.312852631972737
"NF1",4.06563752472236,0.417918586206404
"NF2",5.72037322601531,0.543169942877585
"NFASC",4.58472042957863,0.45118511148842
"NFAT5",7.52461393172427,0.844229009432634
"NFATC1",4.40928795605571,0.413500065883755
"NFATC2IP",7.0028412930471,0.396326248315938
"NFATC3",6.32968200406988,0.457791262279225
"NFATC4",4.36506871452934,0.364095624818354
"NFE2L1",9.06596547724982,0.43599674823381
"NFE2L2",7.00564672263256,0.477063481973578
"NFE2L3",4.4135210543252,0.554820996601353
"NFIB",5.64355542010403,0.652823056673352
"NFIC",7.27001387380552,0.541216049861117
"NFIX",6.65732964386603,0.882912421962122
"NFKB2",4.39020671966425,0.435939144724925
"NFKBIB",6.40019226238094,0.433297965947769
"NFRKB",5.867921698045,0.481282996781359
"NFX1",4.40348299042538,0.415823219251568
"NFYA",4.9325253468936,0.499708912522285
"NFYB",5.27109406787249,0.520896553132468
"NFYC",6.92935801281941,0.547573510270997
"NGDN",6.71532176125757,0.53961194607842
"NID1",5.43022535632327,0.696059789911082
"NIPAL3",5.8072497798865,0.660864499825352
"NIPBL",6.68402359091285,0.575951776081793
"NIPSNAP1",8.3197373390168,0.636354547418962
"NISCH",5.41217913137869,0.423228601655266
"NIT1",6.22992101968608,0.499442299211907
"NKTR",4.29241933423543,0.485175133115415
"NKX3-1",4.78624162557615,0.976707382374993
"NLE1",4.17266667874581,0.374153624546004
"NLGN1",4.29577763268873,0.497499847691751
"NLGN4Y",3.45764003145498,0.713263342830156
"NLRP1",6.26708933804509,0.502310079541943
"NLRP3",5.62059680155578,0.663270979391982
"NMNAT2",3.43208335873332,0.410962667245868
"NMT1",7.34479976264574,0.39306497890746
"NMT2",5.2411000722459,0.601206535203513
"NNT",6.79078141252632,0.679826506393868
"NOC2L",5.02325375388481,0.4525536031757
"NOL3",4.636375640221,0.43037092170165
"NOL4",3.76199323344449,0.531048861589361
"NOL7",7.34489467036516,0.486001764638643
"NOLC1",5.64966863009125,0.513820412523249
"NONO",10.0728804500639,0.467617487070588
"NOP16",5.96215991958777,0.629723281557367
"NOS1",3.97547006478735,0.516823774172072
"NOS1AP",3.90201248521892,0.352276164539267
"NOTCH2",6.06485602888107,0.550559654452569
"NOTCH3",4.50244217866907,0.442856799027299
"NOTCH4",4.59324996078317,0.462723900141413
"NOV",5.93698757178253,0.841683797108145
"NOVA1",3.74152231464728,0.467801785601447
"NPAS1",3.84084937232382,0.437471187231272
"NPAS2",4.5034598865213,0.477941011221775
"NPAS3",3.62382967141572,0.330548925377088
"NPAT",6.60898209992676,0.595279394058065
"NPC1",6.59103262562556,0.518363683446961
"NPEPPS",9.04706829742053,0.485177891277677
"NPFF",4.94942713442909,0.461932303433805
"NPHP1",4.40952932008567,0.430700493843235
"NPHP4",4.4552830142558,0.358550076565952
"NPM1",10.262803961523,0.506362573126068
"NPR1",5.3118869252093,0.458643901590185
"NPR2",4.48324403134142,0.328781232062638
"NPR3",6.05711074065327,0.819803036048967
"NPRL2",7.13768513119991,0.422796081250818
"NPRL3",6.89227235937979,0.834173792639061
"NPTXR",3.79715210941698,0.401089748345899
"NPY6R",4.58795301782518,0.526202678617478
"NQO1",6.32911823729446,0.714757903318289
"NR1D1",4.75032660592301,0.494094553739984
"NR1D2",5.80083319031896,0.829427338652154
"NR1H4",5.14316617260649,0.657914373904949
"NR1I2",3.86395519793563,0.340720009828208
"NR1I3",3.86680835818978,0.590227334032173
"NR2C1",5.81768549317529,0.557503765019154
"NR2C2",7.39716941476635,0.464851753589137
"NR2E3",3.54567990000919,0.31767107769989
"NR2F1",5.61590400054007,0.430943462374023
"NR2F2",6.02989790518605,0.47012552018079
"NR2F6",4.46989793938204,0.392592884116179
"NR3C1",8.59697485870086,0.510117672406248
"NR4A1",4.43174579709877,0.578634750507368
"NR4A2",4.12550455327976,0.702681527280116
"NR4A3",3.79759313155883,0.682836888105303
"NR5A2",3.44420451232444,0.427255608855104
"NR6A1",3.85795550048733,0.316643062449401
"NRAS",6.76450585200146,0.53734189645609
"NRCAM",4.71636004588986,0.508669521867121
"NRF1",5.39543571516804,0.406191401993173
"NRG1",4.52798937106554,0.64646656498131
"NRG2",3.63015859250667,0.376525032162809
"NRIP1",7.67226562375355,0.598738987871169
"NRL",3.95302349592665,0.37923245482931
"NRP1",4.21392644645165,0.46805322979068
"NRP2",3.70417812159915,0.35299318401158
"NRXN2",4.3797143233777,0.576664032639655
"NRXN3",4.15106880038515,0.350178958711183
"NSDHL",5.66188167304755,0.449191481841818
"NSFL1C",5.62483281547166,0.360429340472431
"NSL1",5.10183811596263,0.499646609859503
"NSMAF",4.48803187583665,0.3858900119646
"NT5C2",8.14590565513999,0.43211952708893
"NT5E",5.35122129485915,0.630392554042784
"NTNG1",3.96032272278268,0.4861938504939
"NTRK2",4.09763298959517,0.56856506206063
"NTRK3",4.34125492178685,0.403108915628405
"NUCB2",6.171236698584,0.483103078539672
"NUDC",5.33306339451101,0.46758894763655
"NUDCD3",6.89711419515993,0.437582913815337
"NUDT21",7.62009671025514,0.460214493602979
"NUDT3",4.78283931711318,0.409440818159585
"NUDT4",8.2092866770588,0.569876005155308
"NUFIP1",5.03375216126435,0.38022038389479
"NUMA1",6.00355656823488,0.484084701691008
"NUP133",7.54329819934513,0.393715008105576
"NUP153",4.80607105462699,0.370180100125031
"NUP160",6.1845031918208,0.596751534637845
"NUP210",5.71519974335845,0.571019180003309
"NUP214",4.82698473023733,0.394268958409206
"NUP50",6.78091045912421,0.483090148378199
"NUP88",5.04205326078755,0.427262680528822
"NUP98",6.68221716498116,0.540254824495951
"NXPH3",4.34482961125888,0.39166573278319
"NXT2",4.68977913164664,0.529649423386071
"OAS1",8.06626556855348,0.910668323198129
"OAS2",4.60330571748225,0.841877970845528
"OASL",6.55707688894188,0.774207827844336
"OAZ2",8.48017744263008,0.55675606267135
"OAZ3",4.0258607177661,0.442794799284632
"OBSL1",4.9644757233353,0.539935984393363
"OCRL",5.27111055188587,0.36703299031978
"ODC1",9.46281595251187,0.528462276812521
"ODF2",5.22362213040302,0.502778635064339
"OFD1",7.42323180543631,0.524099193535917
"OGDH",6.18385828818197,0.60476741597381
"OGFR",6.11770806409378,0.465889678328176
"OGG1",6.24570476848546,0.573191919006192
"OGT",7.51896834217952,0.575991562510415
"OLFM1",4.172214091315,0.586736452637311
"OMD",3.87899595068934,0.67154478431716
"ONECUT2",3.51749188353797,0.408785679369068
"OPA1",6.40435503933201,0.678447497356083
"OPCML",3.81571495518806,0.429184852109872
"OPRL1",3.80000860242909,0.379622149482192
"OPTN",9.50218864445463,0.58780636665689
"OR2F1",3.49340194471739,0.43134628233318
"OR2H1",3.36294587438355,0.471354324730009
"OR2H2",3.48294399064648,0.405855242679365
"ORAI2",6.81487414765322,0.509039557095457
"ORM1",4.00752840240603,0.856376909283041
"OS9",8.16006075464955,0.505447010386584
"OSBP",5.52391021973765,0.531413204539579
"OSBPL1A",7.99899181689443,0.603386211164479
"OSBPL2",7.94567130286932,0.407032944511837
"OSBPL3",6.26337995610615,0.72747795424211
"OSBPL8",9.55052712395151,0.630158698761651
"OSGEP",6.424430253128,0.430218123617642
"OSGIN2",4.30184063669647,0.364913215432748
"OSM",4.37450534269126,0.449487347879981
"OSMR",4.30880829938553,0.502832677760411
"OTUD4",4.43152459886846,0.434968009923011
"OVOL1",4.06168877188044,0.437997531735139
"OVOL2",4.21749835908703,0.392166672710286
"OXCT1",7.23588949553669,0.776709617656643
"P2RY10",4.82568136493831,0.784661043302152
"P4HA1",4.77915842205555,0.380308126397545
"PA2G4",4.7616321134651,0.374862225375516
"PACRG",4.6776194176523,0.570804920921818
"PACS2",5.78514840313648,0.469327966062838
"PACSIN2",7.30317564148667,0.593554533021263
"PADI2",4.44754003611493,0.621827471011129
"PAFAH1B2",7.77667873921453,0.411358104823832
"PAFAH2",5.70029408815258,0.472246354662243
"PAICS",7.09982336783527,0.536132899668592
"PAIP1",6.80365695980812,0.675581988885246
"PAK1",5.07744674166101,0.458949935818166
"PAK2",6.53674494888576,0.428295969904058
"PAK4",4.75352941689806,0.384133590807979
"PALLD",6.80108648227409,0.719903459704233
"PAM",8.50417189370416,0.574709002690411
"PANK3",7.34784915442006,0.533355198847865
"PAPOLA",7.73539559122894,0.440462992603329
"PAPPA",4.58151184415571,0.578752654042596
"PAPPA2",4.25002650635804,0.544211461238705
"PAPSS2",7.03573713421361,0.625004345005381
"PAQR3",5.13704986117194,0.686460995589534
"PARD3",5.87889239089366,0.44780758760339
"PARD6B",4.42351554715161,0.442079320043691
"PARK2",3.52437314249082,0.384015686377392
"PARM1",6.32632794883157,0.542963872141199
"PARP2",6.08629445830385,0.477970200622922
"PARVA",5.09838684583923,0.372569530014451
"PARVB",4.99734479980424,0.529918419486759
"PASK",5.33124662072878,0.885773241133343
"PATZ1",5.15810835014692,0.488856007177215
"PAWR",4.41002301719345,0.434399294975893
"PAX2",5.33126678758463,0.575814831566521
"PAX3",3.57990608919601,0.396438451385239
"PAX4",3.4649472912611,0.402573402015938
"PAX5",4.12074360465239,0.646504038802557
"PAX6",3.47035941828384,0.370965058890894
"PAX7",3.74861723033586,0.452075836709626
"PAX8",5.2553855231068,0.534506124385431
"PBX1",7.61896357858019,0.781531173592817
"PBX2",4.9860367515586,0.432280336452119
"PBX3",5.00257282062785,0.386088904098306
"PBXIP1",7.4537970604194,0.541010200342671
"PCBP2",6.42591988034478,0.530281238109151
"PCCA",6.1961598607704,0.471518615228078
"PCCB",6.03692958750218,0.612097717699579
"PCDH1",4.07957040331965,0.338845363453576
"PCDH17",4.77435029636396,0.486668881245026
"PCDH7",3.34884980002278,0.418059348965016
"PCDH9",4.89537521128541,0.540667340623501
"PCF11",7.56549862935773,0.445946382760854
"PCGF1",5.22282460372261,0.484768194259066
"PCGF2",5.55599020448184,0.383694514348967
"PCGF3",6.48155534721427,0.494720833223134
"PCLO",4.86960461736066,0.57304598110139
"PCM1",6.03597440601506,0.491179743186034
"PCMT1",8.93535328095231,0.490133134638687
"PCMTD2",6.24244501990882,0.563748540687159
"PCNT",6.31491143618405,0.467455516594955
"PCSK2",3.43878323688743,0.398357781743526
"PCSK5",5.34780910257758,0.70083527000505
"PCSK7",6.35378238677109,0.558492212831424
"PCYT1A",6.34775835475162,0.492332734826603
"PCYT1B",3.59587491381588,0.412746159688068
"PDAP1",4.60691667178305,0.432248091975785
"PDCD11",5.67090967533924,0.450765359826541
"PDCD2",6.30083971837931,0.454663527783976
"PDCL",6.31509191509062,0.427323715821923
"PDE10A",4.77767901821954,0.623653873358654
"PDE1A",4.76411388831196,0.673668263629216
"PDE1C",3.83176575313403,0.351848039864384
"PDE3A",3.98785345205711,0.402030849490523
"PDE3B",5.34764024538932,0.709092729551855
"PDE4A",4.29567059072898,0.387481517465588
"PDE4B",4.99553131126458,0.744040501874321
"PDE4D",4.54323970522625,0.397121913611934
"PDE4DIP",4.47636470335557,0.712027992017463
"PDE5A",3.89738297903331,0.356578156084709
"PDE6B",4.32347156942278,0.37154765646949
"PDE6D",6.83152359811126,0.43250899259231
"PDE8A",5.66592606589113,0.494413540099238
"PDE8B",3.90310212235212,0.576131384248208
"PDE9A",4.4153486404322,0.468710748811927
"PDGFB",4.27779858289418,0.373659642280584
"PDGFRA",4.55360725161811,0.475620132950826
"PDHA1",8.27806167828924,0.504985614021755
"PDHB",8.97310861502866,0.463380226413116
"PDIA2",3.66822561701228,0.418252068785457
"PDIA4",8.14077481796964,0.537711475440822
"PDIA6",9.2119610827039,0.442584432214413
"PDK1",4.87108092311163,0.599259877141368
"PDK2",5.8556947274838,0.653370575808617
"PDK3",6.63396732926328,0.510937647451869
"PDK4",6.26533520501752,1.08885909535545
"PDLIM3",3.86551251539037,0.921281631782395
"PDLIM4",4.00108758901919,0.417658211834505
"PDLIM5",5.94887533008812,0.647050350606179
"PDPN",3.56820818056617,0.471199075061493
"PDS5A",5.24706941293208,0.42482571766894
"PDS5B",4.41375434078035,0.448076405172174
"PDX1",3.43893098658816,0.376854835227845
"PDXK",7.77076063658542,0.525752865986243
"PDZD2",4.31145633265034,0.582529844114957
"PDZK1IP1",11.4174723871933,1.06375108545344
"PDZRN3",4.81127542258024,0.467357700057545
"PEA15",8.72861629324172,0.502286355494933
"PEBP1",9.7861298299732,0.659020356622348
"PECAM1",9.49204068424029,0.644440531302866
"PEG10",5.28330413874138,0.509392278559175
"PEG3",4.17286084889539,0.52825057847302
"PER2",4.71170774422609,0.366721418767869
"PES1",4.68281501163424,0.445523359651677
"PEX1",5.59090477961668,0.471228343141174
"PEX10",5.05888721582026,0.387985517850851
"PEX11A",4.66276920821089,0.436817833436637
"PEX13",5.18941419336738,0.50570517732572
"PEX14",5.47928584289551,0.473235198806495
"PEX19",6.92232801017519,0.416130914089058
"PEX2",6.53101658333642,0.550512725392667
"PEX3",6.47589027132991,0.716594517754169
"PEX5",6.824358118577,0.438174900643879
"PEX6",4.91933742696144,0.502935315840253
"PEX7",6.10421122809959,0.517218305765071
"PFDN4",6.17665807155843,0.804267765598445
"PFDN5",11.0340993625664,0.600629741917398
"PFKFB1",3.54094178702378,0.398403249826854
"PFKFB2",5.54960053457866,0.754561377596017
"PFKFB4",7.04112642627382,0.418864707090368
"PFKL",6.5583581697985,0.545348914705729
"PFKP",6.42460264103047,0.61200590247069
"PGAP1",4.07842403374732,0.441888725542507
"PGAP2",6.57055870281449,0.386600971588562
"PGC",3.91718742466397,0.382035312790075
"PGF",4.95535671348849,0.409343811076611
"PGGT1B",5.36856411911337,0.593481968179842
"PGK1",8.8825052890076,0.521090170387588
"PGM5",4.53934868246536,0.816469931017772
"PGR",3.99031480776923,0.426866061279443
"PGRMC1",8.83043303083833,0.762314175452776
"PGRMC2",7.38502424223585,0.501399740498122
"PHACTR2",7.68332235399108,0.577601058188388
"PHB",7.80744029134352,0.62531701230041
"PHC2",8.64266836542214,0.422658704629522
"PHEX",4.25905168114521,0.440816892032495
"PHF1",6.28927457789593,0.430773012667543
"PHF14",6.1977265230846,0.607375862188444
"PHF2",4.46438505711686,0.380674941389539
"PHF20",6.20622985518233,0.569129423126268
"PHF21A",7.05314145218102,0.487032359715675
"PHF3",5.36479482577373,0.540273243637472
"PHF8",4.57299308800677,0.399748089990094
"PHIP",4.94271531917358,0.46900931209242
"PHKA1",4.10646643497367,0.450588162910969
"PHKA2",5.245254730223,0.397119732679587
"PHKB",7.7280259036153,0.458593072647782
"PHKG1",3.51637715229287,0.358576144428131
"PHKG2",4.5863113239156,0.355446764689107
"PHLDA1",5.05070382377859,0.426089088374134
"PHTF1",4.66531526833649,0.416450849578864
"PHTF2",5.29563094472749,0.502811494280832
"PI15",3.95027279951189,0.528649325158876
"PI3",6.70432118284269,0.806993309090443
"PI4K2A",5.8248286741731,0.464517279949381
"PI4KA",7.32639012388803,0.507938450160457
"PI4KB",7.20412552331424,0.485838971261024
"PIAS2",4.41572880470466,0.481772565050221
"PIAS4",5.69110190174327,0.455549281630005
"PICALM",7.22395545577828,0.66504424645624
"PIGB",7.007576675508,0.55369940135489
"PIGC",7.04531625660772,0.359255587916988
"PIGF",7.02657180542514,0.518942019143604
"PIGK",6.9211528603924,0.651605213409076
"PIGL",4.61066282149735,0.453369885807371
"PIGO",5.45637167323439,0.409433043662183
"PIGQ",4.88420446841245,0.443602085504183
"PIGR",5.95419735876951,0.583305933167504
"PIK3C2A",6.6115452693229,0.539059681693848
"PIK3C3",6.57856958708962,0.442962851634139
"PIK3CA",5.11843238465073,0.476934639451573
"PIK3CB",8.13287897183289,0.447326686172823
"PIK3CD",6.07379974749186,0.598091830353717
"PIK3CG",6.09748101948261,0.665656925546974
"PIK3IP1",6.95196540282348,0.605435152721658
"PIK3R1",8.05771195489783,0.496254142326506
"PIK3R2",6.4981741527667,0.489170965761861
"PIK3R3",5.45031159467434,0.542645727680426
"PIKFYVE",4.28825115512601,0.436920232607075
"PIN4",5.37098870378247,0.41266489347638
"PINK1",9.19139431153237,0.629093887424213
"PIP4K2A",8.35784408205649,0.808371685103985
"PIP4K2B",5.0761207174983,0.366158641816776
"PIP5K1A",4.38411244394813,0.379463197220793
"PIP5K1B",4.50067357511459,0.373115526532392
"PITPNA",8.42220237269596,0.427004159674574
"PITRM1",5.51664512858383,0.439885215593909
"PITX1",3.31930882172659,0.325091565695131
"PKIA",5.02641368741167,0.973539230198767
"PKLR",4.65747923950639,0.68607531265624
"PKN2",8.29654482587839,0.581476800218502
"PKNOX1",5.13278916891085,0.524008983877071
"PKP1",3.47885524910069,0.313481375813516
"PKP2",3.9993813849551,0.521457867769082
"PKP3",3.9338698285497,0.405336431270003
"PKP4",6.26166861858357,0.775739331244503
"PLA2G16",7.42672564206882,0.755549968071447
"PLA2G4C",4.67062215501804,0.461982891139335
"PLA2G5",3.22494368580201,0.352584135463681
"PLA2G6",5.10520137656075,0.409225013008645
"PLA2R1",3.87498167816005,0.42566086822567
"PLAA",5.92249316816315,0.426062993306319
"PLAGL1",7.37094384549148,0.677748734655802
"PLAGL2",5.07206391492741,0.404854062358763
"PLAU",5.45639250583945,0.799617215721454
"PLAUR",6.68183116123959,0.758388479843429
"PLCB1",5.13144045268774,0.769961148338571
"PLCB2",6.25073773369123,0.400420654567287
"PLCB4",4.33186065503219,0.618149182243557
"PLCE1",4.47751587112204,0.475592204671241
"PLCG1",5.89320937472674,0.65271014400254
"PLCG2",6.2746650902866,0.527817310604399
"PLCL1",5.48376008519132,0.699560759862619
"PLCL2",8.09363749228967,0.559027992938217
"PLD1",4.43841095222067,0.447392341541689
"PLEC",5.60923816194964,0.485581085998485
"PLEK",7.94946986447374,0.933891131360423
"PLEKHA6",5.10224115242928,0.443654363565773
"PLEKHB1",4.07537444638444,0.451111292395864
"PLEKHB2",8.6920367309612,0.424043412322635
"PLEKHM1",4.5356400592157,0.295355466312585
"PLG",6.65991567828907,1.332914948628
"PLIN2",7.3507055481942,0.622134970761995
"PLK3",4.14220450508373,0.372442979557875
"PLK4",3.81693222597026,0.462182770990851
"PLLP",6.11440689193612,0.569134697427942
"PLN",4.97292727097187,0.901806927168232
"PLOD2",6.18472103918775,0.59423887803442
"PLSCR1",6.07165764490219,0.655655739950164
"PLXDC1",4.45997087341166,0.557774884289756
"PLXNA2",4.30219935617033,0.40201869645678
"PLXNA3",3.83657659314215,0.389746804781572
"PLXNB1",4.60434793959174,0.47910930238593
"PLXNC1",5.30358434335461,0.564720479458075
"PLXND1",5.80919790204172,0.645778305308871
"PMAIP1",5.53288179708836,0.877040278270213
"PML",3.88814353053443,0.469784873989872
"PMP2",3.09364338338841,0.498096368025541
"PMPCB",6.43326024027137,0.374820536241371
"PMS1",4.15679646599645,0.43558015918943
"PNMA2",3.99016654771171,0.544039523273161
"PNN",8.58880770145579,0.597279702996104
"PNO1",6.26182191203436,0.624406920682452
"PNPLA4",6.73328785142289,0.625568589511109
"POFUT1",4.29310734226815,0.427042438373414
"POFUT2",4.03613557868306,0.413766875162409
"POGZ",7.66277495936881,0.431294985965658
"POLA2",4.80730721823172,0.432341150000508
"POLD3",7.55208750477496,0.5162017029526
"POLDIP3",4.77253997916467,0.379815652389594
"POLG",7.20340834727833,0.438361774172154
"POLR1C",6.69580312618869,0.496453816017875
"POLR2A",4.35978460628445,0.428977016493074
"POLR2B",8.8491852705789,0.430427013741208
"POLR2C",8.2395601724946,0.410140868997135
"POLR2D",5.39042474609312,0.441761214500753
"POLR2E",7.97851132416305,0.62635151320004
"POLR2J",5.26216771273753,0.489650414298941
"POLR2K",7.37868352024294,0.694935083414076
"POLR2L",6.27562370477341,0.535717495952995
"POLR3C",6.72136657725815,0.393067394146747
"POLR3G",3.65965830665088,0.367445933303123
"POLRMT",5.27558569244337,0.55456133953364
"POMZP3",5.88263578292898,0.861195257809621
"PON1",3.1129334184527,0.461873827679606
"PON2",7.09030257583845,0.672683907051867
"POP4",5.96136958251977,0.367385295260717
"POSTN",4.30141889058458,0.807971791771629
"POT1",5.79666821289101,0.589568463140327
"POU2F1",4.44663401733188,0.493026648278025
"POU2F2",5.91939214028858,0.562255886410753
"POU2F3",3.30146480422891,0.427272942415074
"POU3F2",3.50037460614931,0.4540347595472
"PPARA",5.65182733887051,0.600564016572212
"PPARD",5.72635484235914,0.469075594410287
"PPAT",5.1928675135913,0.486256236445133
"PPFIA1",5.16289276242988,0.452019919749673
"PPFIA2",3.66213329822546,0.412386697441959
"PPFIA3",4.35207027928305,0.329421333328438
"PPFIBP1",4.88555971481366,0.645875713072253
"PPFIBP2",5.56563495417962,0.447256885954011
"PPIB",10.4129079930966,0.503630234511458
"PPIC",6.03899668276801,0.433944453885221
"PPID",7.65806215246369,0.498887966432562
"PPIE",6.76420573960981,0.541379959645539
"PPIF",7.84964769840409,0.586600256034198
"PPIG",8.29499520889375,0.528240248071168
"PPIH",6.68193639754842,0.449589142382383
"PPIL2",5.3953789268205,0.475487686965772
"PPIP5K1",4.69835294415348,0.407726086666001
"PPM1A",7.54449266922343,0.55455206154831
"PPM1B",8.52584460659029,0.603570482817143
"PPM1E",3.89374462993636,0.462545700200013
"PPM1F",6.51213504993002,0.620138027493577
"PPM1H",5.00254762142735,0.426341039704437
"PPOX",4.41252355610304,0.338646358173293
"PPP1CB",9.43848084563257,0.651032481169115
"PPP1R10",6.75767080978683,0.715042734190866
"PPP1R11",7.16913907601739,0.557701751724382
"PPP1R12A",8.08922097806773,0.551326547351105
"PPP1R12B",4.11546825746324,0.496521357936787
"PPP1R15A",6.13255176885075,0.493840586165806
"PPP1R16B",6.55189553840573,0.778817819491774
"PPP1R1A",5.68331147196036,0.810259274811038
"PPP1R2",7.3695707765803,0.628136158129261
"PPP1R3A",3.06169624418119,0.756165361405039
"PPP1R3C",4.98541774983969,0.566286200722084
"PPP1R3D",6.14334437613567,0.501894230242544
"PPP1R7",6.4949882044559,0.486550230490698
"PPP2CA",5.61378795617256,0.445511654789716
"PPP2CB",8.9070706462966,0.434430928944965
"PPP2R1B",5.12022747513731,0.475757498701652
"PPP2R2A",5.49377203107108,0.369175559060934
"PPP2R2B",5.0415649004415,0.646747138094523
"PPP2R3A",5.95760422546251,0.518775428023647
"PPP2R5A",5.19363524930093,0.413390490019878
"PPP2R5B",6.48604655581866,0.526002960635696
"PPP2R5C",7.66150865256492,0.478124686595407
"PPP2R5D",5.55443049760186,0.401500036181362
"PPP2R5E",8.17969885155713,0.446396333522086
"PPP3CA",8.71736692409256,0.390102278033298
"PPP3CB",6.44024143218787,0.511826473960004
"PPP3CC",6.45184405013124,0.623234169715374
"PPP4R1",6.07582274751048,0.37792723081209
"PPP5C",4.25155020875173,0.389079183855066
"PPP6C",9.07042815355256,0.335749526787922
"PQBP1",7.57622100854852,0.577020874037213
"PRCP",9.38139952372445,0.439648375844163
"PRDM1",6.73038607974345,0.630625988205777
"PRDM2",6.02088876177729,0.51135744369207
"PRDX2",8.12454831215914,0.582555387488529
"PRDX6",11.5452183029575,0.486549574892409
"PRELP",4.70128016159817,0.557397802859966
"PREP",5.68916709864419,0.498333948933374
"PREPL",6.13957771700643,0.704051604657472
"PRF1",7.77854224017085,0.877629014073382
"PRIM2",3.90006705721542,0.54765103912507
"PRKAA1",7.05957554203225,0.462068486337072
"PRKAA2",5.02550746997988,0.44750465281525
"PRKAB1",6.67381778155012,0.602738681243125
"PRKAB2",6.39297366019097,0.606276698805218
"PRKACA",7.24262956941265,0.455240191243077
"PRKACB",7.09043886123397,0.706839219333882
"PRKAR1A",8.70155230551617,0.540062830991456
"PRKAR2A",8.16559438841742,0.419608431770764
"PRKCA",4.71165267895026,0.386380360177887
"PRKCB",7.1740241249847,0.797080793298366
"PRKCE",4.31722670465791,0.411560014371348
"PRKCG",3.75894214163827,0.310253059470224
"PRKCH",7.52348906905087,0.749852997948688
"PRKCI",6.99181905326428,0.713327870776146
"PRKCQ",6.06920544932163,0.874963611036566
"PRKCSH",5.56080244925647,0.520886104472346
"PRKCZ",7.2524543858159,0.637800741005048
"PRKD1",5.28735385089252,0.442659442412547
"PRKD2",4.98770227559055,0.44545755673868
"PRKD3",6.73271919297922,0.549421078734502
"PRKDC",6.62234466153472,0.667107250969347
"PRKG1",4.39423811199097,0.407803540365868
"PRKRA",7.4296895341634,0.568933659807162
"PRKX",6.8921915364037,0.69421932245086
"PRLR",4.50543517596214,0.66289749059631
"PRMT1",7.87535962243518,0.554122566749164
"PRMT2",5.61661232732643,0.532809102559151
"PRNP",6.78024837011754,0.956207140138933
"PRODH2",6.22024834063275,1.11999437638069
"PROSC",8.77645441745525,0.535482228679477
"PROX1",3.86727933921195,0.561762133677967
"PRPF18",4.61619440196783,0.446415084790398
"PRPF31",6.6561508157254,0.560874182206833
"PRPF4",7.37895921044449,0.447105731914973
"PRPF40A",6.08195889094223,0.450616225396347
"PRPF4B",6.77913577187064,0.669977213453002
"PRPF6",7.17449417787526,0.681789592890289
"PRPS1",6.70925319393602,0.534793408028993
"PRPS2",7.45311005396872,0.53986622842869
"PRPSAP1",5.26306449694205,0.40336679005433
"PRRC1",7.49902047498309,0.600693023303086
"PRRX1",4.08403908449484,0.732519856678638
"PRSS23",7.0564091029048,0.896713234982551
"PRUNE2",4.9794607505296,0.679332696196751
"PSAP",11.0493738681325,0.474010861415571
"PSD3",4.22239694570995,0.523685414767441
"PSD4",5.33463127846821,0.583145290195241
"PSEN1",5.01999427119701,0.472689413192239
"PSEN2",4.79716408162122,0.361261106061931
"PSG4",3.59903249415003,0.355503556853406
"PSG9",3.52957930834405,0.326186353053524
"PSIP1",7.21335050833642,0.706912152202466
"PSMA1",10.116766441552,0.356918078990296
"PSMA2",9.44167538674808,0.441864746654674
"PSMA3",6.49888365611359,0.484319749597396
"PSMA7",8.83179334110008,0.441915870192287
"PSMB1",6.90428579232868,0.407975903812224
"PSMB2",5.81625520098582,0.644383003509772
"PSMB4",10.126768799498,0.531019431887405
"PSMB7",8.74140118479115,0.446812984450686
"PSMC2",6.39707745505721,0.50335918260572
"PSMC3IP",5.46869607488357,0.473800427025714
"PSMD1",8.55675866920555,0.488704841511636
"PSMD10",7.98618704082284,0.537651378748812
"PSMD11",6.36237682443771,0.456743820508
"PSMD12",7.94131914476555,0.450067790942687
"PSMD13",8.16987468158613,0.395395134328062
"PSMD4",6.28290845543252,0.388000880327942
"PSMD5",7.26002731015253,0.368119338784011
"PSMD6",8.1139396476171,0.455337222691366
"PSMD7",6.21455358742064,0.442673183157885
"PSMD9",5.52908001061647,0.403477041050854
"PSME3",6.94348474642777,0.416958147160899
"PSME4",7.66918242381885,0.526153892541866
"PSMF1",7.97992000784008,0.756921357524597
"PSPH",5.13005598369351,0.562602093826776
"PTAFR",6.90038118190407,0.65598015684118
"PTCRA",4.7546962061634,0.513414242404948
"PTEN",7.3323345661382,0.661949246833505
"PTGDR",4.43933037030591,0.637765707954077
"PTGDS",7.81147706530156,0.947661065582218
"PTGER1",4.48336166014542,0.469727277294711
"PTGER3",5.21077752508149,0.729336554441314
"PTGER4",8.01274159514899,0.641283319153071
"PTGES",4.73864013568037,0.415516295024433
"PTGFR",4.00301300175112,0.45395708931273
"PTGIR",5.27429399118288,0.428969772335738
"PTGIS",4.02656330350404,0.67020886270334
"PTGS1",5.29037883172053,0.815546491767842
"PTGS2",6.24197679151963,0.818100675421766
"PTHLH",3.14133096167672,0.436460779045267
"PTK2",5.99159159398092,0.587100571855043
"PTK2B",6.95260329177719,0.410751780044596
"PTK6",3.89591550857132,0.42539062614545
"PTK7",4.11099471503581,0.523886592790557
"PTMS",5.43774806904276,0.777806000639514
"PTN",5.93980797255491,0.673894256154088
"PTOV1",5.52903036580887,0.477233330802019
"PTP4A1",5.9807202693634,0.469966985951776
"PTP4A2",10.5384783578186,0.401356997412773
"PTP4A3",5.86694692749402,0.805535298361923
"PTPN1",4.05127233452887,0.366306679305939
"PTPN11",5.88080548656698,0.675391996698496
"PTPN12",4.9407723182638,0.504241979795729
"PTPN13",7.29529001459072,0.586371624572135
"PTPN14",4.57246611348259,0.509265555777855
"PTPN18",7.3189954622503,0.413611143443409
"PTPN2",5.25468460715341,0.430261459728635
"PTPN21",4.58803390729941,0.327772121750128
"PTPN22",4.52485820807347,0.871708621332508
"PTPN3",5.55228532983817,0.464590033089859
"PTPN4",5.21390930555891,0.68256851848272
"PTPN7",5.71451057005993,0.509556026038328
"PTPN9",4.62321043797483,0.4497696161498
"PTPRA",5.60791308057372,0.452006559626327
"PTPRB",4.8801013260781,0.457489799320985
"PTPRC",8.89269628700965,1.1264243851932
"PTPRD",5.23559560440326,0.668582974240414
"PTPRE",4.49374732116965,0.558016665575706
"PTPRF",4.97679604239652,0.527381343940706
"PTPRG",4.76451024457272,0.439605782043215
"PTPRJ",5.54538908274631,0.441820710291744
"PTPRK",6.32141792060957,0.64424097087879
"PTPRM",6.36137374441842,0.416555402701025
"PTPRN2",6.37719328029152,0.77301262034035
"PTPRO",5.78190752066139,0.691517878246857
"PTPRS",4.93997525233889,0.371323547484947
"PTRF",4.73646250223903,0.562218532519013
"PUM1",8.80550780191144,0.407484958606552
"PUM2",8.46311139407381,0.435746597058226
"PURA",8.20805735474324,0.555331355056089
"PVR",4.75763692781454,0.50990734115225
"PWP1",6.88013373286371,0.391523486423244
"PXN",7.7626590605509,0.437859520169177
"PYGB",4.47122956781791,0.528885848065618
"PYROXD1",6.49945244117195,0.536023018744843
"PYY",3.93092244620768,0.429317832271375
"QDPR",6.97061768191767,0.664147000758541
"QKI",6.27305220854045,0.574115586869187
"QRICH1",5.80763242160476,0.484169769990375
"QSOX1",6.69915895206838,0.541472428183938
"R3HDM1",6.93466268835046,0.41904051882632
"RAB11A",9.58122676118492,0.327008823083801
"RAB11B",5.6725726879641,0.507072163481894
"RAB11FIP2",6.67471459972528,0.592447211166436
"RAB11FIP3",6.39793682357946,0.788520251006954
"RAB14",6.24117917463506,0.566410482564534
"RAB1A",8.74339262538837,0.614040549390642
"RAB21",7.4888693538308,0.6020597800529
"RAB22A",7.60392185630289,0.507796897924855
"RAB27A",7.50161284578642,0.677809297019891
"RAB27B",5.99299704525574,0.627769047033486
"RAB28",6.42801473882001,0.578271926874993
"RAB2A",6.7263657345048,0.570573315580887
"RAB30",4.76483157714191,0.527869089940573
"RAB31",9.31865471891516,0.634746045585165
"RAB32",6.0344667486033,0.492532388421267
"RAB35",6.9499319484117,0.412525758590983
"RAB3B",3.61855936906051,0.335097936428957
"RAB40B",6.10608862324586,0.527074462499063
"RAB40C",4.78408763143849,0.381473989364851
"RAB5A",7.43323053753917,0.523853147084434
"RAB5C",8.48527674877667,0.51552673413961
"RAB6B",4.62366209470754,0.534711198881383
"RABEP1",6.41695330105461,0.632291816471778
"RABEPK",6.91434083725485,0.391777479172179
"RABGAP1L",5.00995711151135,0.536300864403321
"RABGGTB",6.56851356736736,0.600478741394222
"RABIF",6.74683455963886,0.409493599611345
"RAC1",9.97455938204924,0.622451074286862
"RAC2",7.80337150905374,1.06890284255648
"RAD1",5.6807330355708,0.501270574161478
"RAD17",6.57574333658946,0.541640050533429
"RAD21",8.88136643377257,0.618380640002596
"RAD23A",8.16846121478875,0.702261799437476
"RAD23B",7.28382091755472,0.477739939785446
"RAD50",5.6705360151329,0.521091999412164
"RAD51C",5.91628210822535,0.513302456675813
"RAD52",4.90962466461127,0.392392334051737
"RAE1",7.79981118520928,0.332217486761852
"RAF1",8.56948536322463,0.426976804058987
"RALA",7.27318108660176,0.489017760802675
"RALB",8.83236610072196,0.492410193935611
"RALBP1",9.28865536169093,0.523802692658104
"RALGAPA1",5.5320583751046,0.6407587772913
"RALGAPB",7.19158146826078,0.477115031391913
"RALGDS",7.22916856905071,0.565651897703898
"RALGPS1",4.64976999466974,0.459301938529346
"RANBP2",6.41411866679623,0.651723872754238
"RANBP3",6.3302763088116,0.474505338321597
"RANBP9",6.79678611351491,0.623272131655898
"RANGAP1",5.34671418210003,0.420860956194847
"RAP1A",4.83913366973731,0.409997306806868
"RAP1GAP",5.99145787698357,1.20186884417344
"RAP1GDS1",5.28393761950115,0.555034013058811
"RAP2A",5.4207593780726,0.506552720729609
"RAP2B",5.94435368311994,0.634130062642802
"RAP2C",7.84310383470715,0.639979336271228
"RAPGEF1",6.33775213433328,0.501580104664274
"RAPGEF2",4.85193670090011,0.462909021197961
"RAPGEF3",4.77436014760441,0.424301908987158
"RAPGEF5",4.48350910550091,0.432721582493094
"RARA",5.46870500231544,0.498772477819256
"RARB",4.256191613427,0.47045095596199
"RARG",4.84121915142087,0.396787035315895
"RARRES1",4.98086307947381,0.909148831975593
"RARS2",4.12526419574944,0.401695805882232
"RASA1",7.67588546868268,0.541346534209105
"RASA2",7.50780315270239,0.527401211922981
"RASA3",6.59995696177031,0.494859173794789
"RASAL2",4.20211098657005,0.364582972882736
"RASGRF1",3.38670917634643,0.311787399649965
"RASGRP2",4.57939153342526,0.452860099363845
"RASGRP3",4.81108063034458,0.368897681741178
"RASSF1",6.76208739031272,0.461104422837144
"RASSF7",6.67287971203126,0.573941395224124
"RASSF8",4.57710691628149,0.453758479202162
"RB1",7.56303692438556,0.578418667726349
"RB1CC1",8.40303520816165,0.566583363291046
"RBBP4",7.71808318442896,0.551468779237412
"RBBP6",5.9060756319206,0.595063764145045
"RBCK1",8.32305922733309,0.413354512111963
"RBL1",3.93813572248164,0.556007525875489
"RBL2",9.11926881721619,0.460355133950551
"RBM10",7.14034782720895,0.524441273845863
"RBM14",6.90784176765884,0.424984525789337
"RBM15B",5.7894381754921,0.359795261503799
"RBM17",5.44770225487083,0.486784648854845
"RBM19",4.56231680412883,0.379641383354556
"RBM25",7.8227422171373,0.594444112781205
"RBM3",7.10589757600496,0.579385477355005
"RBM39",6.88493497696985,0.430370517037
"RBM5",7.1425105455302,0.589461783475681
"RBM6",7.59730560791418,0.701812155525896
"RBM8A",7.76852106489038,0.425453514811314
"RBMS1",9.55904759527333,0.468050793447428
"RBMS2",5.02345452581578,0.351722418038852
"RBMS3",4.09181293227942,0.546698479629242
"RBMX2",7.15822725301747,0.395079076608139
"RBP1",4.43515690780372,0.50507852793838
"RBP4",5.47247105558354,0.97453151130641
"RBPJ",7.00887453442282,0.560224352185651
"RBPMS",4.9003153265015,0.527854026423993
"RCAN1",5.0284641062722,0.673706893035778
"RCBTB2",5.38106385126063,0.457012589203512
"RCC1",4.98855550621795,0.400853868136719
"RCE1",5.16473389445625,0.403051226094666
"RCHY1",5.95844895638385,0.436531859338238
"RCN2",7.23097867289707,0.767282461360849
"RCOR1",5.42635575618616,0.426985433344003
"RDH11",8.78287698399506,0.544951828007215
"RDX",6.97676647636035,0.671274840837785
"RECK",4.40720266492376,0.376101992327161
"RECQL",6.76499521186588,0.627747322176572
"RECQL4",4.46687996170966,0.430941296814026
"RECQL5",4.63484380011733,0.428049708998792
"REEP1",4.41237250171496,0.514709806459959
"REEP5",9.72630649065551,0.584470165635251
"REG3A",3.42917337128246,0.439464218162622
"REL",6.46607584645282,0.457153940026733
"RELA",7.65616847499195,0.392646104169053
"REPS1",4.60690124541929,0.521677353825811
"REPS2",6.90156472470107,0.881379045988839
"RER1",8.92283457612544,0.365808106663651
"RERE",4.67168206449996,0.568798859694684
"RET",3.70831095108227,0.339140407988861
"REV3L",6.71360121792002,0.618758397052135
"RFC1",6.63886304477448,0.496207660059335
"RFC2",5.95597314622441,0.478692476879589
"RFC3",5.08754936397377,0.516467571673312
"RFC5",5.60961948502084,0.537194326493923
"RFK",7.28003075267327,0.503963099552107
"RFTN1",7.70733441139562,0.503858484378925
"RFX1",4.53930677842834,0.328943632230107
"RFX2",4.17229067626449,0.447145759632881
"RFX3",5.62917139150926,0.527581703748877
"RFX4",3.34438979598924,0.427982097632534
"RFX5",7.2355086214219,0.515541363724997
"RFXAP",4.85144469322295,0.526831867103055
"RGR",3.54738207120718,0.453618383100067
"RGS1",3.87374535963586,1.1010069506395
"RGS10",6.51002181258161,0.690474799528991
"RGS11",3.48584176646201,0.356527072909921
"RGS12",3.72165424297534,0.338891561273625
"RGS13",3.02126410726351,0.607455769922948
"RGS14",7.28115221128018,0.416662816903381
"RGS16",4.21660792951168,0.434168741124741
"RGS20",3.23835757954879,0.427032177850672
"RGS3",5.3043302015636,0.446203831657667
"RGS4",3.60311367337693,0.461553663314582
"RGS5",5.96162537305007,0.801187928687979
"RGS6",3.94107506431799,0.438882406472499
"RGS7",3.97036054000842,0.650068228690155
"RHBDF1",4.56296301868479,0.360761249198129
"RHD",4.70931770944147,0.855883990283801
"RHEB",5.39862751037661,0.590437673609967
"RHO",3.96031924706011,0.357389245187818
"RHOA",7.00527844104966,0.5958814519162
"RHOB",7.68819825764958,0.477533539724546
"RHOBTB2",4.8427071167148,0.474089283489552
"RHOBTB3",6.04637658238674,0.659437504870019
"RHOC",5.74884036348841,0.461113722885658
"RHOD",5.92553502695755,0.424688118232112
"RIMBP2",3.69829426556786,0.427312560957822
"RIMS1",3.33459356262516,0.449527295596854
"RIMS3",4.33155204785685,0.417430568466516
"RIN2",6.33475823150353,0.437421824601759
"RING1",7.48176644517807,0.421023970190084
"RIOK3",5.85892574214124,0.443333401687091
"RIPK1",6.15947942576706,0.438316201653315
"RIPK2",6.39782431448364,0.482454672224453
"RIT1",7.1519227923196,0.566994088241462
"RMND5B",5.57130859322102,0.43373402422502
"RNASE1",6.62799995608503,0.618588104199454
"RNASEH1",6.61581342090548,0.512447544309305
"RNASEH2B",5.62675581624789,0.527633181472597
"RND2",3.79762022573925,0.330352336806107
"RNF10",9.22787221051573,0.564013284483146
"RNF103",8.3089415496265,0.400146058306985
"RNF114",8.57585020495396,0.389481255880542
"RNF115",7.45388552676508,0.436270275992984
"RNF126",6.36812523450182,0.438106402099382
"RNF13",10.1402939707264,0.384934095243852
"RNF14",7.87164135567029,0.714799768676604
"RNF144A",5.75078974101525,0.658414243906869
"RNF19B",7.4084536713772,0.574218627628799
"RNF216",4.66759096868256,0.344817726103381
"RNF24",7.17823461849238,0.552841652562353
"RNF40",4.67316423204247,0.425261007146747
"RNF41",6.50203745425283,0.401770146224131
"RNF6",3.61342776531131,0.489100388115752
"RNF8",6.08589930104319,0.461611662286763
"RNFT2",4.01403994602825,0.350858454285104
"RNGTT",5.70838880869653,0.527317091953373
"RNH1",5.38735221255214,0.443614948508847
"RNMT",5.0446200538703,0.336899219753146
"RNPEP",8.33604904549427,0.482616432421346
"RNPS1",8.74980022748881,0.375276504108593
"ROCK1",6.41478790725288,0.642633563686217
"ROCK2",6.83287407611056,0.53146809810817
"ROR1",4.15177522932618,0.394180953834417
"RORA",5.50755150855758,0.742278274041718
"RORB",3.55244388240679,0.468227755876134
"RORC",4.55372513912114,0.465880688780873
"RP2",6.74232021814969,0.677940521866076
"RPA1",8.11178934518948,0.447122592949737
"RPE",7.071054712378,0.632813349819006
"RPL14",10.5854572278381,0.535391946479312
"RPL15",8.3940138313115,0.527232694182928
"RPL18",9.83338951344328,0.411342785777511
"RPL22",10.3201274460866,0.421390065309594
"RPL27A",9.58242994863036,0.51550983915069
"RPL31",6.80988520540465,0.521721770181487
"RPL37A",6.38103525710088,0.551561880718062
"RPL5",5.7721285572001,0.387246595932323
"RPLP0",11.3673247627997,0.487625216498829
"RPN2",9.70444077992607,0.496130402438467
"RPP14",7.08562070547987,0.493249983519555
"RPP30",7.21676093732791,0.383628859939447
"RPRD2",6.42689764771579,0.448871205166105
"RPS11",8.96743203745647,0.721035359992003
"RPS15A",5.726417541197,0.449711396264729
"RPS16",10.2280823869685,0.50151434628114
"RPS19",8.08671166703924,0.612516687172569
"RPS23",7.38261022548267,0.833126779832285
"RPS24",8.54522217905755,0.722561980202136
"RPS4X",7.82952633234183,0.593563754873041
"RPS6",6.98620095749391,0.391716701950322
"RPS6KA2",5.01114567951744,0.475762487096862
"RPS6KA3",8.40386863405456,0.471996371723182
"RPS6KA4",5.80630897580843,0.568877366262915
"RPS6KA5",6.92323248035884,0.635157393727204
"RPS6KB1",6.04463389739916,0.461347428113714
"RRAD",4.56962777407815,0.664424567970463
"RRAGD",8.60690358088845,0.607068550673299
"RRAS2",6.70010569137863,0.750123236498212
"RRBP1",5.83253917380756,0.63872028162098
"RREB1",4.3314978575401,0.493090858567132
"RRM1",6.82752354221655,0.494237374268568
"RRM2",5.28572509159768,1.10782749155038
"RRN3P1",4.99569474238502,0.675331056177655
"RRP12",5.90288410884739,0.556234716335586
"RRP15",5.50365271502272,0.561230014539403
"RRP1B",6.45114603903842,0.521143921751201
"RRP7A",5.73075135201572,0.558668551028646
"RRP8",6.31632937748192,0.470037432942684
"RSAD2",6.46572962618465,1.17125748941558
"RSBN1",8.15065642242958,0.417719791686941
"RSL1D1",6.79258290501541,0.532543610070988
"RSRC2",8.61153970844396,0.501047643619474
"RSU1",6.15444824439372,0.461493733440548
"RTEL1",4.57569468515086,0.450663660420361
"RTF1",5.91765719213747,0.354482613877892
"RTN1",6.29784341790483,0.756787480164116
"RTN2",5.4587752111033,0.627215082337774
"RTN4",9.48231477006825,0.511048147468287
"RUFY3",5.74159805559076,0.549185466446629
"RUNDC3A",5.98746498553648,0.728693449853584
"RUNDC3B",4.66479131014385,0.630164838136268
"RUNX1T1",4.0218205166541,0.521674003624516
"RUNX2",4.39264648800121,0.489842522841798
"RUNX3",6.87381174396039,0.725497015731113
"RUVBL2",7.71919351477875,0.41799370431965
"RXRA",7.9189613142047,0.439014075426595
"RXRB",4.34004479167206,0.377150643043178
"RYBP",8.4276760858067,0.498253163606343
"RYK",6.7180412543469,0.572196251360323
"S100A11",10.2535189211929,0.651418533387695
"S100A13",6.82175948620473,0.533336731384714
"S100A8",7.67768984055871,1.04074767743322
"S100B",3.89813574338511,0.850894307194693
"S1PR2",4.56696087828085,0.407393521764161
"SAFB",4.98030262122685,0.558317713758352
"SAFB2",8.00528196312916,0.504704339657304
"SALL1",5.55950104580058,0.624435822667185
"SAMD14",3.90433386860158,0.400566242471803
"SAMD4A",4.22997312659408,0.474308927872612
"SAMHD1",8.23351408596489,0.834379634830736
"SAMM50",8.13512330904897,0.543685884859867
"SAP18",9.75675257287248,0.355648399262843
"SAP30",5.50279791914706,0.577390461331224
"SAR1A",8.51726695755358,0.409436299467813
"SARDH",3.84979826473836,0.466365952637828
"SARM1",5.27122545259214,0.449528624369556
"SARS",5.71948212666826,0.44504099704012
"SART3",6.42641398203143,0.48265608050945
"SASH1",6.08540873136114,0.63191893944175
"SAT1",10.2037237156703,0.476550637292859
"SATB2",4.32288979676834,0.511957075832921
"SBF1",5.95171722504941,0.531943198584604
"SBNO2",5.00474490733694,0.531037024660193
"SCAI",4.94781047086935,0.688673746431646
"SCAMP1",5.37310014916573,0.581622627841129
"SCAMP5",4.5114411903529,0.360556350104069
"SCAPER",5.38767503132539,0.420733263123531
"SCARB1",4.01369603105262,0.340988725832225
"SCARB2",6.03304704719534,0.626752283100694
"SCARF1",5.65934257437405,0.586502888651414
"SCCPDH",7.30307519630886,0.603692687159079
"SCD",4.61927578105538,0.574335354787524
"SCEL",2.87326658189201,0.454173166377626
"SCFD1",6.17208680907909,0.528887805069924
"SCN2A",4.49731807561715,0.529788677375723
"SCN2B",3.80859081942346,0.366816987932092
"SCN7A",4.16395851739102,0.513747153296339
"SCN8A",3.94127704539941,0.421565698759733
"SCN9A",3.82188887197523,0.444427584260792
"SCNN1A",4.66622120355802,0.532953463038591
"SCNN1G",5.1100821323044,0.57734602217148
"SCP2",9.92907662585158,0.53484682755718
"SCTR",3.87731797990311,0.446142261772511
"SCYL3",6.56867756501374,0.385146731520838
"SDC1",6.33889064209943,0.643218434316741
"SDC2",6.23128421183416,0.743964827906001
"SDC3",4.33904535768568,0.527217403588549
"SDHA",9.24572382723349,0.517391459308597
"SDHB",6.11557643838252,0.465373063057645
"SDHC",9.33397063173785,0.529831513838679
"SDHD",7.46285988869365,0.510481747648066
"SDS",3.86710932827928,0.368025354773103
"SEC11A",10.3296071775335,0.46120214317294
"SEC14L1",8.33114375337357,0.620606319734746
"SEC14L2",3.6514168479054,0.296084302467522
"SEC23A",6.19043098621649,0.537814533475207
"SEC23B",8.09964092490808,0.468422846888979
"SEC23IP",6.18850928122028,0.561386894526059
"SEC24A",5.25339812950417,0.546405529977612
"SEC24D",5.2709345918408,0.564888075353084
"SEC31A",7.97837601630138,0.644293545670301
"SEC61A1",7.65357480757098,0.532465153879973
"SEC62",9.56559398236541,0.47416159676008
"SEC63",6.5032689153534,0.569369810431898
"SECISBP2L",7.41522991014304,0.553115923795542
"SEL1L",7.50332617238802,0.602152660716204
"SEL1L3",6.26952797639959,0.8254524975549
"SELENBP1",9.37374985784531,0.817351871644628
"SELPLG",6.90042694222956,0.67827811725291
"SEMA3A",3.12980695250566,0.475087125982132
"SEMA3C",4.888150165387,0.565191298409531
"SEMA3F",5.5613893208954,0.406805535211494
"SEMA4D",8.18857268330412,0.543447522952416
"SEMA4F",4.90311632990358,0.352811712219
"SEMA5A",6.18899097928523,0.53605861369838
"SEMA6A",4.23732273013932,0.590339105139092
"SEMA7A",4.93619702412918,0.459486733224267
"SENP3",5.33578124562091,0.46140056147758
"SENP5",6.53435785518747,0.311946004927476
"SENP6",5.56766907095311,0.622085106511683
"SEPHS1",6.59567926666226,0.608879106536075
"SEPP1",5.80156943551871,0.497915402748981
"SEPT10",6.13904681749805,0.59510191070144
"SEPT11",6.44272433045628,0.584625109918171
"SEPT2",6.2080399089849,0.564023568152453
"SEPT4",3.97905089850895,0.346115647094458
"SEPT6",7.65772318894864,0.652709986711232
"SEPT7",8.64918714134506,0.418080786442529
"SEPT8",5.35137765225032,0.478954295174725
"SEPT9",5.60172701790708,0.48929306065039
"SEPW1",9.22765862145933,0.585639998433148
"SERBP1",7.87156457918261,0.465606261514656
"SERINC3",8.68905211720246,0.393902992077535
"SERPINA1",10.5638749727614,0.875204456921114
"SERPINB1",7.49037107702971,0.735963983249166
"SERPINB13",3.26781029046464,0.403233387332208
"SERPINB5",3.14463476487138,0.424535963412549
"SERPINB6",8.11795950294285,0.545910272930201
"SERPINB8",3.90150638195568,0.40835417606673
"SERPINB9",7.79453667822756,0.764823610915086
"SERPINC1",4.0236755316676,0.741469637095798
"SERPINE1",4.13781240762538,0.697218057040614
"SERPINE2",5.5367967768209,0.500219736779515
"SERTAD2",8.12561726406477,0.411395463143325
"SET",9.92082351838541,0.496421118772198
"SETBP1",6.23862639323213,0.58606670470038
"SETD2",7.48269888278039,0.464266629680548
"SETD3",6.62144060779016,0.437231898051734
"SETD4",5.63927725258521,0.548603048542551
"SETDB1",5.55652361595373,0.360463467312158
"SETX",8.13853763068045,0.4896231909452
"SEZ6L",3.85913427088191,0.366048361330061
"SF1",7.61479142040769,0.799941663315878
"SF3A1",7.21799354376861,0.418016542003472
"SF3A2",5.37630349891996,0.71411994273695
"SF3B1",9.8492738637703,0.565663770759352
"SF3B2",5.14251934152787,0.414781604940769
"SF3B3",6.97258205068231,0.425362572583238
"SFI1",5.2651058826313,0.580006435433448
"SFMBT1",5.291231386024,0.424769418613684
"SFN",6.16772460073516,0.749805435196907
"SFPQ",8.52893862378829,0.581507903237573
"SFRP1",5.9956922597332,0.800665446163752
"SFRP4",4.07545201295706,1.02399620809576
"SFTPB",5.92852552305557,0.498783784770408
"SFTPC",4.20042330389631,0.341919611127956
"SFXN3",7.23763186088377,0.493491376936268
"SGCB",5.64008040576074,0.511841879572823
"SGCD",3.68454371268,0.478659222918832
"SGPL1",6.94030777614533,0.508899423203599
"SGSH",5.5533960172925,0.430589636546942
"SGSM2",5.25270373526344,0.431944090246143
"SGSM3",5.15036257938673,0.442951697902877
"SH2B1",5.83906178521717,0.395319477336104
"SH2D1A",5.54211255011175,0.964906917609118
"SH3BGRL",10.0382475068782,0.464041866329709
"SH3BP2",6.21090548300013,0.518557743806371
"SH3BP5",8.79862427129477,0.490497086669317
"SH3GLB1",9.13411414929712,0.442758181237331
"SH3PXD2A",5.09063544299568,0.452952395212721
"SH3YL1",8.14053800199584,0.858481246241851
"SHANK2",4.77491549875197,0.488332204188364
"SHB",4.30178199998105,0.432325020841815
"SHC1",5.88573276317698,0.33309172132748
"SHH",4.16262826903186,0.369471057128396
"SHMT2",6.09684784386238,0.56430230231543
"SHOX2",3.26011651643263,0.48569282255197
"SIAH1",5.02965098059373,0.366371878328025
"SIGLEC6",3.5203565018767,0.439611616466451
"SIGLEC7",5.59929442133026,0.588220120558426
"SIGMAR1",6.43671745850856,0.483275918987133
"SIK2",5.03520728548431,0.50299064307677
"SIK3",6.24050913775626,0.515522077838516
"SIKE1",6.13580767005775,0.67528804500773
"SIM1",5.47896811455078,0.554583931381348
"SIM2",4.2839754386521,0.66789914311959
"SIN3B",5.00507589281948,0.356430519547587
"SIPA1L1",6.70443042316967,0.487789845039606
"SIRPA",5.99195869256365,0.573932858845226
"SIRPB1",5.8779631290029,0.578791406837081
"SIVA1",7.01966927990311,0.492202646421181
"SIX1",3.58816074931174,0.500927576381899
"SIX3",3.2570306078414,0.456334297208629
"SKAP2",8.58898159221815,0.669042288906846
"SKI",4.85912257073877,0.435011910919452
"SKIL",4.27444600547715,0.463991765173734
"SKIV2L2",7.65434611984314,0.565546931567057
"SKP1",10.6743652379931,0.356879487483486
"SKP2",5.01734607262461,0.437006247504237
"SLA",8.5164143604459,0.873303403462036
"SLAMF1",4.86724059130218,0.792930043262418
"SLC11A1",6.31224736495835,0.550238772029313
"SLC11A2",5.25836630734828,0.456294903139503
"SLC12A1",6.19127243000952,0.986430863753848
"SLC12A2",5.69993782696762,0.535072657070428
"SLC12A3",5.39957121140203,0.93221899385594
"SLC12A4",4.19413169990548,0.419446210125849
"SLC13A2",5.28856484086488,0.800521473122025
"SLC13A3",6.19222933798289,0.990280856077798
"SLC14A1",6.64864271955359,1.12001634072615
"SLC15A1",4.11176876030341,0.410023542536669
"SLC15A2",5.23594592179848,0.481354961283599
"SLC16A1",5.44150813867402,0.716028236011034
"SLC16A5",6.79476741990872,0.68340426012356
"SLC16A6",6.35651065315554,0.561257811284124
"SLC17A1",5.79865512329647,0.931621266071848
"SLC17A4",3.7223517617027,0.395443224030458
"SLC17A7",3.88147225730912,0.366665677628146
"SLC18A2",3.87392374834641,0.475561429024627
"SLC1A1",6.15822773091596,0.737362687048657
"SLC1A3",5.10453563128441,0.911217320066313
"SLC1A4",4.96944825240173,0.55718948076421
"SLC1A6",3.59060608188668,0.443690787995028
"SLC1A7",3.96276971152602,0.387685193877469
"SLC22A3",4.46114688350274,0.534014458226985
"SLC22A6",6.16503855862394,1.09195500323379
"SLC23A2",5.2935781389203,0.490094637870004
"SLC24A1",4.82837395949238,0.369701074656901
"SLC25A11",7.73289324236693,0.577130605171982
"SLC25A12",6.32167347371278,0.459442425487199
"SLC25A13",6.71601256496626,0.593442459227043
"SLC25A14",5.35854867636926,0.44532840870359
"SLC25A16",7.26263668662264,0.499932830486388
"SLC25A17",5.80190181366892,0.353380935522788
"SLC25A24",4.71271269192757,0.39486914507102
"SLC25A36",8.52085070933834,0.635755385689168
"SLC25A4",6.17192183407818,0.514319167084349
"SLC25A40",6.44770392418928,0.655493491738444
"SLC25A42",5.07796513368077,0.584053352923516
"SLC25A44",8.71834182413098,0.484216811663198
"SLC25A46",8.17532286729749,0.520981351096826
"SLC26A2",6.5200375685555,0.613404594763968
"SLC27A2",6.9760720868223,1.11068533913073
"SLC28A1",5.28284156592725,0.659145987217358
"SLC28A2",3.84048991323996,0.639902759002397
"SLC29A1",4.97140729439683,0.423324937641951
"SLC29A2",4.13260559862405,0.39995684941119
"SLC2A1",6.96411391481343,0.543146097729086
"SLC2A5",4.97479549746441,0.702076127895338
"SLC30A1",6.76751664594547,0.505765834683147
"SLC30A4",4.00701141453934,0.288481102065012
"SLC30A9",7.85480775866676,0.665476928140769
"SLC31A1",7.18376713368597,0.560762976227009
"SLC33A1",5.6726172043279,0.58182069908707
"SLC34A1",5.47691276962678,1.00946415034461
"SLC35A2",6.12265764873789,0.407145455486293
"SLC35A3",5.91304383303836,0.517995985831056
"SLC35D1",6.52518134790964,0.540382782898885
"SLC35D2",6.66604271460401,0.516950025762506
"SLC36A1",6.55017469802041,0.489421221502522
"SLC37A4",6.60050280559154,0.745775787536473
"SLC38A10",4.12908264159298,0.437305959652972
"SLC39A14",5.86945393300215,0.572200931812376
"SLC39A6",6.67726490985155,0.690793922429914
"SLC39A8",4.52741235685724,0.535050242346968
"SLC4A1",9.1681400968649,0.941082902138146
"SLC4A4",6.26451177708799,0.939444477118307
"SLC4A7",6.41794403160361,0.915164676271562
"SLC4A8",4.01688354720584,0.442708128024873
"SLC5A1",4.15409975504388,0.638917961679846
"SLC5A12",6.13564521355566,1.1199221640513
"SLC5A3",7.74128194267922,0.859578458644228
"SLC6A11",3.75828094635819,0.488879384006449
"SLC6A13",6.46668191375125,0.789168628109959
"SLC6A2",3.45931431915548,0.390262290308703
"SLC6A4",3.48389250468901,0.436423191088238
"SLC6A6",5.54085303202535,0.571573058708275
"SLC6A8",8.04268164778258,0.858341423397164
"SLC7A1",5.27518123984001,0.497807366859755
"SLC7A11",3.94007007670242,0.492625959829498
"SLC7A2",4.66396862883586,0.470625413161502
"SLC7A4",3.64909012758207,0.349464420859808
"SLC7A6",6.65065099806163,0.532851401291537
"SLC7A8",5.67962516800568,0.910096194892123
"SLC8A1",4.65097662504283,0.587225633568382
"SLC9A1",4.19625017147137,0.449898808044311
"SLCO1A2",3.25731963958679,0.404543211708748
"SLCO2B1",4.45868752662527,0.424684772856301
"SLCO3A1",7.15287656996397,0.517050416565759
"SLIT1",3.62107929652628,0.384237755097856
"SLIT3",4.48232215441113,0.596922682617945
"SLK",8.2243774860162,0.441562884530868
"SMAD1",5.72238875938068,0.452932957705932
"SMAD2",6.27268252683495,0.48604044589229
"SMAD3",5.24082076221238,0.426001477494381
"SMAD4",5.75814385915995,0.50483441177588
"SMAD5",6.46168413040407,0.606448531965729
"SMAD6",3.85103068182303,0.364022207380382
"SMAD9",4.82478972559039,0.573554640827462
"SMARCA1",5.28052441174126,0.418005218311639
"SMARCA2",6.37479623090137,0.704334204518965
"SMARCA4",6.57411961024294,0.645486628381344
"SMARCA5",7.81601176642606,0.663159463808806
"SMARCB1",4.51581373530325,0.429619487890396
"SMARCC1",6.97904922183297,0.605288611996045
"SMARCC2",5.80127980754881,0.513219905906725
"SMARCD1",4.55993162166353,0.425095133313687
"SMARCD3",4.08580715060923,0.417955406412897
"SMARCE1",8.55162039738431,0.411820146054988
"SMC1A",7.12542678216688,0.417155409091823
"SMC2",4.91920372081048,0.476298526394949
"SMC3",7.01594295316595,0.770543789315811
"SMC4",5.72613757793822,0.665039945656527
"SMC5",7.18485342501645,0.521785805868451
"SMCHD1",8.13117659347123,0.772465836890992
"SMG5",6.91046017675314,0.431999190778838
"SMG6",4.18629450785502,0.367310227883256
"SMG7",5.84328118318139,0.645772721764998
"SMOX",5.52430456334593,0.790298309546636
"SMPD1",5.37739436239831,0.590638959825052
"SMPDL3A",6.1196146236056,0.569330475683609
"SMPDL3B",4.89742779044656,0.527855414527883
"SMTN",4.33643278574567,0.430328535560586
"SMURF1",4.81221572041136,0.440765691206578
"SMURF2",5.90699698419448,0.458293868473829
"SMYD2",6.3412467589512,0.545678993018271
"SNAP23",6.92169494333357,0.72396661992307
"SNAP25",3.64855332806178,0.394769468493572
"SNAPC3",5.68578564283824,0.525157015417821
"SNAPC4",4.99465846550707,0.434617838396032
"SNAPC5",7.41171348906799,0.505891397445797
"SNCA",7.51725944271808,0.751841585199102
"SNCG",4.28802291710019,0.397533522707869
"SNED1",3.96679413422853,0.416147769292887
"SNN",6.55449092675325,0.461254317871046
"SNRK",5.54076494938304,0.539647476966155
"SNRNP27",7.50516487800665,0.52713589588998
"SNRNP70",5.66798458165971,0.444059900376669
"SNRPB",8.44501767600133,0.463637518051801
"SNRPB2",7.50027829010991,0.471495126065664
"SNRPD1",6.26074821404933,0.484895570657676
"SNTB1",4.67456842970438,0.356278385607735
"SNTB2",5.04820876817269,0.407983138715023
"SNW1",8.51138514183797,0.470150775831312
"SNX1",5.73752689823515,0.435099179145801
"SNX13",5.32185010946257,0.426824143069045
"SNX19",6.81476397912071,0.470965638714127
"SNX2",8.66909884109233,0.512169719977651
"SNX27",7.15886063893968,0.582628049422506
"SNX3",10.8084818124145,0.453037071536177
"SNX4",7.55121989020677,0.729715740925925
"SOCS1",5.53710759706507,0.600867012099122
"SOCS2",5.24819993552693,0.62853905702898
"SOCS3",4.68445330329165,0.67123964713774
"SOCS5",6.0054252418522,0.559490570960113
"SOCS6",4.682935081969,0.341866604756691
"SON",9.48319659648626,0.453488126738003
"SORBS1",4.99358029933517,0.536071307722938
"SORBS2",4.40908785791567,0.553220652549942
"SORBS3",4.59965416048609,0.34617560905645
"SORD",6.11796282574786,0.853762199166727
"SORL1",8.68747822200774,0.633895658800037
"SORT1",7.90852052210139,0.516175594083585
"SOS1",7.76974374898664,0.583930461943965
"SOS2",4.82015397477545,0.420907084500045
"SOX1",3.42903804368156,0.386782189293701
"SOX10",3.94609699017933,0.45168849121819
"SOX11",3.27681502564654,0.560640809103464
"SOX12",5.23080184998834,0.498273950757066
"SOX13",4.87019601061411,0.472950149789796
"SOX15",4.19775906053403,0.418083895936703
"SOX4",5.01972357907011,0.579341919801354
"SOX9",5.1818295501528,0.680242966165933
"SP1",7.66510793078693,0.399463471194272
"SP100",7.19094162161859,0.544647319800832
"SP110",8.28351797223909,0.654094074992583
"SP2",6.18375466896217,0.537894203831989
"SP3",5.12570141681248,0.480364422413996
"SP4",7.36837341461784,0.601329385070723
"SPAG6",3.41862977728506,0.439699527132196
"SPAG8",3.94617079979012,0.451713518383672
"SPAG9",7.70250681865184,0.691190192477754
"SPARC",10.2816593354233,0.664748396289595
"SPAST",5.5511410171704,0.493990904175072
"SPATA2",5.69182824446426,0.41497723597926
"SPDEF",5.55507123732452,0.500669554132811
"SPEN",6.40644168634726,0.664346998797949
"SPG11",5.63122284111511,0.487681171863411
"SPG20",5.14023572255584,0.406117761530092
"SPHK2",5.34890460188325,0.519276621133273
"SPIB",4.085504845858,0.524321687573054
"SPIN2A",5.25645083272535,0.521544600906822
"SPINT1",5.10324764072713,0.473484032008644
"SPOCK2",5.56756862962054,0.558072847326124
"SPON1",4.41671462835797,0.71485259233132
"SPOP",6.27132614302718,0.56096059342268
"SPP1",6.35123647191867,0.67093702688493
"SPPL2B",4.42838328990381,0.422787879267498
"SPRED2",4.90654259764469,0.379857254323271
"SPRR1A",3.29428623263366,0.334371213262999
"SPTAN1",5.26228205128774,0.632318244732056
"SPTB",3.98505374147476,0.462709901045141
"SPTBN1",4.77271196319147,0.408737115443109
"SPTLC1",5.4990954833885,0.639120701764749
"SPTLC2",7.81400341790046,0.508550179015004
"SQLE",5.19369627206601,0.560059857553374
"SQSTM1",4.70249484886729,0.397097049930097
"SRC",3.73672098936568,0.340609352007972
"SRD5A1",6.40090033965321,0.527497590750887
"SRD5A2",3.67834398542242,0.391871462332215
"SREBF1",4.98803664079354,0.39010428750264
"SREBF2",5.37614531971841,0.419365103453904
"SRF",4.48476490841758,0.32503076531986
"SRGAP3",3.67715605108314,0.386340836568894
"SRGN",10.836061834383,0.750631280295442
"SRI",7.07755491416534,0.582126330292574
"SRP72",6.96007147739622,0.612916559294505
"SRPK1",6.91236361608956,0.506055937610283
"SRPK2",6.89886842850269,0.605718656790602
"SRPX2",3.80015158912899,0.620577843032019
"SRR",4.96067671440419,0.489274045718798
"SRRM1",8.6168183219142,0.41576864138014
"SRRM2",6.42310409973254,0.590958746714042
"SRRT",7.81998429397153,0.394424517636025
"SS18",5.61689657020082,0.448995961246156
"SSB",8.12934147314433,0.562292019332044
"SSBP1",7.31388149074388,0.476941507407772
"SSBP2",4.48029927525944,0.421277035045689
"SSFA2",6.16568236003664,0.572715416289476
"SSH1",4.72364311144486,0.395550888054111
"SSPN",5.54850726971098,0.665353189472008
"SSR1",8.14708295823594,0.491139253083194
"SSRP1",7.23988745414666,0.458538880936492
"SSTR2",4.03473436664756,0.474873161367949
"SSTR3",4.18837057399498,0.352595053365855
"SSX2IP",5.45458143697332,0.531256582616255
"ST13",9.40854785295807,0.591246819292804
"ST14",4.61670284625889,0.524762172520537
"ST18",3.49810988862497,0.518021586383407
"ST3GAL1",6.77577424438654,0.768691022531855
"ST3GAL2",6.98840599565746,0.386338159401434
"ST3GAL4",5.0525912550384,0.607810860059878
"ST3GAL6",6.92921974132315,0.676884789357542
"ST6GAL1",4.46339642309783,0.483430845652591
"ST6GALNAC4",6.56265762445418,0.749073634655501
"ST8SIA1",3.30938536620294,0.497775029715515
"ST8SIA4",5.99736700244824,0.91235673961794
"STAB1",5.01386337899943,0.603982767612211
"STAG1",6.61124272610974,0.488125816177196
"STAG2",8.28012013404989,0.666977845408665
"STAM2",5.68168225034847,0.547200441109084
"STAMBP",5.51652178107373,0.371825350662152
"STARD13",4.80823496025194,0.394172085508859
"STAT1",9.1313826096326,0.926628834076789
"STAT2",5.9583562489168,0.643337917930855
"STAT3",8.74847067421919,0.505619018797818
"STAT5B",6.68805783082529,0.539046918340303
"STAT6",8.05546057520506,0.487458857961776
"STAU1",9.82490422445784,0.494699818387885
"STAU2",6.11459154191582,0.649153417876186
"STC1",5.0455850814598,0.727987909802006
"STC2",4.239380322607,0.526445554003584
"STIP1",6.30277457939951,0.613201302465998
"STK10",7.19485592998003,0.491495057547516
"STK11",7.15967716441988,0.48509140482765
"STK16",5.20690182135546,0.501830421492071
"STK17A",7.49932482980957,0.496486380403958
"STK17B",7.36196181053729,0.62338761073793
"STK19",7.06286053468928,0.531180423295019
"STK24",8.31173182958536,0.328093800700489
"STK3",4.71369278553297,0.407766710196078
"STK38",4.54794560195397,0.475278546266883
"STK38L",6.88083567243513,0.691308367402064
"STK4",7.34560812595159,0.541343050917816
"STMN1",6.02290313750798,0.524430559774398
"STMN2",3.24825644294375,0.460355261422152
"STOM",9.80779245824151,0.553396892166065
"STOML1",4.95576767438432,0.390997625018522
"STRAP",8.06459635107605,0.547369148716287
"STRN",5.38745270312649,0.602592454388276
"STRN3",5.77768946843287,0.543167102323194
"STS",4.66238869321769,0.417628258779111
"STX11",6.24796704140892,0.535486677877366
"STX12",8.4126478340535,0.368544857451944
"STX16",7.97844242089449,0.458971603348476
"STX2",6.36600304775064,0.537932623806531
"STX3",7.66507692205179,0.590262168083888
"STX4",5.96874005568391,0.468791629126337
"STX6",5.20404842946967,0.441272187480212
"STX7",8.75313346091286,0.515200654783589
"STX8",5.13142275849291,0.466299316202197
"STXBP2",6.38357186399904,0.632862027626589
"STXBP3",8.14044633754968,0.552548266613287
"SUB1",8.09561857498105,0.732649100419791
"SUCLG2",8.54934521068726,0.572786089946583
"SULF1",5.06315531278846,0.669199441081022
"SULT1C2",6.0107361908848,0.662923435601933
"SUMO1",6.42749220607185,0.553384604615544
"SUMO3",7.80023198756628,0.369360759007267
"SUN1",4.73729509615117,0.527743229377047
"SUOX",5.55873443044171,0.528879185936849
"SUPT4H1",9.3376698838757,0.354804183188342
"SUPT6H",4.57832787175722,0.494439419755718
"SUPT7L",5.717042847126,0.399364037838842
"SUZ12",7.06149125590123,0.652983859121557
"SV2B",3.75103204382558,0.424641621823394
"SVIL",8.08879542881222,0.561977064061397
"SWAP70",5.36032646233352,0.519982199227414
"SYCP2",3.28214107550124,0.612051932745945
"SYDE1",4.2829829487007,0.299001068199762
"SYF2",7.06527689577686,0.414801047143451
"SYK",7.28827005365091,0.502006270936808
"SYMPK",6.06283424114523,0.57807986160591
"SYN1",3.86904383384255,0.399233597104655
"SYN2",4.14899041866495,0.392558764159601
"SYNCRIP",6.3255283103964,0.416977046487329
"SYNE1",7.01078666281368,0.588644366603236
"SYNE2",7.07334266345454,0.604842021845877
"SYNGR1",4.85411636900653,0.41414386425844
"SYNJ1",4.42933394292521,0.351530350140236
"SYNJ2",3.7646657356571,0.403136369206734
"SYNM",5.18429817911717,0.762506681510696
"SYNPO",4.72987952181969,0.631611054457385
"SYPL1",8.88693014616573,0.510247644678755
"SYT1",3.60559154941747,0.51129971978094
"SYT11",5.35971599992129,0.595393798218058
"SYT17",5.33582886637314,0.507849281857121
"SYT5",3.62978611066712,0.397731820724571
"TAB1",4.4177097969878,0.285895755206153
"TAB2",7.82618558138827,0.458763480162376
"TACC1",7.85057563509858,0.59949942512984
"TACC2",4.68130283711807,0.383796299832911
"TACR1",3.43095055448691,0.43345385471722
"TACSTD2",5.91906367391803,0.706686138919487
"TADA2A",4.10772272952697,0.415189012024708
"TADA3",6.84459821143787,0.475794370896771
"TAF1",4.49560650331422,0.371411186765487
"TAF10",5.11799677788928,0.355543408068764
"TAF11",7.02021663624963,0.559035770780198
"TAF15",5.759086454177,0.721246208398388
"TAF1B",5.76346496753372,0.482065506215493
"TAF1C",6.05515558429791,0.44315013383434
"TAF2",7.64190578953602,0.518439162571413
"TAF4",5.84691306319644,0.487386350638795
"TAF5",5.84918086541723,0.566413468526656
"TAF5L",5.4789780425054,0.384329266725398
"TAF6L",3.91962504775725,0.372424640205609
"TAGLN",6.46812972626441,0.796658987758087
"TAGLN2",9.21511037029903,0.636340546201019
"TAL1",5.8501153531819,0.586547949149836
"TANK",7.76787379002305,0.637651888342573
"TAOK2",4.48644123237131,0.366086899862378
"TAOK3",7.71790762282679,0.435290762559672
"TAP2",6.8937356922242,0.69237799018759
"TAPBP",6.63790532346329,0.588358789883334
"TARDBP",7.7929830245484,0.485031794400554
"TARP",6.9331358581072,1.03237670921196
"TARS",8.11126951609996,0.427568257114162
"TATDN2",4.50915655305697,0.401756619344893
"TAX1BP1",9.88311648938653,0.408892104225429
"TAZ",6.56291993338424,0.367575601531284
"TBC1D1",4.40910105929932,0.342589372990574
"TBC1D22A",6.9030704928362,0.45670638557064
"TBC1D2B",4.8222799498642,0.356824748896672
"TBC1D4",7.69127282280827,0.855572301786072
"TBC1D5",5.65014146391618,0.488055372081604
"TBC1D8",6.96047944463977,0.517599854791532
"TBC1D9B",7.03933647760112,0.371748881730693
"TBCB",9.04435082754588,0.38069047138323
"TBCD",5.9941182466336,0.464777915696736
"TBCE",5.72284475596666,0.466844358555427
"TBL1X",4.78450029675732,0.502332556923148
"TBL2",5.07275616156325,0.321657735734826
"TBX10",3.63526592416085,0.339669370429798
"TBX2",5.07051366873558,0.491229160743953
"TBX5",3.52628208634146,0.401414048061033
"TBX6",3.68712604096635,0.380850898689997
"TBXA2R",4.78677295180934,0.48471577131467
"TCEA2",4.55031758646873,0.568470707999442
"TCEB2",7.06054092659106,0.481878949631222
"TCEB3",5.9354172317501,0.468156213134437
"TCERG1",6.63133528309566,0.598455074983484
"TCF12",6.74448236997218,0.453383983510273
"TCF20",6.05868674473036,0.404010630488861
"TCF21",5.16533265630449,0.633506892840294
"TCF25",8.61290857190957,0.383373397231454
"TCF3",6.4468010302079,0.531186493742138
"TCF4",7.84408029737229,0.733063952990003
"TCF7",7.7798213843892,0.555892684065866
"TCF7L2",7.43274660881762,0.528587654072571
"TCFL5",5.2145982453172,0.438794836757527
"TCL1A",6.2168233232918,1.23687664154896
"TCOF1",4.90569056552513,0.494718325156226
"TCP11L1",4.31072872231351,0.441758105015944
"TCTN3",6.95064641537641,0.500246417060455
"TDG",7.61984424197077,0.536842852710348
"TDO2",3.85486739047087,0.798280678189347
"TDRD3",5.8910223112429,0.469658435831961
"TEAD1",4.58648621524648,0.466685679598551
"TEAD4",4.18551478537997,0.519714513649225
"TECPR2",7.18874589563207,0.445397625858361
"TECR",5.69792600020243,0.584709451261395
"TEF",4.54768022914558,0.474216985710994
"TEK",4.88308601067869,0.444160305181868
"TELO2",5.00196480774995,0.383271129174
"TEP1",6.69444326421942,0.368133356156517
"TERF1",7.37374029062933,0.441055468052281
"TERF2",4.89867467754496,0.45827661477979
"TERT",3.7194648620482,0.385078654576347
"TES",7.90556293069182,0.702730456923938
"TET3",5.92530454780531,0.483665164127447
"TEX261",7.31782312999225,0.435121080836312
"TF",3.46131051777668,0.545075480844585
"TFAM",6.69757143572081,0.702475760904321
"TFAP2A",4.02130710871684,0.508340753005499
"TFAP2B",4.53620032447161,0.67404409292101
"TFAP2C",3.41717203382391,0.419411549963408
"TFCP2",6.07657678397279,0.447793592619275
"TFDP1",6.3753781080544,0.67470173815588
"TFDP2",6.24524811221391,0.622338708002133
"TFE3",4.87317738252287,0.353911541030611
"TFEB",7.48854037665269,0.470123405083966
"TFEC",6.59738828942348,1.04127079067295
"TFIP11",7.26481574094892,0.412616724700567
"TFPI",6.05486224480567,0.716618987410498
"TFPI2",4.56292139896098,0.876150982536635
"TFR2",3.63133946147438,0.423919535148882
"TFRC",5.64121338122629,0.496335880946767
"TGDS",5.71338694025965,0.60407718774857
"TGFA",4.66338388995495,0.458790396273217
"TGFB1",6.52938368349936,0.627195528299932
"TGFB2",3.79989681176978,0.414692757488788
"TGFB3",4.11178587797325,0.488749999152508
"TGFBR1",5.48159822503432,0.450653277243607
"TGFBR2",8.74305774191414,0.461258817637237
"TGFBR3",8.06873605328455,0.878750842648609
"TGFBRAP1",5.57768971950787,0.385576675177938
"TGIF1",4.85857606234367,0.566229377650899
"TGIF2",6.11811552595416,0.444431593123492
"TGM2",4.60762452180693,0.507271503314984
"TGM4",3.4196907871983,0.335461374591271
"TGOLN2",8.30909660678229,0.653721198516939
"THAP11",5.58814412598961,0.333111675370634
"THAP3",4.14319925641963,0.418816268828051
"THBD",5.91165453468062,0.775146555341647
"THBS1",5.3767574762757,0.591743184764199
"THOC2",6.18251182289235,0.561339852332908
"THOC5",5.15593728643766,0.349662263860398
"THPO",3.52686944047989,0.425621877108801
"THRA",5.41665925562374,0.393619676050761
"THRB",5.11591198623224,0.422935771176524
"THUMPD1",8.32176957132176,0.574940182436732
"THY1",6.54699223467985,0.77235909449755
"TIA1",7.17691463025347,0.672060780606659
"TIAL1",5.57825992844962,0.304936621163936
"TIAM1",5.03783029964787,0.484858287549309
"TIE1",4.08803143112591,0.502559275747679
"TIMELESS",4.89340129167283,0.406884598475237
"TIMM17A",6.54980806578299,0.542060074121271
"TIMM17B",6.7486807547004,0.357916108123319
"TIMM44",5.78651359182856,0.436410018767693
"TIMM8A",4.18028010901129,0.563377853708342
"TIMP2",9.17967995702687,0.629148244211057
"TIMP3",5.7103474284148,0.507653489942198
"TIPRL",7.7747801968544,0.443332098022203
"TJP1",5.59910911015867,0.366703931707585
"TJP2",6.53952436423547,0.693426906603376
"TJP3",4.24669428568888,0.531864268087326
"TK1",4.55385079533437,0.450916432589193
"TK2",6.02080578246058,0.533101546499813
"TKT",9.26442522766057,0.594199899471521
"TKTL1",4.32981133898895,0.686068282375756
"TLE1",4.38428817592334,0.414393174920434
"TLE2",5.14948506598473,0.494287962429038
"TLE3",7.1106449865641,0.55397112890921
"TLE4",6.30913316155656,0.5206116445364
"TLK1",4.03770087094223,0.474267760373681
"TLK2",7.25439376068858,0.42878165220561
"TLL1",3.39384865575875,0.459295244777971
"TLL2",3.15272424603844,0.383836453011753
"TLN1",6.02826518714776,0.54630608524682
"TLN2",5.94201973152765,0.691644899419946
"TLR6",5.20137302994012,0.64235750880295
"TLX2",3.52102876824186,0.44489931654582
"TM2D1",6.44056503559358,0.668544835673952
"TM4SF1",5.53209154218029,0.620580542400665
"TM9SF4",6.97500913258415,0.473591091311328
"TMBIM6",11.3320323109704,0.436859802478082
"TMC6",4.50104199446837,0.401484360554211
"TMCC1",4.67112895547187,0.368944680574601
"TMCC2",6.223299046344,0.679180922876535
"TMCO1",8.30245856854547,0.519786522912633
"TMED10",7.03949851000254,0.505535222663014
"TMED2",9.69842023798567,0.830598573838325
"TMED5",6.82981344680152,0.636242692215909
"TMEM106C",7.22808509267569,0.4533358360818
"TMEM151B",3.81556551292936,0.386402854630158
"TMEM47",6.0108264797439,0.449877315354045
"TMEM5",6.76158453942079,0.424168402020533
"TMEM59",7.71024418402302,0.480107635801157
"TMEM63A",6.02101322511522,0.691081195357119
"TMEM87A",7.1425684762229,0.467289120195676
"TMEM8B",4.80760271581188,0.330723630763618
"TMEM97",5.86606846005143,0.528404648482753
"TMF1",6.63595697167386,0.67726235210313
"TMOD1",6.87773144031613,0.850862760854671
"TMPO",6.09641671539678,0.524333853010021
"TMPRSS2",4.87560496196519,0.525291032553667
"TMPRSS6",3.87098450183474,0.391036192753232
"TMX1",7.2911245630898,0.802917018139908
"TMX4",5.2733438789893,0.509725721070821
"TNC",4.87426635081205,0.840880373251724
"TNFAIP1",6.5867945387658,0.366057899253739
"TNFAIP2",7.34079330816696,0.555373516078743
"TNFAIP3",7.84072884697229,0.715577150759816
"TNFAIP6",6.94462062753964,1.00958159298258
"TNFAIP8",8.11801444384762,0.72636208071108
"TNFRSF10B",7.83364695323486,0.47869723877363
"TNFRSF10D",4.52862963268371,0.441154823696283
"TNFRSF11A",3.83395183051204,0.442412821528249
"TNFRSF11B",5.76940293597948,0.646295089156568
"TNFRSF21",5.95968139864592,0.592197029035886
"TNFRSF25",4.98625716085162,0.74864006349331
"TNFRSF4",4.25601653542213,0.566868017727326
"TNFRSF9",3.77389499107625,0.562491181283657
"TNFSF10",10.6745973783952,0.580058477056184
"TNFSF8",4.69237274319504,0.700981232592605
"TNIK",5.33320156459307,0.504734971280604
"TNIP1",6.97252789859583,0.65224307276884
"TNK1",4.46450735716917,0.40348992915303
"TNK2",4.2093704522661,0.331132607285494
"TNKS",5.54221875053991,0.521630879701477
"TNNT2",4.05939971546488,0.468301395155579
"TNNT3",5.09242609816309,1.21768834859944
"TNPO1",8.44584136454437,0.461625670743432
"TNPO2",6.50213632780712,0.519245079789729
"TNPO3",7.58885680999028,0.460675121694042
"TNR",4.12738151129721,0.424564969796695
"TNRC6B",6.70539199586775,0.500715213601371
"TOB1",8.89438379157483,0.718101079916897
"TOB2",6.81710504117562,0.492598037966039
"TOM1L1",5.91980136479409,0.547039645500836
"TOM1L2",4.37115276892956,0.446714229583463
"TOMM20",9.16312688413579,0.521044952348593
"TOP1",9.33966039311094,0.510071295698103
"TOP2A",3.71036615887377,0.808261531308318
"TOP3A",4.39298675806477,0.309215515256613
"TOP3B",4.91599736512258,0.416130685183908
"TOR1A",7.88282476703205,0.476378624405935
"TOR1AIP1",6.86256912582673,0.56802113918573
"TOX",4.61873144432043,0.552536358751375
"TOX4",5.8508525152262,0.519392179373762
"TP53",5.79789115948337,0.581626205790478
"TP53BP1",4.89355930871029,0.358091324171721
"TP53I11",5.54838718860364,0.609205544289329
"TP53TG1",6.31078079253207,0.5251507429634
"TP63",3.36619629680853,0.408226365257985
"TPD52",5.85995195490251,0.791574457499853
"TPD52L1",5.60207815740764,0.546637376166942
"TPI1",10.2062463441899,0.505932268021923
"TPM1",6.29132361912147,0.672082030347478
"TPM2",4.62881488660554,1.14834868427068
"TPM3",5.45014479777515,0.965076043801265
"TPMT",6.37653701962061,0.54791227667331
"TPP1",7.76112988443104,0.613315792528383
"TPP2",6.50291494091692,0.636119959946359
"TPPP",4.02255582541321,0.485024150348197
"TPR",5.6986890892319,0.700756834996956
"TRA2A",7.63361173386621,0.627340800721233
"TRA2B",7.99155859482559,0.570707013744494
"TRADD",7.94815137312703,0.375328658435269
"TRAF1",5.04603539049942,0.668458459354177
"TRAF3",5.4305640713238,0.413365134002745
"TRAF3IP1",5.40229862822901,0.345325120703416
"TRAF3IP2",4.40910097286223,0.401832029352147
"TRAF3IP3",6.84976672523495,0.756186617137221
"TRAF4",5.16315149598586,0.456829919686318
"TRAF5",7.02953132292152,0.814979750855283
"TRAFD1",6.2725756492274,0.572406227857755
"TRAK1",5.9770962322515,0.570449967597741
"TRAK2",8.88866641746217,0.588015432242558
"TRAM1",7.30174037869562,0.686619201627455
"TRAM2",5.07400660404144,0.430453470444283
"TRAP1",6.30390681440528,0.469474980888116
"TRAPPC10",6.65369992190561,0.590247903361622
"TRAPPC2",6.87823979641929,0.559299976554664
"TRAPPC3",8.21407159645492,0.381741654071791
"TRDMT1",4.43612750592069,0.526694511124778
"TRIB1",4.6527862158861,0.433894420312686
"TRIB2",7.41530789672074,0.835087534344238
"TRIL",5.03413816100546,0.486373770979221
"TRIM10",4.39170619899494,0.498443821333925
"TRIM13",7.14513325094535,0.491172103083049
"TRIM14",7.58883122149437,0.667204083906832
"TRIM15",4.71893328431187,0.494302923192325
"TRIM2",5.37893032217232,0.624898119979135
"TRIM23",6.00443486172916,0.635366752988529
"TRIM24",6.81278549780542,0.501939038157065
"TRIM25",5.86811635777325,0.548361692902228
"TRIM27",7.93758884030003,0.347087593175283
"TRIM29",3.63253423476229,0.419058352617571
"TRIM3",3.63735646330459,0.403997601320515
"TRIM31",3.52772571243766,0.425556361432105
"TRIM32",5.07853213720652,0.49351942090514
"TRIM33",7.15252213334024,0.557745630822345
"TRIM37",6.06473005432966,0.578796246703465
"TRIM38",8.57073885427125,0.487220503042675
"TRIM44",8.27837586649035,0.491933043460029
"TRIM52",7.27854149409317,0.584402457498152
"TRIM9",3.52184812493325,0.375048985053906
"TRIO",4.06424959348987,0.470882524363364
"TRIOBP",4.98705876516608,0.425613593339457
"TRIP11",5.37700044393921,0.461509958834843
"TRMT1",4.28161110447676,0.3747786624292
"TRO",4.09212242673803,0.394467415367984
"TROAP",4.25682112629724,0.471535537061899
"TROVE2",8.36461267037872,0.445614595782508
"TRPC1",4.53355149736838,0.496111353683508
"TRPC6",3.50200079659721,0.379467751010643
"TRPV6",4.27255773961669,0.404413898886255
"TRRAP",6.37494022143692,0.435903665946616
"TSC2",5.26105222274702,0.533577931225556
"TSC22D1",4.73292619792432,0.515204582295739
"TSC22D2",4.13377769192158,0.422177421879073
"TSC22D3",5.59726399260164,0.593646111873818
"TSC22D4",6.80374254190774,0.393448421129835
"TSFM",7.01436183472265,0.45987008270862
"TSN",6.79513723949503,0.504917927954534
"TSNAX",8.09582384738476,0.609750405048421
"TSPAN2",6.39102800204722,0.601828986282306
"TSPAN3",7.35545557764881,0.700343138741637
"TSPAN31",8.29848539110712,0.42863715822489
"TSPAN4",6.24585846563069,0.636064893404199
"TSPAN5",7.33817430227569,0.743141384108812
"TSPAN6",6.40175175628393,0.529572818326615
"TSPAN9",4.88946048450514,0.376361052713451
"TSPYL1",6.28131553475265,0.423650916787608
"TSR1",5.42927489321728,0.440585578558131
"TSSK2",3.65186896153237,0.432420856338042
"TSTA3",8.40637453523542,0.693683281222659
"TTBK2",3.51328646763301,0.474641930720026
"TTC22",7.0016842444846,0.709814621176455
"TTC28",5.35013703453474,0.395364715698311
"TTC37",7.23790902010462,0.732039557250108
"TTC39A",4.58568680023677,0.444501127213751
"TTF1",5.94053019499466,0.432378571792628
"TTF2",4.20652039656325,0.407799909118274
"TTLL1",4.54125419248109,0.39236308207635
"TTLL12",6.8723204653441,0.427661643659886
"TTLL4",5.24154289102447,0.482522222968896
"TTLL5",4.5906141854458,0.483674399731314
"TTN",4.26152957724805,1.29854546680538
"TUB",4.36306009990567,0.485257602854439
"TUBB",9.73019618045273,0.491735902378893
"TUBB2A",8.02765113111244,1.33099595943267
"TUBGCP2",6.77823437054377,0.46811367437002
"TUBGCP3",6.33873875353147,0.42607298613718
"TUBGCP4",5.14707513428001,0.423288542733095
"TUFM",8.97472289928094,0.519839002073048
"TULP3",5.99327259744379,0.552500908872854
"TUSC2",7.4288700117439,0.384499572147851
"TUSC3",4.6276413451511,0.5069967101322
"TWF1",4.25432233557625,0.420744209085636
"TWISTNB",5.50088884384543,0.56816374863273
"TXLNA",6.13784274988694,0.566659391750607
"TXN2",7.85315996738317,0.461275742758873
"TXNDC9",6.21395176504862,0.423031806238473
"TXNIP",11.6805762886021,0.464947822641091
"TXNL1",5.19825135812623,0.389122346839972
"TXNL4A",7.71528395692666,0.414938113420249
"TXNRD1",8.33693314903877,0.527201286401999
"TXNRD2",4.6370304421277,0.481307208606925
"TYMP",7.19824903146024,0.596171155549246
"TYMS",5.50342581724144,0.515707783480763
"TYRO3",4.11114871855644,0.430349521179298
"U2AF1",8.20572165620316,0.436336356604228
"U2AF2",4.02178221819165,0.415022059868513
"UBA1",7.12822253135509,0.582121253662506
"UBA2",6.04280693665973,0.380921247377218
"UBAP2L",6.33308158870923,0.490188004096082
"UBB",11.6925048865346,0.429385312488469
"UBC",12.2898370070233,0.398825435899744
"UBE2A",8.73043376285056,0.424752032218501
"UBE2B",8.02432006727915,0.562129068991689
"UBE2D1",4.58995365730626,0.527928877178069
"UBE2D2",7.35386903061355,0.429488050402358
"UBE2D3",5.63928374006107,0.531790481687624
"UBE2E1",5.96978922546824,0.316670917187323
"UBE2G1",7.95334212671549,0.410214957684109
"UBE2G2",7.84872342903051,0.471208558262386
"UBE2H",7.54096072553739,0.680763669951738
"UBE2I",6.63106979578612,0.464698657452601
"UBE2J1",8.0992996796208,0.569816557703246
"UBE2K",7.94527327694197,0.434443924022734
"UBE2L3",8.67868519668002,0.416010601459542
"UBE2N",8.50739537119326,0.541445417601143
"UBE3A",5.3819466443581,0.363433930489509
"UBE3B",4.80888331364278,0.446531750719811
"UBE3C",6.65383288465304,0.480954803436329
"UBE4B",6.24312909834259,0.572751189902578
"UBFD1",6.61447854613137,0.425158760106643
"UBL3",8.63235887807158,0.529522402204165
"UBN1",8.55150475894145,0.599042368915314
"UBOX5",5.58475562824066,0.437971715234186
"UBR2",5.8888573400212,0.622964188714672
"UBR4",4.70569116477492,0.38995650609826
"UBR5",7.37055233874056,0.568645111559463
"UBTF",5.74101958078819,0.46712162597241
"UBXN1",7.98750261607522,0.362052827287605
"UBXN4",7.96322551693301,0.543595070157917
"UBXN7",6.83428395765928,0.489168312712716
"UCHL1",5.59000147346425,0.48907644044976
"UCKL1",5.46798725580214,0.536714276917048
"UCP2",7.42245561497813,0.897921592606974
"UCP3",4.08973157071313,0.413285154033088
"UGCG",8.47125674713525,0.728178757371521
"UGP2",9.6059113992201,0.464930836050523
"UGT8",5.54078500758639,0.718042543518941
"ULK2",4.46331981391114,0.365939661153532
"UMOD",7.20014748748073,1.17211262766014
"UMPS",6.39830060963372,0.521594959426514
"UNC5B",5.7016799446266,0.408897320977291
"UNC5C",3.31662328436362,0.411610907278261
"UNC93A",3.56042746736136,0.584690360367636
"UPF1",6.66227640409507,0.60011170897392
"UPF3A",6.41068179050495,0.705366803680391
"UPK1B",4.80246339589802,0.535677430431056
"UQCR11",7.91441438181955,0.50555025083614
"UQCRB",6.513947048246,0.481105328888855
"UQCRC2",9.36340216239636,0.484727827829032
"UROD",5.70459608873237,0.422452485101848
"UROS",5.67972133245411,0.512839430007134
"USF2",7.16008091607136,0.415457545306186
"USH1C",5.70163513367059,0.725443789818956
"USO1",8.43777346108117,0.592212536018157
"USP1",7.49761127714841,0.740897163405096
"USP10",8.40321706454744,0.595909416282521
"USP12",7.00577104480665,0.794700784698452
"USP13",5.09383900017235,0.620771025548941
"USP14",7.72661149148944,0.469577294716675
"USP2",5.18826564371596,0.79426025915798
"USP24",7.37662962623031,0.470006490734659
"USP32",7.02838435855787,0.553673683967371
"USP33",8.10080967658788,0.623403028756932
"USP34",7.12954201758927,0.540028728917655
"USP4",6.22379844748949,0.355857330969685
"USP46",4.42912175991061,0.358714947921145
"USP6NL",4.74354328309529,0.394682491522604
"USP7",8.33481644451595,0.50656116734553
"USP8",8.08630312418375,0.372586270555431
"USP9X",5.90733244492353,0.395654725891893
"USP9Y",4.35208988851837,1.44782279516902
"USPL1",6.49236113897982,0.43710927910146
"UST",4.47918325861967,0.529650123599386
"UTP18",8.31214908320551,0.406475391143293
"UTRN",5.23639822589461,0.559891211956665
"UTY",4.35988827428165,0.906036560795262
"VAC14",4.42952419846259,0.430708605102004
"VAMP1",4.29173356054526,0.409877186423523
"VAMP2",5.62335745068894,0.536170243856203
"VAMP3",8.16918035024629,0.782723380067388
"VAMP4",5.56996329755047,0.611659511314304
"VAMP5",5.30454800024439,0.601248808276562
"VAPA",8.73580100835092,0.461325680930477
"VAPB",7.38154189532155,0.434545866961296
"VARS",5.29428910418137,0.411786815835957
"VASH1",4.07381649146934,0.392621470964955
"VAV2",5.33026312629615,0.544489243106668
"VCAN",8.76869204533971,1.05475110864666
"VCL",8.85497644859273,0.38051047861409
"VCP",7.98510983999063,0.472781846168385
"VDAC1",6.23575016094402,0.481467292409619
"VDAC3",8.38916676959384,0.55271513914676
"VDR",7.05048413623209,0.580959789225613
"VEGFA",5.7580255800038,0.578044499803302
"VEZF1",8.282719592578,0.464966199448974
"VGLL1",3.60221979157095,0.485878035916802
"VGLL4",7.34972834463386,0.555575726979003
"VHL",6.13201684953349,0.50023258345163
"VIL1",4.87252797636751,0.612818362002591
"VIM",7.81172082766721,0.651626178053032
"VIPR2",3.85341656196948,0.366381185558583
"VNN1",7.98731103003462,1.08602818935312
"VPS13A",6.25025175209603,0.629667742576391
"VPS13B",8.11755993612402,0.510718928405182
"VPS13D",5.72024342805419,0.487521185506814
"VPS26A",5.63819944821319,0.473110033544167
"VPS41",6.6179100968122,0.567641306122976
"VPS45",7.47089503348208,0.445081076743695
"VPS8",7.01052008558288,0.519224106684181
"VRK2",5.00124575769889,0.390221549390103
"VSNL1",3.807168811158,0.568659090216185
"VTI1B",8.72937031681366,0.513157511340648
"VWA5A",6.31175662988816,0.494563816657931
"VWF",5.06561768983907,0.790172675582541
"WARS",8.48448150234744,0.719327968815714
"WAS",6.68080509240303,0.47805154487672
"WASF2",8.32972286144796,0.493112131417307
"WASL",5.7011883785862,0.522013110826038
"WBP4",5.72990830356705,0.5205928671786
"WBSCR22",7.19471978740803,0.529890355405106
"WDFY3",6.68586325912842,0.609250540432684
"WDHD1",3.53716645410958,0.400473889774074
"WDR1",6.86337364313101,0.5905612228078
"WDR37",6.91106819571805,0.417594920280644
"WDR45",8.78772995594101,0.576464304392603
"WDR61",6.19144996449968,0.55570275895827
"WDR62",3.79844218020873,0.403850832506178
"WDR7",7.01637864637965,0.54465340119356
"WDR73",5.90345463868134,0.446351998110934
"WDR77",6.64031275637693,0.378477876402072
"WDTC1",6.80494247421019,0.479264149087355
"WEE1",6.09044869307941,0.63582401941883
"WFDC2",5.29394943738122,0.654786629604312
"WFS1",5.04299001041592,0.376112181336959
"WHSC1",5.65109869953149,0.392185716911305
"WIPF1",6.59261841196626,0.584617518030848
"WIPI1",7.89890375998597,0.570625759943873
"WIPI2",7.69366203829718,0.481648867684932
"WISP1",3.72438733306273,0.376981179217629
"WISP3",3.86854878264099,0.459384966472338
"WNK1",8.60516141394417,0.708746003119922
"WNT2B",3.79173379214969,0.364128309083106
"WNT4",3.4113864061292,0.345102696317006
"WNT5A",4.17863793690729,0.646208545617453
"WNT6",3.65197916817956,0.382381897803413
"WSB1",7.9652082088066,0.874950731701468
"WSB2",9.03304546859055,0.442345041626795
"WSCD2",3.77457874100289,0.348042990237381
"WT1",4.89475089418809,0.648464057118871
"WTAP",7.82622989120529,0.562245839951681
"WWC1",5.02888344640507,0.580050812393116
"WWOX",5.5837982156199,0.43647498023109
"WWP1",6.94652439229934,0.571409167363681
"WWP2",6.86288156281896,0.436110457355355
"WWTR1",6.16902916186916,0.472964781862893
"XAF1",5.8387457555609,1.07411452662477
"XBP1",8.92625687690447,0.578556774521912
"XCL1",6.61061690162516,1.13884848531707
"XDH",3.6597690598263,0.43197017132373
"XIAP",7.58521693147795,0.497765866138547
"XPA",5.79131403521127,0.432960499839235
"XPNPEP1",6.34322736205701,0.481765151053931
"XPNPEP2",6.07653256424763,1.15812732510355
"XPO1",8.12136563148405,0.538161429125833
"XPO6",8.92535465685651,0.345816464227277
"XPO7",7.11137187290527,0.572520290687055
"XRCC4",4.42297516790871,0.602969431045804
"XRCC5",9.39348919090487,0.476817350641214
"XRCC6",5.86606694973887,0.331386900169233
"XYLB",3.51777471470804,0.473344300780086
"XYLT1",4.10594243019799,0.541521520793779
"YAF2",5.4133039897279,0.504373709053387
"YAP1",5.78217752283474,0.415614101849196
"YARS",6.11105028222204,0.435215404063792
"YBX1",7.1860264414938,0.636320292766525
"YES1",6.24519914826564,0.524191635502548
"YIPF2",5.68226859097682,0.59897290583108
"YIPF4",5.19561700763109,0.425381740740521
"YIPF6",8.54954944480051,0.439830840206717
"YKT6",5.56370307611479,0.487277778759349
"YLPM1",6.7185827721075,0.559004830897475
"YME1L1",6.73035745384318,0.73934363094838
"YPEL1",5.03453221826122,0.545430048528791
"YTHDC1",4.67597586236448,0.46158706826132
"YTHDC2",4.60702797121054,0.465248809714056
"YTHDF3",6.0715594153851,0.575327242645642
"YWHAB",10.4659608989588,0.434562548979773
"YWHAE",8.27945069418662,0.614945925746477
"YWHAH",7.70841146621222,0.63280376342254
"YWHAQ",10.0278572516469,0.431285517183857
"YWHAZ",10.5181464189713,0.40726584073913
"YY1",8.59018749664599,0.404230357014183
"ZAP70",6.19870129958163,0.837052855632776
"ZBED4",4.59553241767276,0.433370042046896
"ZBTB1",6.11335554652528,0.750449502761886
"ZBTB11",7.17209461709114,0.579277383382759
"ZBTB17",5.66317973269537,0.4157868411652
"ZBTB20",8.25728257721364,0.561528316515864
"ZBTB33",8.0157995281539,0.464981341908198
"ZBTB40",5.8331144751588,0.475486340179292
"ZBTB43",6.0178976151614,0.542109589733171
"ZBTB7A",5.10060302947094,0.564347206624214
"ZBTB7B",6.04776739380151,0.488927735410594
"ZC3H13",7.41085757450622,0.487230880820049
"ZC3H14",6.46577855043072,0.515693682899681
"ZC3H15",8.33937768796667,0.591797129152608
"ZC3H3",4.14608255739263,0.446494016807118
"ZC3H7B",5.47510778180896,0.462336959902005
"ZC3HAV1",8.76260001616813,0.501929254527017
"ZCCHC11",6.74855352415595,0.516414422691356
"ZCCHC14",4.75160106855902,0.459481682620898
"ZCCHC24",6.68059919752608,0.568459348613636
"ZDHHC17",5.13509957673929,0.420920493715615
"ZDHHC18",6.41071474881646,0.568902757946235
"ZDHHC3",7.25746109119314,0.445189847334274
"ZEB2",5.95609387926652,0.806725576968707
"ZER1",6.90738439103365,0.636539176390654
"ZFAND5",8.72605941588232,0.65468266510122
"ZFC3H1",4.02494878838743,0.495469165096647
"ZFHX2",4.2214849902759,0.313789919911254
"ZFHX3",4.37354269775958,0.404923639182921
"ZFP36L1",5.18357872816085,0.527481561433858
"ZFP36L2",5.33626276222469,0.433672407507258
"ZFPL1",5.58426467410753,0.465211068262164
"ZFR",6.50947067138013,0.860820470329267
"ZFX",5.79718715290308,0.616124527380441
"ZFY",4.12479915067051,1.01099711923893
"ZFYVE16",4.50360296286489,0.55213561598415
"ZFYVE26",6.72695295230566,0.377580784625927
"ZFYVE9",5.00046305772299,0.390506546488602
"ZHX2",7.20039890750966,0.452058870878145
"ZHX3",4.90508478336024,0.469992319661971
"ZIC1",3.1403688847591,0.490852840902246
"ZKSCAN1",7.64609924107502,0.543780174124611
"ZKSCAN3",4.38764802757645,0.360345538117874
"ZKSCAN5",4.90499829166802,0.323061716345589
"ZMIZ1",5.46273335709634,0.43231309085272
"ZMIZ2",4.93663329369654,0.460615155655918
"ZMYM2",6.46358594917441,0.696769190595105
"ZMYM3",5.48201738430568,0.453816728065301
"ZMYM4",6.95242832224256,0.44216713924735
"ZMYND10",3.81511516535303,0.397039909016777
"ZMYND11",5.01555281041036,0.603311587199992
"ZMYND8",4.2415704185564,0.371088625362414
"ZNF10",4.56650706573841,0.410166077194133
"ZNF124",5.65385315942346,0.705486894024261
"ZNF133",5.43605269858684,0.37682036699715
"ZNF135",4.49750897607858,0.443685564982982
"ZNF140",6.29481466133387,0.590488889594093
"ZNF141",4.75130480976692,0.531410611471593
"ZNF142",5.21157522119896,0.455117820991288
"ZNF146",5.81411574573474,0.526195543253589
"ZNF148",6.76942443423663,0.572894773782922
"ZNF154",3.67585877692477,0.367143026393436
"ZNF160",7.36310987876123,0.473571712880209
"ZNF174",4.75800523308623,0.335287959766733
"ZNF175",5.25896881171624,0.419695120617185
"ZNF197",4.12979172364635,0.337255265953731
"ZNF200",5.90505216575384,0.493124501017315
"ZNF202",5.2199879585417,0.459270629033094
"ZNF207",7.5514419314619,0.637730396102319
"ZNF22",6.91635456359728,0.712581793225917
"ZNF230",4.9414487997607,0.622472282013386
"ZNF24",5.18496659620736,0.492529033694908
"ZNF248",5.72473011990126,0.504609968344668
"ZNF250",4.70564114271202,0.358063453581083
"ZNF253",5.15221656451962,0.581296237108548
"ZNF254",4.88404216414945,0.577180863590695
"ZNF264",4.72541807721068,0.535590687617106
"ZNF273",3.55270140753921,0.332887170608081
"ZNF274",6.94543245626122,0.422951952200226
"ZNF280B",3.91600032931926,0.362731064383405
"ZNF3",5.92553497252418,0.426538139746041
"ZNF318",5.30799336420657,0.440428393659672
"ZNF330",6.9537839626846,0.525560613435763
"ZNF337",6.36031454676327,0.506884837838247
"ZNF365",3.60394373958123,0.384735554678051
"ZNF384",6.46503516905171,0.41603567023158
"ZNF41",3.73385146415332,0.297755428609828
"ZNF428",4.27816522618474,0.426682064770866
"ZNF43",5.87245153809574,0.525364884108934
"ZNF45",5.54260741606955,0.494617765848969
"ZNF451",6.49861426902519,0.561466320691232
"ZNF460",3.56749022454031,0.377450147869664
"ZNF467",4.475318148051,0.416311716771554
"ZNF473",4.37200764402744,0.299344124702815
"ZNF500",5.23001840354579,0.569867009412977
"ZNF507",5.2047886423014,0.643963741025028
"ZNF529",5.89581101179831,0.653399508548399
"ZNF592",6.66435775352693,0.434860908289495
"ZNF638",6.38791674044849,0.632146606945729
"ZNF652",6.76816295271134,0.672877413891964
"ZNF688",4.01206867487834,0.328073695251632
"ZNF7",5.40656163716042,0.453230601900673
"ZNF710",4.43861242158628,0.346694797487719
"ZNF711",4.4324315732199,0.443377695727765
"ZNF75D",4.26372477157678,0.538160537274643
"ZNF787",5.73657436957759,0.521333132932169
"ZNF79",4.32007062754859,0.431585489121093
"ZNF81",3.60869069822149,0.367588119725826
"ZNF821",4.17316001707833,0.409130549750393
"ZNF84",6.27241410673882,0.597997069766236
"ZNF862",7.67333008321201,0.47433147992645
"ZNF91",5.42820485362109,0.71515388421328
"ZRSR2",6.91841423026388,0.478642758649432
"ZSCAN12",4.42881281292016,0.46077271534184
"ZYX",7.08060592327055,0.560632515820852
"ZZEF1",6.29606076738582,0.460441114170647
"ZZZ3",6.32238541778276,0.628164682191147
