"","mean","sd"
"DHH",3.62057477992996,0.216756588729536
"KCNA6",3.50902987100927,0.197650569239296
"SLC22A24",3.72931124147087,0.240221049120339
"ITGAD",4.43116037804927,0.289294343199072
"PRPF8",8.35428187697602,0.40919052653164
"CAPNS1",10.3507503364476,0.434222575594867
"RPL35",10.6735322590342,0.695778300231089
"EIF3D",9.86994817171832,0.396962177928584
"PARK7",10.2089482977502,0.38963449722872
"SRP14",10.3951756970059,0.41794805202639
"RPL11",11.6736672577438,0.510392314435376
"FAU",11.9418162316272,0.42043083788224
"RPS5",11.5017438409927,0.615967620906074
"RPL27",12.0638942822698,0.558510877107569
"RPL34",10.5301866743799,0.807721272420623
"NARS",9.16061503392343,0.512368582492331
"STARD7",9.03660812997179,0.511678127120699
"RPL19",12.5098221486565,0.473503316091546
"RPL9",11.4780010944318,0.721951147330951
"RPL6",11.5443934918824,0.49921328786883
"CTDNEP1",8.20403655270574,0.333677420824219
"RTCB",7.84736875905893,0.40349463993668
"ERH",9.16220710259559,0.524018750807665
"ABCF1",7.57633864386472,0.359441429294301
"DAD1",9.12621964774824,0.405288079023561
"KAT7",7.50190763185404,0.365396554009126
"ILF2",7.78881792528192,0.54840780827073
"SPAG7",8.29951561093659,0.308068149939863
"ZPR1",6.37195512573045,0.297533817694067
"C1D",6.79319916938117,0.642170689004353
"RPL30",12.4252427474483,0.406192576028039
"SMNDC1",8.06337778870685,0.620792624803897
"ATP6V0B",10.3509906925507,0.399316157995912
"RPS25",11.0774345896431,0.525804582084595
"RPL37",12.2394328368367,0.431139421247015
"ACTN4",8.57672865989431,0.455318013720432
"AP2M1",9.79143604509257,0.400496105684557
"LASP1",10.406538325338,0.30441143250072
"CSRP1",7.76175469735036,0.397034643962626
"PTGES3",9.96613913285356,0.521651780966404
"NDRG1",8.5346707536263,0.332431648302132
"UBB",13.3530973192522,0.315551136037819
"PFN1",11.6592596324774,0.433060088435499
"SOD1",9.42372721134352,0.53527235408432
"MARCKSL1",7.97474515778964,0.49609277318526
"GABARAP",11.7554738114643,0.261066105742306
"LDHA",10.4938717924105,0.487459375084601
"SSR2",9.95444568408821,0.337035826893834
"SLC25A5",10.145777773535,0.461688626833028
"S100A11",11.218541035618,0.527720700992073
"CTSA",9.35629925309499,0.503294621397704
"CD63",10.5831765328044,0.40742568045785
"LAPTM4A",10.09419113373,0.441499420693092
"RPL32",12.764464706592,0.426229044935081
"CD81",8.52661406191648,0.605592607525018
"PTTG1IP",10.0909518303185,0.39728165647532
"GLO1",8.04403254262987,0.504917390909272
"PPP2R1A",7.57746707278519,0.297667788872842
"NPC2",10.5932896642619,0.460615415558165
"DYNLL1",9.55165222683605,0.648279151452243
"EEF1B2",10.4530605831517,0.761553287412611
"GOT2",7.33437051904188,0.465276709109129
"ACADVL",8.43274911397111,0.361875545060074
"PPP1CC",9.7140809047098,0.514373113847705
"GPX1",11.942565834818,0.4662473500328
"DPYSL2",8.74734026292673,0.755232087005064
"CTSD",7.34505186549867,0.480296243064085
"ATF4",9.82468800458175,0.341998525770767
"ANXA5",9.54398573355397,0.605120071725851
"ECH1",8.38989872529485,0.41648035028873
"ODC1",9.60849546319241,0.60713999994654
"CCT7",8.47796930528686,0.44252282467616
"PSME1",11.0612666674106,0.35770613041058
"PSMD8",8.42169614437867,0.38201193661178
"GSTP1",9.13002426803981,0.467429929341679
"HYOU1",7.51497882674435,0.361794040059696
"SNRPD2",9.26048777826463,0.661402931878008
"PLOD1",6.9318705891731,0.413724304801894
"PSMD2",8.66276263756586,0.268594919205403
"RAP1B",10.6407438155124,0.574211479326542
"BCAP31",9.28491032434125,0.414998357849533
"PPP1CA",9.76245843213226,0.340705165940241
"SARAF",10.8766799953527,0.566746438932916
"GNB2",9.44549643080335,0.400890099179832
"DHCR24",4.76651395061785,0.348569946775031
"CKB",5.53369157859121,0.387862181591403
"PGAM1",10.6798596310246,0.343140277889872
"HDGF",9.59995954179077,0.508434136251532
"SEP15",9.15962026051592,0.544569953338862
"AHCY",6.6443196631032,0.397630253019439
"CCT3",8.55157341283838,0.536003822213973
"PPM1G",7.32035413483352,0.294453655004072
"LGALS3BP",5.89447731737963,0.661563441220961
"SLC3A2",7.32725043612662,0.282263343168759
"DEK",8.78577515310881,0.73090599760913
"RPL8",11.8667292723791,0.482463959343144
"MLF2",8.14519195335725,0.423740359533322
"ARPC1A",7.74849114893922,0.359956895218657
"IMMT",8.00037862724918,0.535598467541718
"SDCBP",11.4669003123943,0.429865877696474
"SEPHS2",8.35053896759314,0.38046353524141
"PPT1",10.7671519700871,0.465927044131979
"MDH1",8.71075758666612,0.61284887122703
"SERPING1",6.04920919104032,1.1232860907491
"HIF1A",9.64753364405444,0.629506477161248
"TRIM28",8.0132357063575,0.447243849399956
"SNX17",8.85848347535192,0.381226530416125
"AARS",7.41338908173242,0.425572609425957
"SSR4",10.2890999610199,0.410099124594044
"HADHB",9.46714955985595,0.352838992332489
"RPN1",8.57781078989133,0.283938302160423
"TAF7",8.98648139361994,0.63157406356227
"BLCAP",8.36590468760233,0.357722089446714
"GNAI2",9.78899599523411,0.485735480874368
"RPS18",12.5847761588092,0.569759985285712
"PLD3",6.93137375267925,0.416005330963549
"LOC100996696",7.89633409843085,0.546919051262677
"CYC1",7.64046741490467,0.403771345659828
"TM9SF2",9.65779621717981,0.503537663072381
"ATP6V1B2",10.3959538076907,0.543868497481529
"RBBP7",8.04218310216106,0.49994748031524
"SDHA",8.50563044005255,0.332443844033599
"DAP",8.07569666763991,0.431788832638974
"LGALS1",10.5172186255522,0.649870062766041
"GPX4",10.1241418017183,0.436552650914794
"POLD2",6.39059121208728,0.399963285767844
"COX8A",10.1108414217788,0.418541149520184
"MGAT1",8.38963315265083,0.33716223874909
"HNRNPH2",8.37969422086907,0.563832884327892
"PJA2",8.48025337742405,0.56933738866388
"ECHS1",8.53701768878726,0.42736225080592
"PLP2",10.3833608180719,0.453310080610439
"TERF2IP",8.74464983871126,0.465229492669813
"ARCN1",8.5067309501942,0.395840317184924
"SLC7A5",6.55087117926804,0.825123848901272
"CREG1",9.27173558587494,0.66185329755676
"PCNA",7.31465283175645,0.595803690581167
"HDAC1",8.71532013193683,0.379934254841929
"LGMN",4.61612933150515,0.272149242634452
"PLS3",2.81107544650127,0.348232555383245
"ERP29",9.57668676715432,0.444028598077127
"ILK",9.09957619112299,0.392461344964136
"DDX1",7.72641865336032,0.546621905962263
"PSMC4",7.74486660596629,0.3019653649096
"CDIPT",10.0879675716224,0.334178098979875
"COX7A2L",8.73703853419128,0.382750139530031
"PSMC3",7.44833468321555,0.43072416937992
"RALY",7.844524145308,0.316358909677419
"AKR1B1",8.41591447896544,0.550185299009524
"SRP9",9.22591531070622,0.777892694810316
"FDPS",7.86992022177301,0.342916155717145
"RAB5B",8.02721263962751,0.341071900023237
"HNRNPAB",8.43119886690396,0.464041477616884
"ADRM1",7.76560686150804,0.298746595142022
"EIF4A3",8.39336588526975,0.352462276000847
"ENO2",5.78441223657831,0.496642690666063
"STK25",6.1638090566803,0.364133992842454
"IFITM2",12.7101522219836,0.406115434852611
"ATP5B",10.0481472036554,0.331844683159178
"EBNA1BP2",5.94415042494,0.480563464514752
"RARS",6.82183461574942,0.336754755818498
"SNRPC",8.124414496461,0.256580197211977
"ADIPOR2",7.73051621128595,0.307450272406135
"SLC9A3R1",8.82885661054991,0.382195337131225
"TMEM109",7.23784381766165,0.418104729435418
"HNRNPF",7.83576980644363,0.40677835691928
"TPD52L2",8.7573136052397,0.449605696275216
"PSMD3",6.79054867787303,0.365907213734415
"ITGA5",7.84137598727621,0.436665542441225
"SGTA",6.2513249678275,0.24761963380818
"PHGDH",5.97994336654537,0.268359071148246
"PSMB3",10.1709759531114,0.425334512633075
"IFI30",12.0707861959434,0.533403411839237
"ALDH2",9.16394655776317,0.589208670922923
"PTDSS1",8.94254741787907,0.41937462190679
"TTC1",7.70517547436542,0.285205345432217
"COL6A3",3.91595204026685,0.290488642991957
"GBF1",5.68149956612931,0.289550118699118
"COX6B1",10.0462188182642,0.345658713014721
"CNN3",2.94132018456297,0.258394759946934
"SCRN1",6.5913117178473,0.502542096553949
"TALDO1",11.8805255194045,0.386257331815447
"VBP1",7.92113277002302,0.718905184067246
"JUNB",8.16364606454098,0.583749192180846
"ITGA3",4.46186956420184,0.263444636379813
"SUPT5H",7.37124192687549,0.276685798691528
"AHSA1",8.06573785134436,0.386175695367298
"RPL41",13.3838248215604,0.425403581357364
"TGFBI",9.63887699821154,0.689301043815063
"PFDN1",6.83281077218646,0.256534963217878
"IGFBP4",5.3183439023522,0.334315074739186
"AAMP",7.63637169049673,0.278894547217973
"SRM",6.44902671251117,0.383384083449378
"CBX1",7.55309475325945,0.562384915709163
"APOD",3.87801117043939,0.26546948658192
"ARF5",8.43174793919148,0.303856987445927
"ATP6V1F",9.5324267474541,0.367107085041546
"ZFP36",10.1519599760364,0.561706376195322
"ZNHIT1",8.29872141645488,0.348645290434072
"MCM3",6.92214620482001,0.438844888739313
"CLSTN1",7.39853224039106,0.348112015644484
"UQCRQ",8.13416243088328,0.656297567610845
"GLB1",8.27673359177753,0.445727948572174
"NME1",6.78792469326804,0.519844660589416
"PODXL",3.82968437164003,0.245974251740717
"FAT1",3.21356433095484,0.21363759267685
"DDX39A",8.27063402668422,0.50779751704404
"PPP4R1",8.81769131285722,0.529015444239151
"KRT18",5.1486808715126,0.301561911380707
"COX7A2",9.98031390086021,0.503756333945573
"INPPL1",6.73981494950118,0.259818498286132
"OAT",8.06955377400144,0.591977427603703
"PHB2",10.0246747252705,0.384436540733797
"ALDH9A1",8.90344545914596,0.357793301843054
"RUVBL1",6.15732895813409,0.47573428457252
"SND1",8.10788654991513,0.376658126819919
"RRAGA",8.33916603014706,0.39524935985583
"IER3",8.38374199443838,0.706534394475986
"EIF2B1",7.87150019294992,0.491661048377615
"BST2",8.32875168368722,0.569992348811565
"IFNGR2",9.90768989825266,0.439555703625481
"UBE2L6",9.38983808648801,0.564773643218308
"COPS5",7.68257390223344,0.477512095651126
"TIMP1",10.2595400451924,0.548185617859266
"GJA1",3.01874703566717,0.166423787480189
"GYS1",6.26199771172242,0.338506596035674
"PNP",8.31130910262421,0.631900790910673
"DNMT1",7.36956637241658,0.575632774360882
"PSMC6",7.63333771039898,0.800038191944867
"PSMD7",8.45723063864205,0.295204182344186
"MYBL2",5.75655697175271,0.337926642366211
"TUBG1",4.98186759046863,0.386347253968315
"ACIN1",7.10058234765453,0.308297642299437
"MRPL49",8.07288102743602,0.318832123197447
"CDC123",7.98403734347017,0.385554965300072
"SGK1",9.1714111956941,0.754086283975313
"CD14",10.6094484989985,0.70356546558646
"JOSD1",7.9584192500513,0.460947740714276
"COX6C",8.38574512505932,0.681631947268103
"RPA2",7.74678473135167,0.420258900940642
"NDUFS5",8.58443014198217,0.585392462397575
"TSG101",8.63802098368742,0.280561109554197
"WSB2",8.51722837625584,0.557113333161516
"SNRPA",7.97130351759518,0.503678007403605
"SCAMP3",7.97943877567793,0.31196987525447
"NCAPD2",5.8536935342069,0.41271223896861
"ADAR",10.7224768671641,0.334528884664528
"AEBP1",5.35879573569433,0.327700748131917
"LBR",9.56553998352687,0.600531327783451
"PRKAG1",7.6596470426792,0.301163205308419
"GBAS",7.29298789155693,0.644246878470199
"LPCAT1",9.10398431282794,0.37311285417244
"KRT5",4.01246531296398,0.250116092304038
"SMARCD2",7.57746439498579,0.362223140726503
"FAM127A",7.8626432945878,0.401223337922244
"EPCAM",2.89000593841582,0.388199688196966
"NEDD8",9.03039432414322,0.326253607818716
"HSPB1",7.17495283308449,0.507232019128832
"CAPG",8.60462119302405,0.533797036523928
"SH3GL1",6.89572029174415,0.360804347061797
"CDC25B",8.9372358066004,0.720314491279019
"PLAT",3.16162514670671,0.13411117583702
"FAM32A",8.36899901939046,0.263147168594212
"GDI1",8.29815160488428,0.357421014278336
"TOMM34",6.1606707782567,0.311079328284573
"IMPDH2",8.23540641085699,0.557485607135284
"CKS1B",5.9588299911674,0.426945765116054
"AKR1A1",8.04841024543699,0.531563148677402
"UQCRC1",8.8510900350966,0.447849254495707
"RPS4Y1",8.72491159160616,3.01829383313283
"COASY",7.53439252403989,0.263597602405291
"NSA2",9.16940581493917,0.651070064697043
"PRDX4",6.98960627359178,0.66407848772074
"ETFA",8.11366550008037,0.486343995324397
"CHMP1A",7.91772022629193,0.331644044161306
"WDR82",9.36274599384347,0.342819361873089
"CDK2AP1",8.35084984994308,0.605604365724739
"PLK2",3.13989833140006,0.310066958982872
"HEXB",9.3112004374865,0.462763910950993
"FURIN",7.59948024008169,0.474732711310288
"GNL2",5.98566758623708,0.434756980140457
"CIB1",8.95320850289368,0.451984666048221
"ARPC1B",10.790824389652,0.381197613118728
"GNPAT",7.69119548440338,0.476689598996993
"NDUFS2",8.4223572878872,0.340509707436348
"PGM1",7.70358423526242,0.439718457433707
"KIAA0196",6.64971024990682,0.347069998055837
"DYNLT1",10.5056047111567,0.450002147766518
"TWF2",7.8425368986203,0.26013637637143
"MEST",4.43671384473738,0.479663638127511
"EPHX1",5.18123337982413,0.320114924785843
"LTF",8.93198533852879,1.70764388115372
"ALDOC",6.49617111204431,0.309445426952572
"EFNA1",4.5400141697222,0.315046767740167
"ASNA1",7.60671537541723,0.366756582558662
"TMEM184B",6.87825277910034,0.343451243072532
"BCKDK",6.76494044543236,0.372223586920772
"UBE4A",9.00125954801373,0.459294955717089
"FIBP",8.12900932544001,0.385038078915033
"HARS",7.21958307867484,0.385834962619297
"SMS",6.84802087602396,0.454786161603551
"RAI14",3.3140933288547,0.181781464649449
"CTR9",7.43614990841572,0.542439169398265
"SDC4",5.18516022415483,0.358266810454647
"PLTP",4.1410892098209,0.251390686647319
"BIRC2",8.95875960971797,0.630766550426386
"NDUFAB1",8.9722314507596,0.549765158827071
"COPS3",8.044998227642,0.440941294890924
"IER2",10.8045554604067,0.409620207194469
"MX1",8.86114845598382,1.03515372580329
"CTSL",6.32559037860497,0.545672920584214
"ARL2BP",7.54293357108304,0.411862755060313
"PAF1",6.65929489677015,0.334765132559003
"TSPO",10.5547609966236,0.528421403944076
"IGBP1",8.30006852470416,0.332444184337163
"MCM2",5.8469848781296,0.363354049876615
"PEPD",6.75542445107516,0.425216564015215
"ARFIP2",6.86328623918861,0.31522421662847
"SLC4A2",6.25427880412606,0.323274284823502
"DPF2",8.21550193498955,0.336763024480589
"CHMP2A",9.57174098194033,0.393012334702928
"PLIN3",8.39444315552039,0.511894548486343
"ABL1",6.51317046266953,0.323169163967017
"ACTR1B",7.34691036008508,0.249547335730608
"LY6E",7.93409299488424,0.881039995531148
"PYCR1",5.85797866937033,0.263485575205136
"UBAC1",7.74507834666182,0.431586249410383
"PKN1",7.39976091930056,0.39786908517622
"MMS19",7.11727026330642,0.396770273740479
"CHPF",5.42761546721038,0.287156428701458
"ERCC3",6.51492594073436,0.315029873282407
"PRKCZ",7.09656443531065,0.416147041315406
"BLMH",6.04628430149054,0.377241018820479
"MVP",8.87695859499835,0.490299311588164
"KIAA0247",9.37576077918212,0.448920812492822
"KAT2A",6.59829954720998,0.255969339574845
"PLOD3",6.89786348075191,0.317918271156725
"BLVRB",10.4332022286775,0.723968894587978
"VASP",8.98233712261947,0.424665635809885
"ARFGAP3",7.34592305071908,0.495194370341071
"STT3A",6.20056979002389,0.418931697936272
"NPTN",9.65568240427808,0.676413228120497
"UQCRH",9.14326606428798,0.505420176282946
"PARP4",9.00918990847067,0.377340204477757
"PLK1",4.47814196792108,0.24656048806319
"TSPAN7",4.50205378406267,0.528009724869838
"CDK4",7.12401260852674,0.539068482949876
"PRPF3",7.36654819468692,0.384683776369412
"RAB13",6.3639477380196,0.546597182300897
"STXBP1",3.79333742615975,0.272652639655814
"VPS72",7.54305518363541,0.380758413918617
"TOMM40",6.60748711769044,0.313735176192285
"TDP2",8.70561685528492,0.601904726065531
"NAE1",7.44260189921162,0.722100137237921
"PDGFRB",5.12414456361504,0.360453173177896
"SHFM1",6.74748458814414,0.414162734045379
"HSD17B10",8.11717714945802,0.415259824131695
"SERPINF1",5.85407387215028,0.506839325426661
"CDKN1A",8.11508628100023,0.568499267320717
"CTSH",9.86463299638793,0.589634005671156
"NDUFA1",8.7075274375536,0.467863941713239
"POLR2G",9.18843095699601,0.368246858533727
"TAP1",9.27010098523932,0.510399183805538
"MTHFD1",7.11893139656216,0.476903992527484
"ATP5J",7.89563420785219,0.538757200952598
"CSK",9.60197163261319,0.363002957092707
"UNG",5.59844135487003,0.530825772304563
"BCKDHA",7.66295883119574,0.334536690567313
"PMF1",7.43640940761837,0.338878421591876
"FABP5",5.48895038274131,0.516947533679216
"ITGAV",5.71653653196995,0.675894815576362
"MAML1",8.11380676322851,0.35857805240058
"SEC24C",7.87603762679711,0.280936565577704
"SPOCK1",3.86726501803172,0.248968328366012
"MXI1",10.5086407944597,0.652961641935562
"ACADS",5.72686743099453,0.282689620023516
"TCEAL4",5.8069187958984,0.553685948292585
"SERPINA3",4.19993979254712,0.252626809303654
"GNPDA1",7.07486761277986,0.405509612448595
"RGS2",11.8840806894173,0.594405318885115
"KLF10",7.60202880503773,0.830637538219488
"ABCF3",6.52571293913955,0.239941914429274
"IFI27",6.08497171986445,1.7916884714588
"HSPBP1",6.50442019672626,0.257917327589162
"KEAP1",6.59195199467402,0.414747782099228
"YIF1A",6.95722911342367,0.419948221505956
"MYC",8.17113148388464,0.764219699306713
"SLC35B1",7.30685510163006,0.4065232190893
"ST5",4.52318545412692,0.218773358438695
"AP3S1",8.85739987587999,0.46881816452815
"DECR1",9.08675254118637,0.345117986666764
"CTSK",5.84872927332597,0.401248508205253
"EIF2B2",6.98882179777042,0.384157331555687
"PFKFB3",7.91745468400862,0.773200654226267
"PCOLCE",4.91335722251588,0.24370326616479
"PAPD7",7.82216265316486,0.497687359005385
"CTNNAL1",5.47465898038344,0.862033345400859
"TMEM147",8.08554363624238,0.449262068231286
"DHRS3",6.34097345488732,0.502891473076925
"ATG9A",6.87303006061944,0.38612860879759
"TBCC",8.19803580236772,0.339829394355884
"EDC4",6.54415824605294,0.30145197219668
"DNAJB2",7.46780093729225,0.593071030688359
"ACADM",6.41598279617896,0.84328848846704
"CRMP1",5.12520289021422,0.271188934508419
"BCL7B",6.93586636680693,0.284855631443784
"MLH1",7.78933612486077,0.451586169422712
"CTCF",7.84036217221533,0.395558555364607
"PITPNB",8.80222360421677,0.275543721575726
"PRSS8",3.84184202326081,0.214140464072299
"FADD",7.43958264439003,0.40167146484595
"PRKCD",8.42548993468197,0.587807859628666
"VAMP8",9.40155008246417,0.537066934783009
"MCRS1",7.2728699628574,0.28620645012644
"ARL2",6.70591032079446,0.329161105022492
"SNRPD3",8.80817693996715,0.393710525923349
"CRABP2",5.61713727208184,0.248349305819476
"FOXM1",4.28821449684118,0.264712929901366
"BLOC1S1",8.22892589738242,0.412463289834284
"EPS8",4.37721890254642,0.698445824986807
"CTPS1",4.93432875107264,0.365038881266748
"IRF3",7.92526956662676,0.364182755950605
"ATXN2",6.61153085853544,0.397477540898897
"EAPP",7.61079814982681,0.462500581831412
"TOPBP1",7.00516750958986,0.493480346794982
"MEN1",6.69404514118216,0.459420043437801
"APBB1",5.36366004277965,0.296523700513883
"MANF",7.96229342930463,0.327957851629872
"PEX11B",7.45544781748333,0.525774258838795
"PSMB10",9.67182847641026,0.475637471297511
"ACTL6A",5.9856837726359,0.690780053823951
"SLC39A7",6.10791994107101,0.323176983810607
"MAP2K1",8.40085359947376,0.482579493213426
"DPM1",7.86471864046294,0.652589074612232
"GTF2E2",7.26200865749553,0.32037658004104
"OXSR1",7.75349844719056,0.344388605767681
"TRIM26",7.08376122238674,0.33148359074686
"DUSP11",7.25109870589958,0.469355024386724
"TOB1",7.89090228251542,0.881657153147529
"HIST2H2BE",7.52718743537863,0.714526426394928
"FMOD",4.96841213223808,0.226043272322698
"BET1",5.87578725871375,0.726295176064617
"EFNB1",5.01641863530767,0.324523181114818
"CKMT1A",3.93573902330847,0.215172859315395
"IGFBP2",4.24074018720061,0.383479059792989
"LIG1",6.09303819613295,0.32412771036713
"PKIG",5.72961073848108,0.656989419335484
"TRIP10",4.4169961004605,0.235916914123479
"SLC20A2",4.28371830782578,0.265419519334772
"WRB",6.60214832467817,0.568325689042159
"NELFB",6.97771755380649,0.331077332813483
"RFXANK",7.47286922760584,0.322088446702923
"CASP3",6.32107982263682,0.531776969769675
"ACP2",6.3755527982119,0.376981268481022
"FOSB",5.23046774188748,0.67331869622068
"HMGCL",7.49217996471752,0.331562845734436
"DNTTIP2",7.46831717926852,0.471887036031159
"SHOC2",8.9021763257994,0.529672944712335
"UBE2S",6.62698264863021,0.415323354802519
"OXCT1",6.07545985305741,0.631243972119918
"STK39",6.24766487739916,0.719079372333452
"CLDN7",4.73373681703815,0.2375196212304
"INPP1",6.79524436834804,0.404404048507967
"SACM1L",8.33015069110334,0.712023548178825
"SEC24B",7.76468405771826,0.59071175254425
"CLPP",7.39957716425984,0.324800858646563
"TOM1",6.32195761756914,0.36561207819883
"WBP1L",8.69110059080798,0.406649195431947
"DRG1",8.00829368706988,0.290198887621252
"GAA",7.24619671014383,0.458538790392467
"TARBP1",7.12605752677688,0.421427508719771
"AHR",7.3566741838246,0.51099349680597
"VAMP7",8.4816198305409,0.578375979208634
"AGT",3.89442312269092,0.224678674514722
"PCK2",6.57195300568336,0.399188763037135
"DENND4B",8.71437362081057,0.350766745867185
"CDC20",4.47605690821817,0.454147293419014
"DDIT4",7.92794804318867,0.916155476577978
"UNC13B",4.39735600646547,0.293249165117509
"CD97",10.4541019465859,0.545673490454338
"ADM",8.47831100105469,0.923277959846673
"PIN1",6.53939500310498,0.365174524345275
"DDT",7.51194251537599,0.448603565713063
"SUCLA2",5.89556962015964,0.798241032844362
"ZMPSTE24",8.21244876544866,0.568976537989055
"NDUFV2",8.11375593931407,0.409687574616804
"ETFB",7.81364478301887,0.350549151661876
"FPGS",6.41313325684713,0.227305599283452
"BTBD3",4.70912341611711,0.443032929041646
"GYPC",10.6263096022988,0.762388741304487
"FHL2",5.45717462022581,0.604567587151749
"CRYZ",5.67217863929201,0.721670162213342
"C1QB",4.68365263889375,0.862348226373605
"UBE2C",5.12408587951163,0.374272398330498
"HCLS1",11.6665377202599,0.378988998100362
"KIF13B",6.17026977227113,0.317789462495724
"MPP1",9.86349973478009,0.700071408786052
"ACOT1",4.80631536149506,0.312356821957183
"HLTF",6.08327411110988,0.677643453836179
"ARNT2",3.38793069266017,0.225522397652054
"PYGL",9.18101404724736,0.667887424657502
"STARD3",6.50642677693828,0.273107879471917
"POLD4",8.0936741180544,0.350974525939593
"AMOTL2",3.22024504924421,0.218706003769298
"STAT5A",7.69381770372667,0.265411948654456
"IMPA1",7.5990927330512,0.673895149459298
"ECD",6.21091660985507,0.299500086364859
"SLPI",7.4440093819666,0.906981003182766
"RNASEH2A",5.45956744525929,0.351036082225007
"NAA10",6.97770894088163,0.306893315772702
"ZBTB5",6.85965245247023,0.362438005100387
"MVD",5.14828584506898,0.30639314179006
"PIAS3",5.68044188296782,0.26114328501978
"HMBS",7.58455929874105,0.635290870191887
"CHSY1",7.97071829190944,0.570217386190725
"NINJ1",8.85790905110666,0.551674557884067
"BAHD1",6.08494221905424,0.254575579595992
"BCAS2",7.11165013204954,0.501229751865317
"TCTA",7.24192386006194,0.268719965077313
"PDHX",5.8064468765197,0.633438109900171
"KLHL21",7.16435797933487,0.398125901062703
"SV2A",4.34712687081479,0.249490899656487
"MYO1E",5.0019904497817,0.31323081570277
"BAZ2B",7.80689612817666,0.687206245682652
"CTNNBIP1",6.73132189837744,0.235903035252933
"BMS1",6.9423638768785,0.350614296581175
"THBS2",3.61989786533129,0.189123950730569
"FBLN5",5.25221213925989,0.61973071392722
"SDF2",7.32424124269941,0.29407777612558
"MAD2L1BP",7.25146955429491,0.37232039368286
"MTIF2",6.63110815005332,0.525080967153688
"PRPF19",7.25087182937519,0.364227908822629
"CSF1R",8.20127836449524,0.657568102119284
"UBE2M",7.79486008119716,0.502122504191729
"SSSCA1",6.38091250288879,0.311673400810472
"PAN2",6.41712367698901,0.427472387673663
"CCDC86",5.71912166013452,0.31816753658361
"TP53BP2",6.40320411535896,0.419176291819435
"TRAPPC12",7.23415504741628,0.412271666023807
"IMPA2",8.55282995006793,0.61077388070307
"TBP",7.08721391313879,0.310276626687675
"RABAC1",9.22478141438544,0.387982757876389
"HAT1",6.62193904337637,0.741324032193733
"SPAG5",4.43744755849644,0.257666133827852
"MRPL40",6.50427039091248,0.462221837073285
"IFIT1",7.94000680607258,1.48087953544381
"RGP1",6.33062906402351,0.252312496000281
"RHOG",10.4709087437339,0.474134399172692
"RASSF2",10.0983948803937,0.421583342078919
"S100A4",12.2283516530237,0.374825598214161
"C1orf123",7.27521012432418,0.304409512069979
"PMM2",6.1222812729222,0.43998632396924
"ST3GAL5",7.37512049001695,0.505249222233617
"PAFAH1B3",6.70935619835407,0.29104754875057
"CLK2",8.00876697529577,0.336986197877278
"DVL1",6.60029096640561,0.35053718013957
"IL4R",8.23146010935466,0.558184196576364
"UPP1",8.50979715597303,0.594676853915501
"THOP1",5.26956162151094,0.283956025141003
"LGALS9",8.14657578060045,0.472819888230702
"FCGBP",5.29922166001425,0.477518399129595
"UVRAG",7.00098062903414,0.361469636619251
"SCAF8",7.55530495433157,0.590829183535596
"CDK2AP2",7.34828221981124,0.471083639301883
"PPIP5K2",6.61222999157775,0.734860495916206
"CDH3",4.16860686873164,0.218147274509214
"DRAP1",7.15060680536287,0.391203111473338
"DCTN6",7.00770862747412,0.555900622545644
"FAM50A",7.65812989771952,0.372190311832003
"UNC119",7.741281822577,0.337135133258948
"IRF2",7.95762530745095,0.545012214566285
"LMNB1",6.76305529760449,0.672773207885029
"EDEM1",7.88079169002704,0.350933135134458
"GBE1",7.05836350059913,0.551934832343441
"RNF44",8.69536367303057,0.38008110357885
"KIAA0355",5.91841028662546,0.448999524773329
"VPS11",7.62077549111372,0.225646487873057
"DMTF1",7.30557495693473,0.610007505173171
"DCK",6.80005135185092,0.812033364956397
"DYNLT3",7.26261273421818,0.657491098243916
"BAMBI",4.2338917980603,0.360746928308167
"F13A1",9.09183453938121,0.759048329427043
"SLC35A1",8.10351733358402,0.788078213963207
"GTPBP6",7.00682580289848,0.349709187302045
"NCK2",8.00159250887791,0.437784536346918
"SH2B3",7.87374065981672,0.466584278168009
"STX5",6.13612360689865,0.333297637142096
"KIFAP3",5.95081281069062,0.491517048873305
"PHYH",5.64695054541338,0.481168247449456
"CEBPZ",6.71462917518687,0.606713579897101
"UGDH",4.91346342339511,0.536405372949173
"RBBP8",5.91498638483388,0.52846409562686
"EZH2",4.86434416923075,0.464961109961591
"DUSP14",4.90337769007018,0.290696214152511
"CRELD1",5.36912308859263,0.273879415839461
"NDUFB3",7.71575073707794,0.647724625018797
"RPS6KA1",8.7589346596317,0.408947200243032
"ARRB2",9.47661004975192,0.450608208180185
"FKBP2",7.39632521810867,0.42398100087101
"PSMA4",8.08701766729622,0.678867307569557
"ARMCX2",4.05858181357097,0.515257033005943
"PSMG1",5.04545866281189,0.446448058452591
"MFAP1",7.63518795529677,0.431364919946249
"PPL",3.47288244878245,0.177281147480767
"DDB2",6.83437015633658,0.387520649094976
"LZTR1",6.67041672380503,0.278570014129808
"NELL2",7.86223642994786,1.0357382262752
"MFAP2",4.6917105954363,0.213320154376914
"FAM8A1",9.29325308343859,0.635407822535997
"POLD1",5.83558042293922,0.332112023908715
"SUCO",6.27327442499408,0.69911546892663
"TMEM11",7.47399028467152,0.280407905866452
"ATOX1",7.68091312061652,0.41027867727242
"PRAF2",6.70875701526239,0.297226683899478
"SPR",5.82286437429354,0.24322829314656
"MPV17",6.65269853972793,0.512641066090497
"PMM1",5.78800254271111,0.273846843043512
"COL15A1",2.79614705505998,0.169450113138029
"SEC61G",7.87211746350462,0.49715374953315
"RCAN2",3.59240246622736,0.398177209081593
"EPHA2",3.69450534614798,0.216376000934053
"BPGM",6.76229176255517,1.17195849185404
"CD68",6.2125014815951,0.48207316846959
"TNFRSF1B",9.91805792068417,0.412603629252648
"PMVK",6.88455805647642,0.385690323523511
"SNTA1",6.23132903832592,0.272597795110189
"MTX2",5.16076808875464,0.514551734652661
"UPF2",7.38082361086391,0.462860597982062
"CCS",7.24201565126257,0.337695863130465
"LSP1",9.21994857043639,0.585881011743728
"MPST",7.13326509247662,0.343437162041302
"LSM1",7.63398325459642,0.428391160085701
"S100A9",13.0076555531356,0.530819093237935
"PRPSAP2",7.39631857957529,0.431719088407548
"CAMLG",8.34139804630524,0.321859483501606
"STAM",6.37332499641236,0.541461996834687
"ALG8",6.60252836832709,0.525276670923488
"IPO13",6.10124534733555,0.244616295085823
"PTTG1",6.99288702525064,0.500268067196606
"PCBD1",5.1958630336214,0.31049913327658
"AOC1",3.55776952644271,0.479515367215177
"GGH",4.00737059260474,0.445490263816095
"AFAP1",2.79624916153475,0.170110576553362
"FANCG",5.8833625186203,0.27586435445344
"MNAT1",4.82781336939736,0.264836670559723
"AGL",6.19206265775223,0.853272025191715
"LOXL1",3.82674085179573,0.275365025183351
"ADIRF",3.65107049119494,0.350871950166309
"TAF6",7.04933643786734,0.30017536066804
"RABGGTA",6.75254459161963,0.313011870181452
"NFIL3",8.52083787047716,0.737313144253736
"GTF2H4",5.20742912080574,0.344429906564901
"UNC50",7.0433943328621,0.468137873298103
"EMC2",5.79823861128708,0.674489019636749
"ZNF185",7.59843661022162,0.549244971701531
"FSTL3",5.74475414561131,0.282436640567235
"FAM193A",6.87596192553211,0.323455645354289
"ZNF516",6.77137864696049,0.518634007958373
"SRP54",7.59910368873568,0.435914329721931
"NDUFS6",9.09627342035457,0.450997793213604
"BYSL",5.3662010230092,0.284450840435644
"NDUFB5",8.66761731590024,0.535471428159147
"PLA2G2A",4.81450523821284,0.214890120793438
"PROCR",3.43296840385737,0.265166267594273
"XRCC1",6.65382012167976,0.280541113651692
"FIG4",7.50361267803073,0.4151676809112
"CTSF",5.89569804642488,0.290504399050011
"SLC25A20",7.45164597839631,0.499585341723455
"HMOX1",7.39779018633495,0.614927043955062
"TBCA",8.7994694450159,0.492611318684557
"DGAT1",7.12026851175972,0.379907202414328
"TG",4.38496455241559,0.278243079077516
"TARBP2",6.26686772692583,0.216076461962509
"TMED1",6.84939657414011,0.307568890482265
"PRKAR2B",8.15019539355128,0.961645453650371
"VEGFB",5.03843378720059,0.334124298332562
"MPG",6.9915046435339,0.258054795360748
"PKD2",5.05168903526872,0.561709521766367
"DHX16",7.5565984593311,0.341632784951006
"DFNA5",4.03692303684691,0.382528317929369
"PNPLA6",7.92137064713639,0.507438914027732
"GADD45A",6.87736940783354,0.716124280030462
"SKIV2L",7.13535348737899,0.284197180331099
"BAK1",6.32281565193495,0.331493884198842
"EMP3",10.7830110745558,0.445200690703027
"TRIP4",7.2719025232366,0.416613671421617
"DEXI",6.35118683671913,0.401208515317269
"PPRC1",5.69229915993433,0.351096454529792
"ZNF217",8.300416796839,0.664036813672242
"TDG",7.28406123777719,0.628415846664604
"BUB1B",4.01168277223202,0.33531641278605
"ARHGEF17",6.02287336014397,0.305877618055589
"CTSO",7.02774802833003,0.572842272989841
"DLGAP5",3.18762849344924,0.379529201307127
"GCA",9.6544377324554,0.786161698048338
"GPKOW",7.45092996128621,0.269467561163981
"RPS6KB2",6.7544982299822,0.311041288194487
"MANBA",7.71717058252573,0.324672220719156
"MRPL33",7.68203153767224,0.394530258157802
"SF3A3",7.00506461801043,0.397983081570494
"TSPAN8",3.26564874589282,0.260677420284337
"PITPNM1",6.8960342675051,0.295986522253054
"IL32",8.96260417224343,0.909110975930105
"ELP4",5.81998423932817,0.453234788298366
"C17orf75",3.84358069864784,0.354454585531411
"R3HDM2",7.49365643072512,0.327506333496014
"SNRPF",7.52289190908086,0.493603852058685
"LRRC32",4.83324312741414,0.239764086295207
"KAT2B",8.02904831902213,0.630516403410635
"IGFBP6",4.48559853747538,0.294631692944238
"SMN1",4.95590418878361,0.479854318854852
"GAB2",8.28984481214468,0.401314997032352
"WDR47",6.25531883118251,0.541022705266471
"VRK1",5.98880637015885,0.529502931444596
"COX10",6.21331587853278,0.288932867009422
"PALM",4.97576524760449,0.224846102508427
"VCAM1",3.22295453317936,0.32201002122763
"ACTA1",3.64146610051955,0.288484706169046
"FBLN2",4.4786804165552,0.315935591586328
"SCG5",3.25417326101388,0.262548702569626
"LYRM1",7.97516851505125,0.441519582418519
"TAB1",5.0474367169793,0.229309366769445
"PARN",7.03247916274716,0.357238530843964
"SLC9A6",7.23848362834451,0.570054284901489
"DNASE1L1",7.61599033894323,0.388119784936715
"CXCL9",4.45797754156591,0.436313308480389
"NR1H3",4.28190073225124,0.303604942287315
"NFKBIE",6.25078474991833,0.473663249589157
"HLA-DMB",9.29128475358859,0.529358942033163
"KDR",3.11154288007285,0.158355108703412
"ACVR1",6.34661117500512,0.631731853608104
"MMP9",8.94285518974493,1.21650804815192
"CLCN6",5.62086758806415,0.30434667701857
"CNN1",3.94511356605391,0.332682109277862
"PPP1R26",5.1263685097164,0.301417431046541
"E2F6",5.3124052989621,0.398296016170202
"NMI",9.31978071849124,0.499370025306396
"USP20",6.63553563773315,0.363732795991808
"HDHD1",7.45466743300241,0.496207795079841
"NUBP1",7.01037485924976,0.397348008297394
"CYP27A1",7.26331170748532,0.440500009246367
"TSNAX",7.28546550038466,0.759386293639597
"ZNF212",6.75299839872787,0.245493532686045
"FZD6",3.2389729880053,0.34998095505579
"NUPL2",5.99754473674285,0.41822773536226
"FCGR3A",10.6406142542374,1.06306560160933
"DNAL4",5.73523011087268,0.222602249820085
"SPRY2",3.35060061907685,0.256664573738466
"RFC4",5.72720725296848,0.536609975125043
"ZWINT",5.18772932130044,0.66185635874067
"METTL1",5.59590969360336,0.236355979089741
"BCAR3",3.33458185137339,0.130312523328698
"TRIP13",4.25750219792697,0.247742603917181
"ETHE1",7.40139434478637,0.428622453670768
"SCG2",2.90956762106173,0.165813083569331
"CEBPA",8.19065397951781,0.476155201321672
"WASF3",3.5697051778816,0.452945923409867
"TCN2",5.88842502587841,0.442246372186423
"TCEAL1",4.88022528432691,0.436944346878467
"IRF8",9.01828837102794,0.492617561856514
"THOC1",6.97849301259688,0.402119080946853
"CHST10",4.98799181953368,0.234567370828686
"RARRES3",9.2790709101466,0.64224424031572
"TOPORS",6.8777906028534,0.654309035986015
"LEPREL4",4.35261348022143,0.287793064212918
"TPST2",8.89253962694673,0.377703238966621
"TOE1",6.73835581682379,0.276186665157494
"NRGN",9.42318960226924,0.873472458703732
"PBX3",6.93077001285321,0.390736697823627
"PRAME",4.00585276611093,0.219642854898182
"SLC5A6",5.77888000246737,0.248944169467702
"P2RX4",7.03540376969804,0.532288668226681
"CCNH",7.33468547540649,0.487968255453544
"CCL4",7.9522174329345,0.809998236425274
"SNAPC2",6.09306642429085,0.309973792649106
"TESK1",6.38932741115847,0.299777605502982
"NID2",3.09452086087532,0.165055969335539
"IL2RG",9.79029989736126,0.499026183176794
"GADD45G",5.14223666259843,0.322691181891127
"TYROBP",11.953830983439,0.462177713502944
"NDUFAF1",6.67150411741437,0.507191879155973
"CDC45",4.2292755397948,0.264116984735421
"BCL9",4.48039769124581,0.153766897903966
"RRP9",5.178287530383,0.272277643616485
"PDE2A",4.9114150555747,0.347612125351969
"GPR137B",6.25468862523477,0.68114845599413
"TPST1",5.72895562549922,0.926231191985679
"RAD51AP1",3.70990016260125,0.294243426511906
"TCIRG1",9.39932808239141,0.518514715338944
"NDC80",4.36106481712281,0.482680138333905
"EMILIN1",4.02623928896588,0.255878461443165
"WASF1",3.17876168920919,0.275512555866811
"MGST2",7.31503605753652,0.399693338992755
"IMPDH1",8.47745842706305,0.347025772823488
"CKS2",5.4206150926452,0.663240350662109
"CPOX",5.80726179739756,0.662041661870731
"MYL6B",5.68112306357726,0.432665568092228
"ALOX5AP",11.2727001699817,0.658835395224192
"ZNF593",5.4630990138047,0.449049904167069
"MB",3.68383797177165,0.195016438602599
"GMPR",8.40960097817966,1.01963137693775
"SLC31A2",8.96874544041881,0.556729588346968
"TMEM243",7.85111346450854,0.662650227498291
"ANAPC15",6.87970380539325,0.303077975182161
"PSMC1",9.10040809056786,0.217855795905152
"GMFG",10.5920369878187,0.504313405779705
"GCH1",9.13026751830052,0.8108308683597
"PPIH",7.25807219399445,0.402129537228726
"FAAH",4.96943882341062,0.334214412562456
"ZNF195",5.11421130605607,0.607864832276507
"NNAT",4.57972469602011,0.228450126199237
"RLF",6.28460147231528,0.439539823891798
"DBF4",5.39890230540141,0.628120526070575
"DCTN3",8.7752590042319,0.291881844907895
"CDK5",6.2616028312205,0.431452920405735
"MMP7",3.22776036029351,0.296266140181144
"CHGB",3.32073943416931,0.19845036135142
"PKMYT1",5.70094120460138,0.269851595672111
"S100A2",4.25601865168631,0.270829710469716
"PIM2",7.51562092568473,0.391313332667486
"LGALS4",4.17733553748788,0.259780092460382
"PSMB9",10.3787027884406,0.505879313723157
"AMT",6.40855038879305,0.30604697421492
"PET112",5.63628410687189,0.271661018900986
"KBTBD11",5.80237840448821,0.49527610065433
"PROM1",2.92181192810635,0.228980896212191
"CD151",6.69040821729816,0.380938961901722
"ATP1B2",5.07938049427482,0.401073982449023
"CCDC94",6.73807508874014,0.261801475690045
"RGS19",9.20922639781001,0.353831385275678
"TMEM187",5.51701880079334,0.37606394047151
"ABCA3",5.45466242613075,0.258609305379715
"COL16A1",4.27039736995348,0.276716000753502
"RASSF1",7.89329641981276,0.347954329476689
"S100P",9.19641001636024,1.2835824219986
"F3",3.36524219695951,0.207519673419463
"SLCO2A1",3.65899071950222,0.208294580509306
"CLSTN3",5.5713751185057,0.329809782151569
"BCAS1",4.55595316734554,0.17689823333504
"NAT9",6.55818691821906,0.233363214304627
"CAMK1",6.48717935373059,0.519863386528542
"SLC43A1",5.85025020240725,0.350089640866825
"KCNN4",6.23292693825584,0.413959960075499
"KIF21B",7.92382366095577,0.420494157351001
"TRAF2",5.91371039197337,0.250923199555605
"IFI6",7.82490032927937,0.976679941073039
"FOSL1",4.23386127414359,0.310712250755943
"ARHGAP4",7.99979115581485,0.407335964190216
"PLEKHO2",8.4853970345646,0.43006112929605
"FOLR1",3.86055879548955,0.25107401460213
"MRC1",4.20162167320893,0.611437713365746
"IFI44L",7.26484975239589,1.57337725759482
"CD83",6.76874511583598,0.611978218946892
"KIF11",3.29364752913701,0.35079148727036
"LZTS3",4.50136018339153,0.247162562148517
"LDOC1",5.1090017276448,0.331066245651959
"PLA2G15",5.34136430614047,0.322741095607777
"INA",3.86266259836383,0.206809064357298
"PTPRZ1",2.53883613149952,0.159707225847426
"CXCL1",5.48229361526228,0.63935155890949
"GEM",3.07725871156972,0.203761892582499
"MMP1",3.06668466160333,0.271474749474408
"PC",4.20766396100197,0.250325474744173
"OSTF1",8.82017815377301,0.403815571087827
"BRPF1",6.89214660223904,0.32128299473131
"CLDN5",6.14168524956183,0.475724622594955
"PIK3C2B",7.18617770544591,0.486230181942657
"DOLK",5.47916055351017,0.248131496429075
"EVPL",4.671140153721,0.259349176501822
"DMTN",8.61957324117838,0.837753765430817
"CDC7",4.50802461279367,0.475139681337808
"ELMO1",6.9564340249159,0.434460435123579
"DPH2",6.32753498269603,0.206669323877317
"PLLP",4.31828938033203,0.272838364263742
"FAM216A",5.14806443383407,0.443545386451402
"ZNF140",5.19033300048952,0.646394005787426
"CXCL10",5.29371922725396,0.874323377502888
"GABRE",3.60191412181986,0.196280508389327
"EEF1A2",4.32668762400562,0.237122322369061
"ST6GALNAC2",6.83809800129564,0.56192992601372
"HPS5",6.0509828338268,0.575952429872346
"STAR",4.11579932637575,0.21780726444913
"RAD54L",4.20505257865225,0.231018912849693
"LSM7",8.45979869759773,0.525149275265892
"SELL",12.0029955277812,0.481422725860202
"ACOT13",5.87776118458134,0.499024636498675
"ATG14",6.66108239707213,0.50756720598554
"MMP12",2.92710441660711,0.167635048325784
"SLC7A7",10.2106844985119,0.459043692001317
"NUAK1",4.28047350100787,0.421071279652833
"MRPL28",7.60686818219798,0.325488342507892
"DKK1",3.16159847099245,0.132860921139628
"EXO1",3.92976787769855,0.259405647125421
"CGRRF1",5.70760418944162,0.556569053144787
"CCL21",4.64611335069112,0.305241354392061
"ASL",6.44982974089191,0.370336850960484
"SERPINB2",4.31086619931465,0.6030834617424
"UCHL3",6.83074761925865,0.503832158148823
"ACD",6.7152532588102,0.364901251430144
"TFF3",5.15577521737023,0.293928026694026
"ATP7B",3.71836269156755,0.183239014285076
"MYH2",2.99483155748217,0.176336527657117
"COL17A1",4.08649703623307,0.348557974027591
"ACP5",6.7529902358561,0.559616568327279
"S1PR1",6.72273869522475,0.674772228482647
"APBB3",6.43675907769939,0.288003669160427
"MUC2",4.45670369407503,0.242408048288085
"TMEM186",5.77521325120701,0.295225147307301
"CDH5",3.31563495456862,0.210619287800931
"NPTX1",4.68444566501346,0.283060656796534
"SGCE",3.69795112032398,0.294744461913051
"CDC42EP1",5.28719614883348,0.335949360772503
"CHGA",3.8367703785884,0.24328204488021
"IFT88",5.86165764322972,0.341858149456204
"INPP5E",6.47013770796662,0.298539916053354
"KIAA0753",6.22322403991965,0.283113389970473
"WIF1",2.89290562643237,0.220703129609847
"EPHB6",5.51449155848866,0.383553106013738
"COL9A3",5.163093993967,0.541788586342982
"CDH13",3.14418234683753,0.175394646921616
"KLK6",4.27272756250715,0.199306883144293
"KRT15",3.69704120865753,0.275787806111193
"CENPC",5.19068429903754,0.55073341905438
"CNKSR1",4.41510727333104,0.21637174650112
"TAGLN3",4.0532767450305,0.230213607868875
"IARS",7.76118394388605,0.637912153076492
"PICK1",6.06236594847274,0.246937858516392
"NAP1L3",3.66514888568987,0.509292253634969
"NUDT1",6.61905718880662,0.352548475700612
"EVI2A",9.15622671672596,0.820066925266815
"CHAF1B",4.78004543033668,0.266095101815067
"THBS4",4.44070087132888,0.267185879069833
"MAL",8.08870518080522,0.831075690440566
"VSIG4",5.82924654753021,0.91404548997547
"SMAD7",5.16652212174313,0.603843261595919
"GPRASP1",5.60018048011464,0.777118956133533
"DUSP2",6.57595108422253,0.644781037062818
"PRR3",5.18787261142265,0.23517919042528
"TRIM21",7.97998724617674,0.475262557327255
"H1FX",8.15693654894023,0.571845935373817
"CKM",3.88297829907518,0.242875824112958
"CACNA2D2",5.7966190010004,0.420583768985464
"ZW10",5.84012010007332,0.352325109178971
"FGD1",4.15664138102994,0.225268948485026
"TTK",3.13502504188052,0.281802483616898
"ENDOG",5.7008550588493,0.435639842736752
"MELK",4.07250683592887,0.389395154735202
"RAD9A",6.49712924574644,0.26864185122842
"POLA1",5.03052603454983,0.3400307389357
"GLDC",4.39626396260562,0.324117951146182
"POP5",7.32732458105084,0.576721494166646
"LEPREL2",4.43581326444479,0.306717404691478
"B3GNT3",4.88798708631735,0.253827420599878
"MAD1L1",6.72125954941544,0.680989590551236
"NME3",7.15182289362356,0.318418615516079
"CA3",2.66048994112534,0.137391462851422
"JADE3",3.3373456068303,0.265137833158759
"GCHFR",5.94618512160993,0.342907643659387
"ICT1",6.12224280825966,0.436569608397776
"MTERF1",4.47766384034299,0.35081661730803
"ZNF646",5.69643020034243,0.335954682625168
"MGMT",6.29943178699067,0.393585453275259
"MSLN",3.70295365198052,0.298875211758327
"AOC3",4.49074711927485,0.44793951928937
"IL10RA",9.64443981803711,0.541489185143442
"RAMP1",5.42712343421631,0.292471858997433
"GAS8",6.33642026300465,0.29817121239179
"SASH3",9.51540488745564,0.355515914595551
"TLR2",10.5556535046228,0.684855597962612
"SLC10A3",6.78666779537051,0.312513829925061
"HPN",4.36568747549066,0.322641284240849
"MAP4K2",5.69346381039667,0.349613646748024
"PTPRN",4.29903497404897,0.288183387961246
"ICAM3",11.0260320493909,0.447004741419187
"LYPD3",5.26470137691904,0.199105538338329
"SNAP91",3.01379814611155,0.168591808514572
"SRPX",3.18365401326499,0.195555487915211
"MNDA",11.7349985523105,0.553016435924507
"PTPRCAP",8.74405074777681,0.59765539452807
"BAI2",3.78789074530423,0.270058911279922
"SHROOM2",3.34537682352453,0.246178422185051
"C6orf47",6.58774625514242,0.268223842815929
"CSTA",10.1430092380327,0.804572886736436
"GJB1",5.42195888720171,0.30355147908221
"RAB3A",5.26275944581149,0.263755064696231
"CLASRP",7.13660764593431,0.333112848344454
"SH3BGR",3.90638444584893,0.220913014056062
"SLC22A18",7.09700245496692,0.46065745209809
"TRAPPC6A",7.49134856974458,0.377432339326576
"ITIH2",3.45860497178864,0.217629053370159
"PFN2",4.80397757190511,0.469751997547528
"GNAZ",6.41341797376784,0.543562150816995
"MX2",9.00620329224034,0.524258449900495
"NKRF",5.92958186288994,0.272652449483907
"TFF1",3.95910726588432,0.258454450495091
"HAGH",9.00279856588061,0.699635326495376
"ADORA2A",6.82819842324118,0.435282774522304
"FGFBP1",4.91264101859925,0.20945532221062
"VIPR1",6.62679109198375,0.387090767566841
"ARL4A",7.3220553329546,0.612834063236412
"ZBTB48",6.70622073135089,0.364527627522839
"CTDP1",6.94189908878475,0.268481780237175
"LSM6",7.60423100853772,0.423920775213917
"GNE",5.85488823889909,0.447204151425272
"GABRP",3.03264339310508,0.186678001874037
"CENPE",3.32433339233714,0.28724850529703
"KIT",4.73896037180135,0.426044775520135
"AUH",5.85020031662525,0.501532006614661
"PRIM1",5.89136206127272,0.527833111585707
"ITGAE",7.91613047748206,0.481692959428929
"GPR162",5.42003583214966,0.330292729397455
"PARG",5.86808622850092,0.336947025348199
"EXOSC9",6.6217621705885,0.31682832008647
"SPRR1B",3.41663197867318,0.17078482463935
"CYP2J2",4.21048641228417,0.212335355493166
"SERPINF2",4.95128291592703,0.252274548980091
"CRIP1",9.67786743579728,0.777187232990639
"RWDD3",5.55259983555597,0.53343339208254
"MAMLD1",4.12031320442615,0.275651351920718
"NAGPA",6.94065485257397,0.409485509960227
"PEX12",5.14106454818875,0.429381650948954
"GFPT2",4.48939776079594,0.224619410571231
"SNPH",5.87296119455015,0.295264700010247
"EFNA4",5.41684700749301,0.238389311482631
"FGF13",3.8175256545185,0.562023341677904
"CCL3",6.32092753903452,1.09839592499689
"MEF2B",4.46484448258172,0.308426269360995
"PLCD1",6.80757328888289,0.262553380151627
"VRK2",6.79450820601365,0.508187275783811
"NPM3",5.08889232069046,0.239715534138188
"MOK",4.63946801029475,0.303361371621203
"ACTC1",5.11921488072891,0.17918292111641
"HSPE1",6.27046750995661,0.601684148814932
"FPGT",4.61474067344646,0.742701539290842
"ANG",4.94488867826869,0.474939997619679
"ABCD1",5.80616110924566,0.315879478556492
"NCAN",3.86561993425973,0.20919571600006
"MYL5",4.97113684370563,0.382217066790623
"SLC6A1",2.82066232490679,0.141858342555702
"SPTBN2",4.95532996459919,0.289449902628412
"CSF2RB",10.1489508345737,0.644351417667357
"MYLPF",5.24414306270862,0.273771061274276
"RBBP5",6.29667855254482,0.546980063063859
"QPCT",9.06407810404825,0.641418658375006
"ITGB3BP",5.91052266264016,0.572788679344178
"TNNI1",4.22155961332098,0.293915220239319
"ZNF324",7.09609273739418,0.339576499316753
"SPINK5",3.52137967801335,0.194317532973604
"PLS1",3.37831188132922,0.259964661872353
"MAP3K14",6.6244807777045,0.336720164084257
"CA9",4.57873913685493,0.263009740197293
"CLEC3B",5.7614766704194,0.476453086220659
"NMB",6.03407653581466,0.246125653754238
"RELB",6.33081433871424,0.456134410895323
"IL6",4.26036322181321,0.219532748848854
"RIN1",6.25322294654679,0.365105011557817
"RNF2",4.75913595776263,0.262241498407483
"POLR3F",4.65679579638945,0.34056476905866
"HCAR3",9.10328000676982,0.809581736465314
"EHHADH",2.90303358024344,0.220280075414267
"DEPDC5",5.66522875885117,0.241602527983881
"SURF2",5.57422429679263,0.291003292383221
"PDGFRL",3.50205454291025,0.239769358367276
"RPH3A",5.40368738335896,0.678483169818499
"SLC16A4",2.95257528192805,0.333944837320654
"KIF20B",4.77291481412125,0.284833814145503
"SOD3",4.78850806695494,0.308348609002672
"FCN1",11.8038190191411,0.596858811299718
"SCO2",8.88720782594097,0.798798083354663
"CXCL13",2.84263861054815,0.21255950689656
"PARD6A",5.8759461954346,0.265244232689983
"EGR2",4.19464865644877,0.526824349327761
"ZBTB39",5.09717764295126,0.255745047291484
"AMPH",4.46972951766379,0.472198321535506
"INHBB",4.65356806297223,0.514581107888198
"NR3C2",4.7326718768609,0.530650873905004
"ACYP1",5.30046190549678,0.487255406386894
"LIF",4.82924279469346,0.214784033494333
"CDK20",5.1212569176469,0.163142601471268
"PIGA",5.05167161929011,0.540469461499709
"FKTN",4.63845823576485,0.504302159322416
"URB2",5.27118060909002,0.250153513595359
"IL2RB",8.85715114064878,0.773910618461892
"SNRNP35",6.8425050098615,0.30985808684648
"FGL1",5.12126982723585,0.238421108418618
"FBXO46",6.66688666143965,0.237871350812702
"SPI1",7.70056218535689,0.604227552192105
"PSCA",3.78627309318909,0.202799413188516
"PHYHIP",4.44686220456031,0.194365224910072
"RAMP3",4.25303541419152,0.228953577810068
"MN1",3.21249754620838,0.257888800499363
"REEP2",5.55373352725649,0.253221102133052
"PVALB",4.56990052720231,0.603167119173994
"STIL",3.54901687649354,0.249917517566218
"GNA15",7.22400380155532,0.490433047066493
"SERPINI1",4.20163591685736,0.40026688316166
"BBOX1",3.11485209062822,0.308840278801581
"ACOX2",3.80564574644467,0.241411329272279
"SH2B2",7.48485865436459,0.505247689686028
"FAM131B",3.74755129466396,0.202474588071227
"PLAG1",3.57112343055369,0.347160523487511
"CTNNA2",3.1995912087654,0.172960429314042
"SLN",3.91510067700816,0.188851485969283
"MDFI",4.96802928294564,0.28163038474339
"CBR3",5.54151020074874,0.411479710417788
"PDZK1",3.15882687931156,0.339595458149852
"CFD",9.61183755759073,0.813023685587264
"FXYD1",4.59473875709172,0.240243396548327
"CGB",5.30170138984265,0.330132792032222
"TNNC2",4.61083029830592,0.315200550835032
"CCL14",4.06610296921468,0.211309260814066
"HSD11B1",4.0136570514149,0.196989741251411
"SPA17",3.13594752658618,0.181339657320922
"FES",7.43101701573543,0.544883801853938
"GPR183",7.45071328843571,0.853414590654857
"AP1B1",6.99000599663482,0.314808625643869
"TBKBP1",5.88098119161667,0.345243469730558
"ZNF354A",5.59896472969635,0.521905720356595
"CALB2",4.41110874318479,0.241261438799898
"OVGP1",5.41231783262814,0.26215851898366
"ZNF211",6.71411361204335,0.39906502617313
"GSTT2",3.74871718172791,0.198645944347836
"NPY1R",2.86328928199694,0.141417000065934
"OCEL1",6.67974771638927,0.293515597616053
"SNAPC1",4.68514847900583,0.428486159334697
"PRL",3.704390124482,0.333505186215502
"SAC3D1",5.33862520043241,0.542072050449464
"FOXO4",6.29823915311277,0.459210030010103
"HOXB2",6.55726692520579,0.607929561169625
"HPCA",5.02909194611769,0.268101570254503
"MST1R",4.43278758966656,0.226610297192524
"CD3E",7.8417522478328,0.769627177912534
"MC1R",5.12052388950241,0.252523919771429
"SCNN1B",4.1133516364091,0.3008079056425
"KLK11",3.87758174386358,0.235388181469176
"CRLF3",9.69601729480777,0.539283691535721
"ISG15",9.11638041550372,1.03266812612259
"SIT1",7.17443367512079,0.440886460072368
"RYR1",3.99743352685242,0.3328865144391
"TESK2",6.19672269527236,0.304223164340798
"GZMA",8.7410358993984,0.908328439661143
"CRYM",5.70505545261877,0.307621651771122
"GHR",2.70806222543439,0.128182748170563
"C5",4.60982147732355,0.524491505735833
"BTK",7.79400693615675,0.398044078767461
"SCN1B",5.51371323666897,0.410874757772256
"AIFM1",6.28380480496522,0.433289059459525
"TCN1",6.89098799968005,1.11840391827937
"ZNF415",2.80193758518739,0.193397995083535
"KATNA1",6.75641425545489,0.374634306705847
"RRAGB",3.9290927197378,0.23713355837597
"STEAP1",3.31564664997604,0.190165671064921
"TYK2",8.67544186810986,0.386090897580829
"PCP4",3.87359165277891,0.225339257061019
"CSRP3",3.66326406627488,0.247564253653514
"RPP38",6.1102463760981,0.43438817084923
"KISS1",3.96936629550807,0.235840905279743
"PAGE4",3.7540856369552,0.249320150189934
"AQP9",10.036405725176,0.697556861826294
"LAMP3",4.2282127227751,0.79203715661638
"LIPT1",6.11354671527932,0.637331627535035
"SNX7",3.14432933392811,0.282332483668809
"SERPIND1",3.17988957612476,0.167969429891607
"PYGM",4.97568485217244,0.389998115934671
"ROR2",3.25541958227912,0.145198378723014
"GGT5",5.06551777303701,0.370970527115685
"VGF",5.47402847461745,0.270194350608367
"MYL3",5.32140937779374,0.232647805351973
"RASGRP1",8.3767995981381,1.00704847359214
"MYOM1",4.34126648630391,0.25756169066301
"MMRN1",3.41647785786718,0.481880040587222
"CPA1",2.79912913260426,0.153900615114386
"PRRG2",4.66332107582673,0.243332595351269
"PRRG1",3.31110280027491,0.215305639307037
"MEOX1",3.68402117499191,0.348184544056104
"F10",4.10636212574489,0.286121869102555
"SMPD2",5.78162872769387,0.23172373775674
"ALDH3A1",4.35183033168518,0.320797405953673
"CPA3",5.55090405120264,1.23610932186429
"CDA",8.54932066777394,0.734285718605664
"ALAS1",6.93164885807653,0.454158067699536
"AOAH",8.91866823700194,0.391824501226377
"SNRPG",8.01459872551273,0.675204490152254
"WNT2",3.95394538734124,0.238741130102267
"RAPGEF4",2.48217696940322,0.163109573366231
"TTLL1",5.06145968138925,0.339824427035214
"CTSG",5.30658395238253,0.930067668983739
"C4BPA",5.59063369755238,0.893677388750308
"HAAO",5.68701047913737,0.262161244162111
"PCBP3",5.18773591031996,0.287086561349579
"FMO1",3.5554533801774,0.238934974342962
"WRN",4.46361497495442,0.319634262096117
"GAL3ST1",4.28728030600838,0.240700527914555
"XPA",6.03958818856729,0.447369961236825
"ASB9",3.04231517890733,0.140587740921773
"MTTP",2.98789809087461,0.163675833388193
"CYP27B1",3.69030634309415,0.24468014548766
"DLEU1",5.89625652014038,0.406623955073988
"MMP10",3.25314382778962,0.184980968999453
"BCL2A1",8.1077006011752,1.05422301825833
"TFAP4",5.59718854691845,0.241027631419258
"SYNGR3",4.20349195326766,0.311348770315126
"CD38",5.53897975607547,0.542120236352775
"SCGN",4.8814510320001,0.278586497955918
"TRPM2",6.17683257078466,0.390728497514004
"COMP",3.81009408541215,0.266048267393955
"BST1",7.66356438841512,0.576798444748964
"ITGB7",7.46505240864884,0.494138959176194
"POMC",4.79368462967268,0.34101110808876
"CNTFR",5.22195707735521,0.248232651034044
"ABLIM3",5.26640267189474,0.549500134496823
"BLM",5.30036192402927,0.421370570755032
"PGAM2",4.35800656596488,0.288385435714492
"RBM42",7.17565102795205,0.349021265404328
"TNNI3",3.64581157090614,0.224274545843958
"STAC",4.81353552941516,0.360417724423557
"DOC2A",4.32293773969714,0.270435607760687
"CBLN1",3.60132729896823,0.161082223913844
"CYP1A1",4.17004670330307,0.224266699675047
"BPHL",5.11821261223502,0.222480490480759
"SH3GL2",2.77163526851685,0.149656718105072
"GSTM5",4.8312012184517,0.21790127703625
"F2",4.51499938512493,0.283108155207146
"ITIH3",3.72192937020772,0.223997479705368
"F8",5.45190634577143,0.469708080698826
"CD8A",8.5968799566461,0.979001438399738
"SULT2B1",5.04577714336759,0.218760538077133
"TCAP",5.3082102362028,0.319709073357037
"FAM50B",6.07640821053099,0.302681698850507
"DUSP9",4.25849361532258,0.250757468589644
"RAMP2",4.47819384968695,0.262662838039438
"BIK",5.24832779502187,0.402989230790872
"VPS9D1",6.55751961192676,0.517692699484179
"ITGAM",9.58614848281857,0.533029145977097
"CD1D",7.61327635711726,0.575067486054842
"SKAP1",7.41293583350077,0.630492166390433
"WISP2",4.54019100303655,0.244294691499965
"ROM1",5.1254477713655,0.293679110960859
"POLG2",6.36378020679586,0.282501288630205
"MAT1A",4.94121577407894,0.31204216172879
"MARCO",6.5859011939867,0.578737570859784
"HSPB2",4.58743818600298,0.237471635395848
"PCSK1",2.80181791992646,0.120197749903158
"MYOM2",5.82408533611456,1.17957385018102
"CCK",4.02131601076784,0.218104177136577
"MMP3",2.76035094910665,0.136951071292089
"CLGN",2.75239685678821,0.143002541928946
"CD2",9.0908159591446,0.898265789832337
"BZRAP1",5.6306486220088,0.424514419888597
"PRSS22",5.70177695186456,0.355585663796344
"GAS2",3.07450096628987,0.296912777154501
"NME6",6.22550626121646,0.452196156150514
"CDK5R2",3.84809722817939,0.273164672504716
"NGFR",3.58048954062236,0.190150119425078
"LY86",8.95314622207652,0.593506560196132
"S100A12",10.6836410031278,0.883244115926907
"FCN3",3.87097623503392,0.223715661310572
"BDKRB2",4.50625357321955,0.22636302267982
"ITPKA",3.74282410999532,0.238153678867266
"ZBTB16",6.7507949422361,1.06913008213708
"REG1B",3.82470458627406,0.212659357615264
"ADORA2B",4.32618076114183,0.374243642721079
"ARSE",3.75451481719759,0.251774835609305
"SLC22A4",7.77095720644201,0.713142789351555
"CCNA1",3.34582221262211,0.360039555294087
"KRT1",7.55659536916758,1.22327180954327
"PNOC",5.80556845334168,0.613795328019705
"FOXJ1",4.87785713726106,0.318676086734833
"POLE2",3.69928009212326,0.267005334756516
"PTH1R",4.59686605462952,0.228382439975258
"PNLIP",3.32524525797706,0.186182420134011
"PLIN1",4.73248798880639,0.251790402993326
"S100A7",3.64985527924063,0.177337002933332
"SLC4A3",4.76639627864384,0.269914229146926
"VNN2",9.91781237614269,0.741179222311351
"RELN",4.42544328579187,0.236093517594286
"CTSE",4.76181069349716,0.371399631664638
"GPA33",5.50262075645984,0.391213225363363
"GTF2E1",6.48111718308345,0.542630643132549
"FOXF1",3.28234512770907,0.209446600380114
"HK3",8.82995024139349,0.654112410407951
"CGREF1",3.46806696279718,0.212880477278163
"MYH3",3.71736129387132,0.299522548247552
"CLTCL1",5.19697522683463,0.429207207250196
"PTPRT",4.20218931483572,0.225966286535021
"PLXNB3",4.02857429809036,0.266239664081437
"MMP13",3.17763684920106,0.198701513138619
"BATF",7.61678491455165,0.363269868798313
"KCNS3",3.42833974448166,0.224363607549939
"AADAC",3.56061712647773,0.153619705225065
"MT3",5.02278870600155,0.298799440939507
"SLC38A3",5.10623018138868,0.282887925968215
"KL",2.83144526255221,0.283986903304768
"SCGB2A1",3.23603240478333,0.150449768324676
"DPEP1",4.97535917741515,0.250718628164642
"CRHBP",3.26349211862591,0.202869685887139
"AATK",7.94020273571698,0.328849570767283
"CD1C",6.9108825071972,0.517109503961214
"MEP1A",3.10396009748463,0.173665707212466
"NPY",3.79297826511845,0.203356220079051
"TGM3",4.55306451267881,0.513689395575292
"PRG4",2.80650197338762,0.1661613531125
"TGM1",4.8411955177212,0.213567548240379
"HABP2",4.21064887955307,0.217225305141579
"KIAA0319",4.27964460834923,0.293723090428328
"NDP",2.88321094723807,0.134883096541672
"NMU",3.27185291860247,0.224790911759782
"HPD",3.82059321629413,0.285214641639084
"S100A3",4.41226258308703,0.182251079084215
"ANKRD1",3.01070358326005,0.187765786038712
"USP5",5.96493775808805,0.30451909038932
"RAB33A",5.35877967546058,0.461555928439299
"GNB3",5.61962712849237,0.276493183636414
"SELP",6.5820323088372,0.580469729957462
"SLBP",7.85928891833793,0.57326903687922
"ZNF510",4.63814377897344,0.314732403168987
"SLC6A12",4.53376264200726,0.296989630192099
"DPYS",3.30726899553639,0.201835774801534
"UCN",4.56925366073777,0.265072431454929
"COLQ",5.26040632942572,0.395238405299339
"KEL",5.47531508431426,0.572021027848473
"PLCH2",5.5650079963569,0.22704743083337
"HCP5",7.82793634055085,0.494926368869408
"BAI1",5.32449004508661,0.328875604178265
"MATN3",2.41099530885603,0.145551194156013
"ZNF35",4.81753158991583,0.276955313584533
"SLC22A18AS",5.42556442536086,0.279831520946766
"ZBTB6",3.24784896869704,0.380359033420607
"GINS1",3.39436484366842,0.302611952152074
"RAC3",4.11449935657671,0.251103513399465
"FUT1",4.25157340214712,0.25322218936024
"RNASE2",8.98365699808107,0.915278802230559
"ANKRD7",2.78776551658629,0.14994788275705
"EGR3",4.17566103611631,0.530414971124316
"STAT4",7.92530351962865,0.721758262624711
"BHMT",3.83293684821464,0.284046323473807
"CD33",7.79444982751524,0.535588499664719
"AMPD1",3.15504996566022,0.183542159284809
"ADRA2C",5.12107742862839,0.271368296793329
"ASGR2",7.74823572163932,0.662424402921551
"CLPS",4.79108459174429,0.199664872553596
"ADAMDEC1",3.2241019205047,0.278934151898617
"MOCS3",4.74204790844099,0.310514225959613
"SCML2",5.67186435612336,0.299365788667332
"IL3RA",6.12843174982975,0.558677772284938
"CHP2",4.20394090619965,0.220154578847323
"CD27",8.21416143542911,0.863899830949386
"CYP4F11",3.22952362920903,0.192576298440965
"RLBP1",4.10974293119958,0.235333896849325
"ABCC2",3.74799827323098,0.261682851632929
"GJB5",3.65536848227981,0.188327023069881
"PTX3",4.16720502079366,0.742562018378112
"GDF10",2.7919084925287,0.165333425480277
"APOBEC2",4.94627756330852,0.298286727475944
"MAB21L1",3.08611119326595,0.196475621959705
"ADRB2",7.50406725589283,0.578301216320391
"IL13RA2",3.11064153155927,0.145998818513947
"ZNF222",4.88952955481783,0.413069831344107
"ZNF134",5.59203029220621,0.274024454017177
"MPP3",4.46207652840975,0.214785227714001
"ZNF623",4.3547518722389,0.475841330912328
"NME5",3.46512472946747,0.202567894679931
"RCVRN",4.19680008319848,0.30637739672819
"GRB14",3.07606338152676,0.282965980925489
"CD180",6.71557116195598,0.630480657364465
"CLC",9.38144034146305,1.36990563376769
"CETP",4.08217084408742,0.343089484722652
"SELE",2.86935683722641,0.127996815647475
"CPA2",4.75381019181931,0.243425955679726
"WNT10B",6.0296736264691,0.322671441970451
"PLA2G7",5.3010182022715,0.65141504777183
"SRPK3",5.61079436340716,0.272381621318514
"MAGEB2",3.07075936886581,0.196223734872832
"VAV1",8.39626895974808,0.375702392985015
"CST1",3.78887578725787,0.237826059914873
"CILP",4.69545714778351,0.225542735479643
"LHX1",4.59481018332677,0.295629309939006
"KCNN1",5.15825352578323,0.231914773914385
"MMP17",5.43577746577268,0.340892336889905
"SPINK1",3.32424386693827,0.165203772826925
"ZNF136",6.19236567743558,0.594697011891908
"TM4SF5",4.05372711092156,0.263848336505626
"TIMP4",3.56101254081324,0.241595154535984
"MICB",8.05811882006763,0.479030749611944
"EGF",3.94309763541106,0.407147659518456
"CPN1",4.0647382754825,0.20805810368187
"CCDC9",5.94511740914658,0.303062394661458
"PROC",4.83084983426286,0.312663438594948
"ZNF239",3.74927280999632,0.248327475955405
"ADH1C",3.34503958154472,0.21562976750274
"FMO4",4.96059551782747,0.310662761746666
"MATK",6.99262948170386,0.503215185137759
"GCM1",3.81819380800944,0.269235380327969
"SLMO1",3.68439708670805,0.191938715019691
"LY6D",4.14915514080487,0.243394073479524
"P2RY2",4.80956670999041,0.473852615983886
"PRKY",5.56974545706512,0.86356513423763
"TDGF1",3.57475011125552,0.253725652154206
"HOXA4",4.8853253441069,0.24559773063044
"IL18",4.39291311818176,0.411690037759228
"CTRC",4.57437399688101,0.2587195402694
"FAM155B",4.66857193870434,0.196916023242715
"TEC",4.47067280205284,0.233646526369706
"MYBPH",4.24174542313574,0.20557865839487
"C8A",3.33609068968838,0.200048727584631
"RYR3",2.92579751071025,0.131093262040758
"LECT1",3.45637167797704,0.227188988828087
"SPINK2",4.71643617932372,0.320724722797337
"PLA2G1B",3.18102138455511,0.169897492238383
"GUCY2C",3.24192810782225,0.17411789194974
"CRLF1",4.87697463527981,0.296914585679469
"KNTC1",4.70105821768851,0.316523705433604
"SYN3",3.37743440618706,0.183611977235375
"OPHN1",9.36815846558783,0.515094748786335
"GRP",3.22867069633102,0.157805063683075
"EXTL1",4.39583567898041,0.265983580339598
"MSI1",4.17423063252847,0.249614243378886
"LIPF",3.41329984751706,0.188397981229012
"CXCL6",2.98625018464998,0.306014334298429
"CCR7",8.24410208845274,1.19502998115812
"CARTPT",4.20291964601261,0.156552886573868
"APCS",4.13617278166767,0.185839641311155
"PRM1",4.65567187613711,0.212182883814203
"MAP3K10",5.84345985248545,0.258672756639894
"REN",3.80902353845867,0.217731672706388
"FOLR3",7.23481845685846,1.23241444789253
"MYF6",3.93441944003903,0.226894937140893
"HSPB3",3.94604487405888,0.240216933094485
"FOXF2",3.39422925669053,0.197192355998914
"SCGB2A2",2.73931331844152,0.136978447842777
"CFP",9.88443224026415,0.542520747894241
"CACNG3",4.04790386993269,0.244308523482364
"SERPINA7",3.56942552405808,0.183903395117323
"CDX2",4.67256303928214,0.301178085272901
"PF4",10.6625282124301,0.91373953948447
"TNNI2",5.27427743496803,0.401641477908908
"MYBPC2",3.77602142969435,0.250435711887666
"CD19",6.39347176818724,0.696858192221213
"SMCP",4.19626965652802,0.204571947174912
"LRRTM2",3.14668353098103,0.225005157826245
"NR0B2",5.15475341112949,0.22889462309523
"TCL1B",5.22647669591903,0.250756573887777
"ASAP2",4.18567108630097,0.571454528940052
"ZNF205",5.43817719068405,0.425921916145354
"CNGA1",3.82488497298693,0.191679433144065
"SERPINB7",3.48192489366703,0.158049159078059
"ANGPTL7",3.6461866468947,0.202429241774923
"CYP26A1",3.93857179643652,0.215144855504083
"CDX1",5.42004440606451,0.291994322769818
"S1PR4",8.7684332013941,0.39250353111576
"EPYC",2.54883130124095,0.135044757061566
"PDE1B",5.10262760209759,0.261579060376145
"MT1H",8.02222601769405,0.445582065380607
"BMX",4.55545304451448,0.798298086869201
"LTC4S",5.04442443723185,0.292807725423191
"LAG3",5.11360646499321,0.546659510574965
"FHIT",5.32804841456145,0.699525888180772
"HINFP",5.73106879182514,0.267452968444349
"OCA2",4.6220255839793,0.194082224745736
"INSM1",2.92718201402271,0.143671739669715
"CYP24A1",2.90146947101318,0.140937686330373
"UGT2B4",2.52830278954038,0.127547480332349
"CD70",5.36703358536839,0.299070315066463
"PIP",3.75245208105161,0.181027476926642
"AIM2",6.95384215848552,0.766476890535035
"AMH",4.47573764940807,0.298136454222135
"CDH16",4.44416774103885,0.282232270653098
"RGS9",4.36920765681871,0.375987001795246
"MGAM",7.93893334165533,0.951323831070663
"T",4.93023878400155,0.225891229992447
"GABRR1",2.82174043899947,0.149391432587234
"RIBC2",3.66188819640509,0.224608216434803
"SLC26A4",2.80363658719257,0.137849825304119
"SLC2A2",2.85455769642354,0.15331132816334
"CYP4F12",5.70754700124701,0.377533515778784
"KLKB1",5.26360447560587,0.27400234261634
"PPEF1",3.29958418063809,0.197541325405997
"INSL4",3.62892359934395,0.169696938352357
"NUP155",5.18033128086103,0.386562771252528
"TAC1",2.66360141225207,0.146371318367369
"CLUL1",3.11201693935431,0.175098722040636
"MIA",5.40904846183116,0.264891218101935
"AKR1B10",3.31499290309887,0.193771509994123
"TNP1",4.68270715583736,0.249046525883072
"IL24",4.53623431872156,0.455579143186619
"VIP",2.91508555583159,0.141105702471469
"NKX2-5",4.82833357277564,0.312831504843673
"LY96",8.31881601865168,0.866894029730786
"MKRN3",3.82001134186378,0.18021117328325
"CNR2",5.11172434541312,0.289063101286161
"CCT6B",4.21292809061308,0.334491660785471
"DAZL",2.7248658281072,0.120441043794336
"GFI1",5.00670913677514,0.472676823631702
"MED22",6.14918348529837,0.306988031288053
"CST6",3.98556388944533,0.26704678283159
"INS",3.41848194493839,0.236025327333621
"SLC2A4",3.54295154283266,0.241098227300561
"ENDOU",3.38980291643847,0.171493434922778
"LIPC",3.84521392442791,0.324536719298167
"RPGRIP1",4.92299056992036,0.45223848801605
"MAGEC1",3.27022310428203,0.149323070594445
"CACNG1",4.86393849563377,0.226243881590316
"TAF1A",4.02217709345948,0.433169029124209
"GDF5",5.27901942502971,0.269088386262987
"RENBP",5.89874124219237,0.409459827135203
"IL18R1",6.1897655527834,0.999844168121139
"DKK4",3.82788540251475,0.235473561191549
"EIF4H",8.93369704701398,0.436154266756115
"TRH",4.3319216053998,0.211265032216632
"PDE6A",3.74392616288159,0.242378129962224
"PRPH2",4.46545569665203,0.245386414381041
"ADAMTSL2",4.1981156573794,0.255420083553802
"PTGER2",7.33092948063735,0.660642799656155
"APOBEC3B",4.83606431612755,1.98807982360848
"P2RY14",6.4840347926066,1.13200015728154
"HTR2B",3.03128937682714,0.133831991029778
"TNFRSF17",4.08299466217318,0.86633795302318
"DSG1",2.86818587994089,0.130028617342424
"GLI1",5.46268629962963,0.273765034488731
"HBZ",5.19146084742868,0.873784584057612
"CPB2",2.99822586583883,0.185872269882138
"MYOD1",5.74821999719815,0.273974756003932
"IGLL1",4.14066898757727,0.234507718247963
"SI",2.49357856638812,0.132165741701413
"GZMK",8.44135080511841,0.950562006734641
"SAG",4.7611084118243,0.24076651066716
"FLT3",5.38058219301759,0.622060543409478
"CEACAM8",6.38575657231597,1.79855448764396
"KRT31",3.61456367937452,0.216057976609682
"CD5L",3.81861490050434,0.148281006916229
"CLEC10A",6.42758629029163,0.632208728622546
"ZNF165",2.83005837404798,0.212064334406731
"HCG4",2.9017186326346,0.137511671869442
"PTPN6",9.91552191986078,0.446582414808662
"CPSF4",7.49227800485947,0.22571120877697
"ASIC2",3.81209644089214,0.23428619212466
"IL7",3.14821595212242,0.39666279402968
"GPR143",3.72471284383254,0.230444050531565
"XK",6.3160285610391,1.30782989081825
"KDM5D",6.27101513497869,1.86325199271937
"CHRNB1",4.60527182803218,0.287807889934411
"TULP1",3.99073115033457,0.264830144198347
"GPT",5.95591842326647,0.271018279850346
"TMEM257",3.15263082916381,0.175718359743935
"UMOD",4.0418180845015,0.306894124730615
"LMO1",4.26591518215267,0.213033529512148
"SYNGR4",4.22974167528773,0.248203726208428
"HPGDS",3.67818900334023,0.262734382563819
"C9",2.95675754565194,0.135326038092211
"TNFRSF8",5.86252263185561,0.390231136765532
"TULP2",3.63133958906528,0.221213841540493
"WNT11",4.53786917285267,0.283268231317781
"HOXC5",4.90870154754604,0.240687645790717
"SSUH2",3.83068191437458,0.219077239081099
"FIGF",3.37338829541182,0.205798648089891
"ASGR1",6.31507208947984,0.537614801875835
"HOXC11",4.99147877861875,0.226333971034888
"BFSP1",3.91606185913563,0.308671812582606
"DFFB",5.46841175945234,0.502832746477931
"RDH16",4.57658238211805,0.244732917178508
"CHST7",6.19851172106073,0.485928830393733
"EDN2",4.85058793317605,0.27825999270246
"KCNA5",3.90598902745329,0.211066426541098
"FKBP6",4.64530786505743,0.264771549732439
"KCNJ2",8.36713626135037,0.779119305714968
"ITGA10",4.75544808699282,0.208097482983816
"RPL3L",4.66662132564914,0.653380363955118
"TMSB4Y",5.90102055176511,0.216421916044947
"UPK3A",4.99948660006943,0.35197557079763
"PTH2R",3.19134108648982,0.248787804222443
"LY6H",3.47123167776068,0.204693494768979
"FRMPD1",3.83469363070848,0.245124038188819
"CUBN",4.1945946082143,0.261817162280245
"AQP8",4.05403076598786,0.206372697069628
"KLRC1",6.08634275237496,0.960284337399632
"HTN3",2.80836623988975,0.191927033332072
"BRDT",2.96124528619219,0.177840859991955
"PNMT",5.52172883559703,0.283626655603471
"SCGB1D2",3.51880139579857,0.163122689205313
"NPPB",4.14897428331432,0.272306567185468
"PDYN",3.76423796372475,0.199627761925637
"CD3G",7.26108693805486,0.847616410441788
"ADCY8",3.67224551229376,0.300459094817646
"CTF1",4.95687127949934,0.28942284887524
"NGF",5.42699255328325,0.280414748913308
"TXK",6.77533881154259,0.97428694681227
"ACYP2",5.66955338525504,0.448801330717195
"HBD",9.49870862981768,1.63589679606899
"STATH",2.67324273522613,0.173220234055097
"SLC6A3",5.15940311936134,0.219611845721256
"ALX1",3.75089155231871,0.17536672262
"TBX19",5.05549116043262,0.223937621438121
"C22orf31",4.23553529789548,0.280205460549518
"PDE6H",3.21951871540013,0.230407641565032
"KCND1",4.70054976320498,0.293750944926493
"FBP2",4.27923781761282,0.196679791044803
"RASL10A",4.34409068289356,0.252267964547741
"RNASE3",6.19473599266673,1.04993113896966
"HYAL2",6.43696225889797,0.262912928604317
"LILRB5",4.12636810593215,0.274270053545006
"HOXC6",3.66104973064517,0.263503337491027
"GCKR",4.25554180524424,0.215914763206858
"STARD8",5.65826888498928,0.319083088781869
"CHAD",4.11545200981312,0.203709908087761
"ELANE",5.76179917624007,1.2197177001111
"DAO",4.37544930004352,0.220347327960423
"LILRA3",7.66077311424799,0.922124589185918
"GP9",6.51330907294606,0.418218483144291
"ACTN3",4.10068867553801,0.227264619998475
"AMHR2",5.09464854976436,0.287883123601193
"APOA4",5.78015167190976,0.295951162128369
"PAGE1",3.4873465621501,0.243673394927235
"C19orf57",5.54258467911676,0.233029536924061
"ICAM5",4.3149533139603,0.235675431090327
"TNFSF9",3.6085048785591,0.255509923564536
"CFHR2",3.36982201379227,0.180361758584247
"BAAT",4.38401844279444,0.261019846230392
"CRTAM",5.80521729622268,0.715371894764029
"NKX2-2",3.12385283557623,0.177446892063039
"PCDH8",2.58112078467103,0.114364000191191
"SPTA1",3.80168450021344,0.383157214052951
"SEMA3E",2.66925360606335,0.144074780259004
"PMCH",3.57643877860557,0.21271674425336
"LCT",4.08783049273515,0.221539581588858
"RUSC1",6.3950063962089,0.325019900669176
"WT1-AS",4.47772123868056,0.245080826243041
"AQP7",5.35592681909908,0.248560930089305
"BGLAP",5.1416296438274,0.334909223350108
"LPAR4",3.02718544389481,0.1462976394733
"LTA",5.3657778926525,0.338382282311883
"PTH",2.77243292404367,0.12422449501082
"C8B",3.83989342279926,0.216069731882062
"SCN4A",4.00107517530467,0.204963392624866
"CRYBA1",2.91563731937912,0.161914210601873
"CCR6",5.77294537245536,0.671122258540291
"HSD17B3",4.47103250899313,0.228723588295925
"CCL25",3.73533848213794,0.236831473476512
"CCR5",7.11649777271481,0.621203855313492
"IL12RB2",4.06034084576348,0.399589211693006
"GUCA2A",4.94082315887924,0.300205081964505
"CCDC106",4.17822855446379,0.226214802202089
"CXCR2",9.3629751387875,0.690931303134679
"PHOX2B",3.7695092679155,0.190101973086347
"AKAP4",3.77709988786173,0.194885331935965
"HSF2BP",3.94350397217124,0.230650536880572
"ZPBP",3.38588356270137,0.196633517177981
"LDHC",3.88995182899333,0.253843075927892
"CHRND",4.55289652292516,0.278249319858046
"HGFAC",4.00556112703746,0.255408392730925
"NKX3-2",3.64467962936506,0.15748724900706
"GIF",3.05383526884915,0.187337565281734
"SLC30A3",6.40273844546484,0.292340643118459
"SLC6A9",3.71091049197639,0.281743784111226
"CLCNKA",4.417309651066,0.173234929764633
"HAVCR1",3.16054352308785,0.202321583978795
"EN2",3.2826159039362,0.137888530637603
"IAPP",3.39171394563235,0.160271483324417
"AOC2",4.90939209220158,0.466317269382638
"KRT75",4.03898580071024,0.258692706852174
"HDC",5.92252430306694,0.776098839644423
"ZFP37",3.71903071779231,0.203825059511923
"IL18RAP",9.20044550871312,1.0165226618887
"SLC18A1",3.39283261448657,0.19364478715878
"ASS1",4.96434821781545,0.308549987016624
"CELA2B",4.17007919471627,0.306487997129018
"LEP",3.64978761375232,0.268352435784245
"CXCR1",8.74277296501861,0.552972990399145
"SLC10A2",3.14286499836891,0.216874856478678
"SLC17A2",3.32410569130157,0.19087884540838
"AKR1D1",2.64550316749368,0.121203797055594
"KCND2",2.66506824102944,0.135881986440083
"RPE65",2.66968327781415,0.144433524204259
"EMR1",7.56001636500454,0.721934097982058
"TNF",5.75974112793212,0.567953041212027
"LY6G6C",4.81819954252125,0.268999237418941
"MATN4",4.7149867278824,0.256117534127262
"ARR3",5.39019151346353,0.206926911480875
"ATP4A",4.04565908748157,0.242767075102168
"CITED1",4.48774855126372,0.231004789377324
"KRT32",5.21318081890984,0.195204450936933
"GLMN",4.92935402497315,0.324902648388069
"DIO3",5.46544638226139,0.252925586308124
"GNG5",10.4201297136958,0.460488466147224
"APOBEC1",3.6855965836415,0.217470445628601
"IL12A",3.60369224704251,0.208324345547777
"KIAA0087",2.85636554865108,0.124131857162547
"AKT1",7.81882164150506,0.360282111171827
"GNGT1",2.79549713956543,0.174948270695393
"LETMD1",7.78392617759639,0.411844781128085
"GPC5",2.90906965453575,0.17454678859397
"ADIPOQ",2.8151456611338,0.147801290226472
"TLX1",4.21789627169123,0.248689797658416
"CASP7",6.38202400955444,0.447023368407509
"GABRA6",2.89698415783039,0.134293065448816
"GPR19",3.77744409964607,0.325765990000015
"SLC10A1",3.77358198138478,0.180735596914961
"ISLR",3.88801307774011,0.198751857519047
"DNASE1L2",4.77471442821827,0.265468649955153
"ICAM4",5.39369639242606,0.501717513883753
"CNTN6",3.02961255800148,0.173410791141116
"ZIC3",3.15376452256278,0.192669931834113
"OTC",3.37086543791409,0.183017006059314
"SLC22A1",4.07397238076497,0.363228321101416
"FSCN2",3.82775094390909,0.255078360103332
"CEACAM4",6.76256958740646,0.493893024221431
"ALOX12",6.31403520428804,0.826677730288697
"CETN1",4.31269654996806,0.195906572766904
"GABRA3",3.62094043624458,0.207411005925632
"SLC9A3",3.97059657319736,0.252216985461462
"SPINK4",4.28585460001543,0.281701026640856
"F9",2.9715968155454,0.164343362675338
"ZFP69B",2.92871407002902,0.173960450572914
"F2RL3",3.52659874289267,0.170135582680602
"AANAT",3.62407845442029,0.237629147842835
"HIST1H2BN",3.48499384106487,0.223620576307449
"PRKACG",4.50841892630716,0.220141939240787
"KLRAP1",3.55177748741046,0.396197541136144
"KCNA3",5.25181213767455,0.484291204294605
"LHCGR",2.87639561779192,0.155879849896574
"UGT2B17",2.90662281070883,0.23468238837827
"KCNA4",4.64495989983646,0.223422417196023
"MEP1B",3.08766126060004,0.173712369185452
"INE1",5.40107294764267,0.239948195651489
"MBL2",2.67633059502378,0.136943443830141
"FEV",4.17216669698465,0.202801918610012
"CNGA3",2.87164097161456,0.155426272299922
"APOF",2.88972803192307,0.14270445213553
"DEFA4",7.55606742676833,1.75716591207726
"CD300C",6.94233672312767,0.395613513781196
"ZNF80",2.67435564708759,0.122168218557633
"CDR1",2.73469186746919,0.168605725670335
"MYOG",4.87745711114801,0.272057976112301
"SGCG",3.46577371422499,0.189384127064139
"TRAPPC8",9.06945634939705,0.48533775732821
"TCF15",5.25510650220344,0.447752252882407
"DOC2B",4.74736693954298,0.291917456701236
"CD226",4.59847633502086,0.516805773405546
"CASQ2",3.99000252519727,0.240708458483916
"DSC1",3.55692870772293,0.456707716502648
"MAGEA1",3.47604280572023,0.199084612385996
"ALOX15",3.96994027578506,0.279151415984634
"PZP",3.90587600066581,0.223556562641746
"PRTN3",3.83663402153395,0.531497157115034
"LYZL6",4.69606953307164,0.230620953093068
"AKAP3",3.97131934097386,0.201063775200825
"SH2D2A",6.27665302110931,0.547001709152868
"HMX1",5.81130817666703,0.330762934863309
"CCL16",3.53821331255628,0.240669244372492
"NTSR1",4.90926413581018,0.2634507872931
"TEX28",3.82346169573395,0.245191031900429
"KCNS1",4.96978970673479,0.303753374833081
"ATP12A",4.91520164339424,0.298205297029907
"HTR1D",3.55688630703929,0.189174110153041
"IL15RA",6.05038593393593,0.37816257347838
"VENTX",5.89343840707453,0.333296777622302
"PPP1R2P9",4.0099330613462,0.252353003115761
"TREH",3.61359601509047,0.195119005586674
"ALOX12B",3.75338347870765,0.200729402421465
"RHBDL1",3.84244263665083,0.199639268427134
"PGLYRP1",7.42226760608863,0.928312908531512
"CYP7B1",2.95428670507454,0.162956817123187
"GP1BA",5.96698525584974,0.472445162789352
"HCRTR2",3.71555756061718,0.226565837771632
"ZNF137P",5.41867193708488,0.548023122175296
"BTN1A1",3.46970107891025,0.191916353851805
"ALG3",6.97611236550714,0.246725528276084
"BFSP2",3.7851153928818,0.231730377211589
"NPY5R",3.67740229610605,0.203845500526816
"ZNF132",3.15613815934339,0.188643296076491
"IRS4",4.34302209099216,0.259519481656529
"HTR1E",3.81279558404626,0.243272157667231
"CYP7A1",2.58547455916107,0.126660433423348
"SLC22A14",5.6893429899749,0.265216204336822
"LECT2",3.10696989750746,0.177236684185281
"CELP",4.40734367302864,0.306089678072337
"SCN5A",4.61248689031955,0.287179649560158
"ZNF177",3.81578327569303,0.291843612724186
"COLEC10",3.80794554768188,0.194361685525299
"CA5A",4.1178460496236,0.269534612854779
"MYF5",3.15473388784252,0.224772305392859
"TNFSF4",5.41004777293835,0.588718388748038
"ACR",4.69333238258753,0.192052551534167
"SLC22A2",3.91230116985597,0.259053377558537
"IL10",3.50253584942425,0.208797138878452
"SNUPN",6.62785394066814,0.44034138397654
"SMR3B",3.02078048211304,0.171031594205995
"CSF3",5.12961377408191,0.247324732554276
"NR2E1",3.10825479468337,0.211786863981554
"SLC22A13",3.88883871826469,0.259322846256347
"CCR9",4.06489406245544,0.409280746425269
"POU6F2",3.23684303254911,0.208068208645873
"NKX2-8",4.38716220957017,0.269163485600327
"P2RY1",2.81796012665256,0.14793438557204
"GZMM",6.61750411995425,0.689552585531711
"GLRA2",4.39623582354603,0.321535352855384
"PIR",2.98925481076947,0.162531565135074
"MLN",4.66198470190077,0.277403160470709
"FABP2",4.24666369476764,0.285703826135668
"MEIS2",3.42912507364742,0.208089069730393
"ZNF76",6.5852888484559,0.226017561820402
"CASP5",6.00593160388297,0.728637234484702
"GUCA2B",4.36720317085197,0.242965551423726
"TCP10",3.67031286274825,0.189069468295169
"CA7",5.22390932176858,0.247177517073094
"PRKG2",3.6162192741705,0.191834726726213
"LAIR2",6.37345445764884,0.872764771315242
"BDKRB1",4.11505134701014,0.254154165169749
"ZNF189",6.00845310201463,0.487832965477124
"CHRNB4",3.19313646182416,0.15680383279741
"C6orf10",2.63548811327937,0.118960324454723
"GIPC1",6.06962733014277,0.297074369991628
"DEFA5",3.93104893182349,0.216199434315808
"CRYGC",4.71255776942088,0.230667520697083
"CRYGD",5.09312903612966,0.254177458240334
"CCL1",3.85838923569669,0.188926453662253
"MAGEB1",3.02481441419788,0.171825491377274
"PITX2",2.70591834321919,0.120211668874868
"CHRNA6",4.42959303295361,0.174634554628114
"SHOX",3.62297650276451,0.225812065746606
"OXT",4.61840322465566,0.229892561687362
"MAGEB3",3.01914745484942,0.158309055198163
"PIN1P1",4.75223905566574,0.234246613899484
"ABCD2",2.92211370558896,0.297797662499913
"RPL36AL",10.2018869818162,0.502241313594034
"XRCC2",5.53178609024245,0.371356118859349
"SULT1B1",5.72094297990005,0.584482189608822
"TMPRSS11D",4.32116212801299,0.253925621320925
"ARHGAP12",5.05910868194499,0.598769458778966
"HIST1H2BL",3.50317097278141,0.217669067290908
"WNT8B",4.26650731323952,0.272936957577941
"C16orf3",3.6773509770788,0.211401539289484
"BCS1L",6.29331346075099,0.357376052686172
"HCRTR1",3.30027091141708,0.171639808741683
"PEMT",6.17145007048364,0.294084849716063
"RPGR",5.12483316655593,0.52484835939519
"PDCD1",5.36354748036706,0.298063908438916
"KCNH1",3.42342687620742,0.217145698201171
"SERPINI2",3.37874375629343,0.243012227773857
"FZD9",4.35206032948076,0.311275445417062
"NTN3",4.38554599926277,0.257839574446532
"TNFRSF13B",5.48331052739402,0.326625099685539
"HCRT",4.26946906878567,0.21553643565228
"TNFRSF1A",9.56857336497063,0.473302208812676
"KRT37",3.33155495636638,0.179962468358452
"GPR171",7.85307705392739,0.890055433117023
"FOXD2",3.62893486377621,0.179310836788502
"BLNK",6.16752968739673,1.07883119588907
"ADAM2",2.81510679963956,0.196363933281428
"KRT83",5.05283204298954,0.257531887758423
"KRT85",4.7026374485122,0.223293445456808
"NPHS1",3.66205734778135,0.22172116476458
"SOX30",2.73554686232521,0.153212909452957
"CRYBB3",5.075905486708,0.291882655057304
"INHBC",4.21134277016982,0.238455971089361
"ALX3",4.6748694578975,0.266960989318555
"POU3F4",3.5095216847119,0.218107286166092
"C22orf24",4.52077985630774,0.266318595563712
"NINL",4.41883802654198,0.342097032606087
"USH2A",2.77168552548972,0.147261068818269
"SEC13",8.76474199677407,0.304920112464132
"LCE2B",3.4835569166169,0.176196413383992
"SERPINH1",4.70510528570768,0.238665633544404
"LOR",4.24505033687718,0.213114535894163
"BTBD2",6.08086285523524,0.318615916532206
"KLRC3",5.33011962027965,0.868006949707733
"POU4F2",2.91339556844599,0.154588239298469
"MUTYH",6.43216816571946,0.270579495932104
"S100A5",4.39466945152907,0.286303360798527
"SLC5A2",5.17865560859432,0.287876354158964
"REG1P",3.87145250526826,0.240680552781212
"KRT33B",4.2694226029769,0.2552394594545
"OPRD1",4.40287699253475,0.260079406497542
"CRISP3",4.7650013717494,1.35616253998673
"CSN3",3.15860251634488,0.155762936368207
"PROS1",4.8606889094327,0.588208840849301
"ATP6AP1",9.06267426204115,0.38105507199966
"F13B",2.86100536658653,0.142108933475512
"KRT12",2.99482227500674,0.155896029463626
"FDXR",4.56806856903757,0.308245251304868
"PF4V1",6.12097701132504,1.35117465775392
"LALBA",4.04200863489047,0.169799064510575
"IFNW1",3.66794275856492,0.206153329850258
"ADH1A",2.95559461567519,0.212983579982786
"ID3",5.68044629975707,0.583603100850484
"PPP1R8",7.78940757847062,0.498313690112516
"CD160",6.07522939953557,0.937203936448224
"CASC3",8.56924456971615,0.406710429174448
"IL13",4.7661143983052,0.276682053090814
"POU1F1",2.65424608274406,0.274108903408435
"AVP",4.66677363124142,0.263483275458461
"IL2",2.79090774355315,0.141261449063243
"CXCL3",3.56220582399052,0.317004393549915
"SNCB",4.9350025789575,0.196389125324949
"CCL22",5.33293621308866,0.235013248182862
"UPK2",3.66240066935175,0.18858669139241
"CHRNA2",5.60776795416676,0.265755709856066
"CFHR4",3.04618961775433,0.197245995797494
"FLNC",5.28572497473107,0.254032935488999
"NVL",5.696132533376,0.340689873082548
"KRT76",4.06905198249163,0.244925888073043
"GUCY2D",4.2711229103384,0.242591940808337
"S100G",3.54237959467988,0.21442238389166
"CD40LG",6.11583677183393,0.28954001366518
"SRY",3.50392529450142,0.184840378066916
"GIP",3.88334269077683,0.213886708674429
"CCL17",4.73075340550693,0.219099969553333
"IL12B",2.69606548427177,0.116701939196637
"IL3",3.37668635766746,0.180583305298939
"KRT2",3.92728913878823,0.228473678312025
"TGM5",4.88004833971672,0.242147425197905
"MYCLP1",3.85748626204255,0.227424289887447
"CST5",3.91280819514027,0.195884917053224
"GRPR",5.23138016867632,0.198705289416957
"LCN1",4.38872800751707,0.298771092636819
"IFNA8",2.88579653367942,0.13802921227123
"ZP2",3.91355662545153,0.206147393337488
"RFPL1",2.84271381871487,0.139041060927916
"CSN2",3.28005439998015,0.163345562452186
"IL5",2.94385443673328,0.173777050004034
"CCL27",3.49253440435846,0.248391459699169
"CAPN11",3.76905073204987,0.201440214876444
"IFNA4",3.4321026793439,0.19195226422444
"NEUROG3",4.14600510075161,0.225094537723697
"GLRA1",3.38599565075735,0.19497546003603
"GML",3.50741121772314,0.224282229155026
"PROL1",3.3990473923856,0.162511023453474
"FOXI1",3.84486359611439,0.197703315084527
"ARHGEF16",5.57335001975636,0.271137599197273
"HCK",10.6632282115668,0.635255264627476
"ZNF157",2.71805943155555,0.0997605639858265
"DGCR6",7.18572684335849,0.33130613064288
"PROZ",4.58972266608283,0.277096216826374
"OPN1SW",3.5255498018527,0.22285129533449
"MADCAM1",5.18372736767824,0.309535642997778
"MYBPC3",6.18728913551144,0.245827015111789
"GRK1",4.7385476516531,0.287209912237359
"GUCY2F",3.29619858118045,0.168899877531435
"CBFA2T3",6.70352535402268,0.459360738489522
"CCR8",3.93221145778037,0.257634805961757
"GTF2B",7.99833588351748,0.496570224442823
"DGKD",8.14943795259115,0.301307005693078
"CCL7",3.65338428477872,0.200486680155009
"AIRE",4.61395468155119,0.295262088228639
"VOPP1",9.15986600957199,0.346098940846426
"CCDC130",7.02106829715275,0.272830738431515
"COL21A1",2.91117581686796,0.16611219164916
"SEMA6C",5.72139011054828,0.286895546400113
"PSD",4.93898475443977,0.308802486264816
"LINC00597",4.26004393918281,0.454923998112578
"GAST",5.10042427135989,0.314343948909004
"CPVL",9.18238587918917,0.694922698045516
"FAT2",4.20745753769351,0.221706726568946
"IFNB1",3.39128122178199,0.196329314857417
"TACR3",3.28173118616442,0.193201123514161
"KRT9",4.58561102892759,0.255402653296199
"LSR",4.79607228148229,0.401401443358584
"CAV3",4.77748561785541,0.223126991865921
"PCDHA9",3.61576660234486,0.185110232698851
"C4BPB",3.98961896546597,0.20906781925846
"MAS1",3.57791201552594,0.21202627654342
"DRD4",4.3471509795804,0.286279021282952
"GABRR2",4.89174512895356,0.207805398019158
"AMELY",4.03213920155368,0.215574819056046
"BMP3",3.91901145048488,0.184372296693856
"RAB9BP1",2.69628669513842,0.179638303888845
"ERC2-IT1",3.36075824188083,0.217824335457035
"DMBT1",5.71376910589532,0.279447158498471
"AVPR1B",6.06630453931977,0.290305911198323
"IFNA10",3.27790100002337,0.168102593942054
"RNPEP",8.49655444043632,0.431292371122446
"UTF1",4.26608154743586,0.2993375201927
"PITX3",5.13746428002787,0.299728179594247
"OR7A5",4.11989485650632,0.222048764154607
"POU5F1",6.09218039976198,0.23201321663255
"HCG9",4.554193158699,0.225915152148155
"TH",3.27302473769632,0.25501392951011
"BMP10",3.51151243998361,0.229971144438928
"PTPRH",4.50694692933217,0.2804518390453
"HMHB1",3.48378363654362,0.207605679238433
"CCR3",6.58128421346054,1.172161009528
"GPI",8.44259891909436,0.48809757463576
"GPR50",3.83640011461419,0.207166279800251
"RRH",3.61143428165669,0.18120684717253
"ANXA13",3.8312687575592,0.207432266787267
"CYP2A13",4.99234111825526,0.272610377396185
"P2RX3",3.4460454267346,0.212829401818057
"HMGN2P9",5.03712905900363,0.211926147314722
"CSN1S1",3.17249877196222,0.162858759170015
"POLR3D",5.08301928753261,0.256184086859169
"P2RY6",4.26801530516168,0.237525205769462
"CACNA1F",4.53772670339005,0.273636353692824
"LBX1",3.67366178166761,0.249773549604822
"PCK1",2.96340783467905,0.328314952462821
"ESM1",2.96735301360281,0.189097030780133
"TBPL1",7.37567625679108,0.467096329126216
"GRAP2",6.81248568276332,0.513853799727822
"AMELX",3.65466105728985,0.169106008392758
"PPEF2",2.75992370179145,0.148921506983342
"FGF6",5.4734835684016,0.310375215853058
"IRF7",8.52839203992703,0.647990657149891
"CLCN1",4.66464873123165,0.275625113652285
"FGR",10.2990026840272,0.464937985918465
"C3orf27",4.92572112398721,0.240165320131352
"IFNA16",2.99549958430373,0.176023450667078
"FGF8",3.98935657094139,0.274057059160832
"LGALS2",8.0915495621177,1.14718747810125
"SOX21",3.66425159999877,0.256279441203144
"KRT33A",4.13374920222107,0.242533688973558
"HIST1H1A",4.24248883951032,0.305690561015428
"DRD5",4.00688150846877,0.218730266332089
"LMX1B",4.37056004270083,0.305235048986113
"GJA8",4.81286548354192,0.259851123914478
"SLC6A7",5.16391969654946,0.246739029037579
"PCDHB11",4.09026654743214,0.248115398020877
"PPARG",3.6804734943211,0.25687913449686
"HIST1H2BM",3.46337137010083,0.185313878726167
"GNRH2",5.4373990839142,0.32708596127116
"OR10H3",3.6120313872038,0.220731860612909
"OR5I1",3.40688541248557,0.207923269953542
"GPR15",4.03765912458922,0.407969975372626
"HIST1H2BE",6.617893898181,0.55059298897976
"BTF3P11",2.99151590878111,0.193776791888549
"HIST1H1E",3.48291042072426,0.286483304078738
"GPR31",4.42236132365096,0.209647168638635
"MC5R",3.78348013409932,0.19212937277018
"WNT1",3.80123048329013,0.262892834478727
"NTRK1",3.48864185736981,0.254844750361776
"DDB1",7.98852253589197,0.355486447428747
"PCBP1",10.2140971217228,0.472828260383847
"VAT1",6.82593189419156,0.299102367867335
"PARP1",7.227220964527,0.498031594704313
"CLIC1",11.0132326912776,0.349968082856559
"CS",8.92416073037194,0.347927759616851
"HMGN2",11.5433115153301,0.325565066822405
"SERINC1",9.05747205044706,0.621151551477783
"BSG",8.69010311997095,0.83065416662913
"ATP6V1E1",9.1550198598591,0.313593261289188
"PRDX1",8.97465900871027,0.588066680727553
"PDLIM1",8.11885720501228,0.569976725837304
"RPS3",12.5237809449104,0.430076526763726
"GARS",8.22328426943256,0.411162962841997
"RPL39",12.0534123377401,0.602027550526895
"OXA1L",8.79273052994107,0.473798693281464
"USP11",7.78254113240532,0.440183879817636
"ARPC3",10.6456052127896,0.470316506061131
"EIF3I",8.3887914151865,0.392208515732903
"ATIC",7.58655904006125,0.660329801896593
"MRPL3",7.76074237805918,0.809230668928448
"CCNG1",8.18348219135699,0.715225598000233
"PSMB5",7.28036610110347,0.372016383584518
"GOT1",5.34049740139387,0.426932132910117
"RAB8A",9.78207863460064,0.378789544119031
"PSMB6",8.34057254889542,0.365993227396854
"POLE3",7.25709129814596,0.578637279612334
"ESYT1",8.39046447401154,0.58906236011775
"LCP1",11.5672452379792,0.540662541902594
"H1F0",6.51325569499079,0.570456004447559
"EIF3G",9.6331791091148,0.457770848344814
"BSCL2",6.89329757799074,0.313942946544359
"UQCRFS1",9.77722270225077,0.442835459068086
"SLC1A5",6.8713119403803,0.64864561608812
"NXF1",8.96897947840876,0.367667025908462
"CYFIP1",8.21790925153803,0.661157085502198
"RNF11",8.62681173740405,0.90739905526717
"NEU1",7.05846198620253,0.402410397639528
"POR",7.21190467279676,0.465215495831519
"PPP4C",8.95228599911813,0.378766913024413
"ID1",3.88682258063245,0.648845035378685
"PRCC",5.93621498227412,0.318771614110131
"NDUFA9",7.65735692559188,0.449319000534017
"ATP5G1",7.68058387742715,0.302433699933112
"ERI3",5.64130133882027,0.307188314437693
"CRIP2",5.29991895687128,0.363907486007782
"CALCOCO1",7.89727184139095,0.262165481795982
"KRT8",4.94276915263449,0.244347188177758
"MAGED1",7.30239262409828,0.414782806349217
"COPS7A",6.79629132690063,0.386649062964438
"PNRC1",9.73359008791003,0.410587922094665
"MDK",4.79076488638313,0.249762330575696
"PSMB8",9.6096189627303,0.433426149424206
"PAPSS1",8.91117880288699,0.543897681508092
"SF3B4",7.35591398453725,0.329177018307753
"GABARAPL2",10.4562628296708,0.463908268283856
"ISCU",10.420871175537,0.338926548291753
"WDR45B",8.15837726005461,0.346712726590264
"CORO1A",11.3260201200885,0.476422754937698
"GLOD4",7.27094717431965,0.573013648179357
"GBA",6.75186212350173,0.406585053340594
"IFRD2",6.8890406095846,0.411927390201922
"CTGF",2.90959464052943,0.295919964332062
"UFD1L",8.62808639903652,0.263484770735713
"NHP2",8.62829999832692,0.460082332633637
"RGL2",8.23050913074446,0.391496316760283
"CDKN1B",9.28322772323686,0.594937792405021
"TSPAN1",5.12320036386362,0.276003503557202
"UBA3",8.41088157705121,0.619156039164508
"WBP2",8.31324865524481,0.484062348433702
"TUBA1A",11.2356958696097,0.381536684162402
"MYD88",11.0491080931522,0.379054965983311
"MSMO1",6.09765322013524,0.5861828651099
"NT5C2",9.11872143022654,0.367982035356256
"NDRG4",4.1831243080689,0.209199066186882
"AKR1C3",5.78399341410092,0.840789444558471
"AATF",8.1833662750923,0.312596109035281
"MAN2B1",8.61995358467141,0.403450716648709
"ITPA",7.90293805266192,0.410375567030224
"NDUFAF3",7.8458553414608,0.485474753959663
"DHX38",6.33177742481354,0.276091181773872
"FOS",8.29891498926295,0.896975704424373
"PIM1",9.11573803462082,0.446037760610831
"CETN2",7.04837703476197,0.425377583524326
"ADCY6",5.12151364349413,0.179912779603399
"WDR46",6.38479756355925,0.353684762443952
"LOC100996517",6.93917182227316,0.365560310612899
"CBR1",6.5109057284345,0.434645894944875
"MFSD10",6.9571632091722,0.335689258573461
"PPP6R1",7.8388347617569,0.346016465487144
"NUPR1",4.47848966476568,0.38095450310709
"EMG1",7.22797056670795,0.53902546610232
"NFKB1",8.37394023709545,0.440266204052737
"HARS2",7.6181330534593,0.320170390045464
"CRYAB",4.0520715441957,0.277129238261615
"NECAP1",7.20793414668545,0.542340942008058
"CA2",6.75443443118126,1.00415488459458
"POLR2H",6.78660034546622,0.427795123368333
"GPN1",7.35621070585606,0.388007948729089
"PRKRIR",7.42513244518287,0.686132631972061
"ULK1",7.21310757067292,0.410705330836326
"SIAH2",8.44014466200748,0.804154237106804
"UAP1",5.54423193663979,0.6318717562635
"EFHD1",3.89252591076842,0.269801700341382
"GPS2",7.97387937316715,0.337163764868407
"KRT14",3.43354925593874,0.214367912976113
"TNFRSF14",7.88024078372064,0.315223858892616
"PCBP4",6.09452821364426,0.322952622238578
"ECM1",4.95740507527721,0.221513541911033
"EPHX2",5.32224517954574,0.623752542681809
"ANXA3",7.36880946220716,1.28104340959826
"MALL",3.83447208203334,0.217789308799584
"XPC",7.5424577646206,0.296872266287181
"HMGN3",8.77171025451485,0.705994016587469
"DDIT3",6.74053487405323,0.477437415379809
"TSC1",6.88206896140127,0.281345806211958
"DPM2",7.65169484054744,0.690648341180569
"HIST1H1C",7.45267283900425,0.710230590087306
"B4GALT2",5.28560829252598,0.244483798061529
"IFI35",7.95965455940249,0.610459146518865
"MSH2",5.02068595881868,0.672239090509464
"BTAF1",7.46500603731998,0.677252667250558
"CREB3",6.75617451586314,0.287360721322296
"SERPINA5",4.45785856640982,0.277213290714283
"LSM2",6.63860160972089,0.415504744371544
"OSGEP",6.59643960498625,0.286719407584748
"TEAD3",3.75158444455726,0.210707543627907
"DUSP5",5.78332038665034,0.70185305421542
"WDR18",6.25459346986954,0.328294024673166
"APLP1",4.63771694956295,0.238465334138541
"TAF12",6.824631655125,0.448060162398322
"CCBL2",7.49460671242348,0.447541504771397
"EMD",6.62622598609728,0.318509167248994
"STRA13",7.36315120953089,0.278366063134119
"CCDC28A",8.39245093983868,0.416018763637868
"POP7",6.70413459150867,0.317390219091068
"UTP3",7.39584284652054,0.574924116196667
"RARRES2",3.95791705124743,0.30020659034789
"RBM4B",6.48445134812878,0.423196818405446
"CDR2",6.41552085926026,0.66715459059798
"PSMC5",8.85463944434025,0.423116062558922
"RPA3",6.55570313048201,0.503203184706207
"DPAGT1",6.0615851982644,0.475506536353028
"RNF139",7.91786998253999,0.669357452897189
"SMYD5",5.66252509200318,0.231437727237611
"ASH2L",8.15592356814497,0.336606702315136
"AMOT",3.69725614219957,0.196195188204751
"GSTZ1",5.70051933380482,0.280292708206773
"EXTL2",4.90372124346806,0.463244343371005
"ZNF32",6.4760748478152,0.453960912442279
"ARHGEF6",9.28259317169203,0.387497989611642
"CD34",4.64365049997067,0.212012993274383
"APOL1",6.7911357784885,0.452311525934292
"NDN",4.27284919320769,0.294195200272341
"THBS3",6.30394674269049,0.282733272546123
"RNF113A",7.96566610620749,0.342236072070096
"INSIG2",5.72060142611782,0.551728070313788
"RRS1",6.65169581217467,0.388194939030641
"RGL1",5.54791962930645,0.451225123077481
"CIR1",6.66755787381409,0.400898517690377
"IL10RB",8.66298537584906,0.488850573441617
"APOBEC3C",8.20608291505062,0.36964836483299
"MINPP1",4.62728037069724,0.691878759816542
"TOR1B",7.46770354503229,0.501444251233351
"GTF2F2",4.06138833705853,0.239356533366574
"TST",7.81809328958928,0.456334682430421
"CYTIP",9.66343443548142,0.382246597336681
"ACAT2",6.43502114307427,0.338841207568893
"CES1",6.99195803593037,0.812035620853803
"ABCB7",6.47007707339177,0.353095868155219
"PIGH",5.44809651236929,0.337626997321788
"PLD2",6.19988094101836,0.287001141986454
"TGFB1I1",4.45218745918788,0.645013960540383
"ICE1",6.93786039466049,0.613410978215968
"TTR",5.28314755365926,0.292370768561096
"CETN3",4.95478867429032,0.864088765167125
"CHUK",6.79688645814939,0.612475911863696
"CRY1",5.44680187289419,0.722832814055414
"SMAGP",5.57695304295365,0.392362561386735
"KIFC1",5.39537028666658,0.2669896051654
"SLC19A2",4.32957833700315,0.565551452957267
"EYA2",3.51858116457564,0.190107954739157
"PTS",5.43552535610955,0.504290743095656
"FBP1",7.56426668857577,0.561654878208779
"FTO",7.20540069502411,0.488848308269598
"UTP20",5.04006723040796,0.309588181992719
"CA11",5.76455624302971,0.272828820141723
"NTHL1",5.24026401175069,0.294408715329518
"ABCG2",4.1511650466525,0.770347043522294
"MYL2",3.47785221443263,0.178397806085703
"REG1A",4.18940269084368,0.221219458982578
"ECI1",6.29106222663119,0.385736820564961
"KIAA0922",8.14983588452279,0.363627998510547
"CHRDL1",3.6021419115404,0.172293105775379
"CORO2B",3.35146909175103,0.321167215078494
"CD69",6.12773753892875,1.04042035017793
"KRT16",3.98383659919981,0.314577373695292
"DCLRE1A",4.68553307932294,0.299949631812934
"HIST1H2BK",10.0140703743752,0.599099665341756
"IL33",2.56398088273149,0.172747920037047
"VLDLR",3.18338947097693,0.277938732643344
"SLC9A3R2",3.75823438254258,0.193964741708265
"CRADD",5.95297058310693,0.337302149336098
"AP4M1",5.13818540188091,0.254747799731435
"CDH17",3.46560400175887,0.229904029867805
"PMEL",5.32969837842368,0.271104520554077
"FRAT2",9.79884552842419,0.566950943352419
"ADRA2A",3.44499631032029,0.231287491919132
"SEC31B",6.45349913247682,0.393176455862783
"SPC25",2.70683206731468,0.153959333061302
"PUF60",8.39590442721625,0.387775043078125
"TNNC1",3.64685571134839,0.232119871328154
"C3AR1",8.54110029355392,0.705863270624997
"MSC",4.21841253808913,0.335056285610641
"NFE2",9.36012787251144,0.607443087088963
"PARP3",5.51050151296498,0.274907971904846
"MAGEA3",3.27164681804591,0.185171525161653
"VEGFC",3.62457193719506,0.253642784943931
"NCF2",11.1573226705048,0.514289421044763
"VILL",5.54193993915882,0.336819327290111
"CDC37",8.25657897853394,0.394314863756031
"FAP",3.60000106705264,0.21004276086419
"NPPA",5.41796174774284,0.289563738531508
"NFKBIL1",5.53075939304375,0.29857895460274
"CSDC2",5.35063478948204,0.261814498169875
"OLR1",3.52912489678043,0.680785811714893
"ABHD14A",6.52153215766756,0.446955835159122
"SLC25A1",6.33752382985426,0.370445536353553
"CCNO",3.97807532725056,0.221213160432075
"UBE2E3",8.55711785350527,0.504521023516251
"APEX1",9.13317348720532,0.539624641258099
"ORC3",5.64721090030929,0.478090021486835
"IDO1",5.63585035472303,0.718934959654907
"CD247",9.44628570781674,0.918185082268837
"NOS2",4.82355323565584,0.260734422639382
"SLC12A5",2.96991750850289,0.200624912176834
"LYL1",9.25985429396847,0.665050839745757
"TPX2",3.95608555221198,0.396670129921959
"HAUS3",5.80656154204972,0.768428957783638
"RND1",4.87225124736069,0.210056420279989
"PDE6G",5.67716641500395,0.243740425581854
"CCL19",3.75753296004675,0.195932458021437
"CTSV",4.78343425545518,0.229083271468847
"MARCH2",8.66260304782102,0.639260390370081
"ARC",3.8759103638855,0.240232773008971
"CLCA1",3.81290307054133,0.208211506859314
"SND1-IT1",6.4420016993736,0.442272912702157
"RPL39L",4.24821894976314,0.255199988580373
"SPAG1",4.37492017216339,0.628850526047373
"PRM2",4.07274370340881,0.293100765019547
"BANF1",8.5225763451204,0.531365115733611
"TM7SF2",5.38196043475239,0.362816813210508
"EFNA3",5.4600487542278,0.280185539827
"CCL11",3.28997603275726,0.187578971741951
"CST7",10.031768103477,0.872314138946561
"INHA",3.92983406040456,0.259188861722905
"ANXA10",3.0780537159053,0.142490683560312
"PLA2G4A",4.35552565505398,0.666227188608514
"LAMA5",4.62683972317678,0.252175594134329
"MYOC",3.99269302460345,0.188449416473213
"GZMB",9.27079051297164,0.845431988928281
"TLR5",7.524617774258,0.824580454931947
"C6",3.6396686277752,0.217057609162927
"SEC14L5",4.21321165808456,0.360770769199566
"TLR1",8.66763524101236,0.640578603831048
"PLP1",2.84065944722742,0.160512305616324
"CRYAA",4.33325807788869,0.276204561418992
"EIF6",8.0949258038994,0.33929760792644
"GRM4",5.3841319348123,0.258528642122118
"IRX5",3.61830440937023,0.216867534672966
"CAMP",8.20222315164826,1.09361155262908
"WNT7A",4.49630609913086,0.258570161569485
"KCNK2",3.16570530857939,0.185045096605822
"CRISP2",3.29867920742684,0.494073955144283
"KCNF1",5.16327445097531,0.320078207498354
"GPR35",5.57479719707136,0.292355880346527
"CYP2B7P",4.33318695568086,0.23063832329937
"MAGEA8",3.36696063333767,0.175082212146023
"GPR18",7.45830483787516,0.897237524858856
"MPZ",4.7138698398892,0.267675375086666
"KLRG1",7.4284189973731,0.809882295378925
"REM1",5.25678726052065,0.301445360083284
"KLHL25",5.36798954410098,0.22003360907812
"IFT20",7.8664901517707,0.400682973057712
"LILRA4",5.66237175599653,0.449863737782916
"RBP3",4.50008098760633,0.228148411445235
"GZMH",9.12885027092201,1.32884513962781
"TEKT2",3.95137232658256,0.264611116601316
"C8G",3.69994632664491,0.20874157798711
"CD1A",4.71499953582458,0.29941083780745
"GNMT",4.59708315877069,0.349675325007779
"NR5A1",4.23869976152603,0.276799056030284
"TPO",3.66703883539626,0.25436816826184
"IFNG",4.49494151658486,0.70102375545049
"SLCO1B1",3.37540471565535,0.200797338781647
"SSNA1",7.06423128284885,0.247819611153828
"MTX1",8.44938877904957,0.387056843064423
"DEFB1",4.49056809807606,0.2664875934512
"P2RX1",7.87626344663193,0.599605317152607
"MLLT4-AS1",3.10059807927809,0.18415016291096
"MSH5",4.38937623756198,0.29578850278844
"FLRT1",4.49224199493585,0.230518820360842
"CHEK2",4.78138613545754,0.293579611069509
"BARX2",4.60368068174051,0.265853968829146
"ICOS",5.47565780940455,0.528641644193953
"IGHV5-78",3.22723085531705,0.325665395543554
"MAGEA12",3.14908778559369,0.185153539051105
"MAGEA11",3.31703329378825,0.175900444813648
"KLF1",6.59473808564891,1.02129875119616
"ADH7",3.2050291828152,0.191550319275272
"FETUB",3.12511532015477,0.163792928973797
"AKR1C4",3.09346597327731,0.152104242650204
"GCGR",5.03421295602742,0.310795089706236
"GNAT2",3.67171820937607,0.204252507858718
"MFGE8",5.1228324369561,0.254394713257213
"TP53I3",5.99626716532353,0.469396159741189
"HYAL1",4.09815238426491,0.252388156991396
"MOGS",6.21615645690481,0.30361114902075
"CCIN",4.56501465420737,0.243483864634221
"PPY",3.5155873830161,0.21619456661677
"SOAT2",4.68269814210778,0.252908386556285
"LPO",4.4364991564427,0.267959301380654
"NRTN",3.04141995031049,0.174639740757452
"CLDN14",4.18079589893826,0.189973170326388
"KLRC4",3.90846763203471,0.482813164219765
"SPINT2",7.42507607522896,0.405378397399736
"ONECUT1",3.72103495956223,0.217234293428073
"EPB42",8.42997040792035,1.18008788571107
"RGN",3.77354292489932,0.20288201908859
"GRB7",5.20829180840795,0.260691164231767
"NCOA4",11.9233259295738,0.46224831110209
"HTR1B",3.67384992454413,0.242745043939681
"ANXA2P1",4.22651177726423,0.273963154274891
"RAB11FIP5",5.63656436006372,0.311269162019862
"ITIH1",4.13632971322136,0.238786656265955
"FCGR2B",7.04603231105296,0.701748582760784
"PDCD10",8.62924021277498,0.700632730878482
"PFKM",5.71255272498435,0.363605185259391
"HSF4",6.11459680589344,0.322966484197769
"COL19A1",4.2070751900039,0.207252140311533
"CLIP2",5.35055007126517,0.383976746668798
"CPZ",5.02178047446911,0.270355892216119
"MLLT11",6.41956244453517,0.47334359488812
"NF1",2.82327213677629,0.173701699200556
"AURKC",4.58696847765349,0.238513368330782
"HGC6.3",4.57342934846162,0.241269730832846
"SLC5A5",5.7680122658203,0.266987660817462
"GCK",4.1743796455323,0.228120013104702
"GPR45",4.5139896644328,0.195276792914995
"PSTPIP1",8.32053477806505,0.444037508219462
"FSHR",3.25140087697814,0.170577557085296
"PROP1",4.36160545472878,0.228780029711605
"FUT5",5.35273089081962,0.299332653599736
"GALR2",3.82471920066901,0.26421799506482
"HESX1",3.56709429756354,0.186563680045183
"CDK7",6.38562796343727,0.39958056869469
"PTPRU",5.82284245527862,0.264552276742406
"DSTNP2",5.39409772340949,0.248167290918954
"ITK",8.98416570155121,1.05028499276275
"CCRL2",5.38850659077058,0.426884346424607
"TRHR",3.40063052971704,0.211606335054946
"RAB36",4.80605607417224,0.344524009842654
"PDC",2.92160555220186,0.118876661167715
"BMP4",4.78563749224371,0.251731101548482
"HSPA2",3.23470843154541,0.203202552230001
"RAPSN",3.77700753058779,0.231940933529973
"FBL",9.13087311813953,0.640931488877613
"VDAC2",9.23198819230349,0.398189217691322
"MAK16",6.06987948494766,0.516852018720516
"BBC3",6.76937388267722,0.372515244816295
"EVI2B",10.9790010021237,0.434488316273452
"PRG2",4.27087754974444,0.28793516423663
"RLN1",3.58589396366891,0.19633209224492
"PNLIPRP2",2.83980700423622,0.157758101791852
"MMACHC",4.3390747611322,0.188386946460331
"TUBB7P",3.78910157889197,0.293991773571991
"MYO1A",4.33840312853026,0.237766287610014
"MYH9",8.76892346179814,0.408207210456132
"ARL6IP1",9.06799749868745,0.521742705158258
"TMEM123",9.606347892797,0.792218947581432
"TOP2B",8.4636451029931,0.470178959617793
"PTOV1",7.18740421060391,0.423164494319735
"ATP6V0D1",10.5579299350268,0.43147940857637
"MAPK3",8.22418899934074,0.344946172312812
"RNF167",8.06676254671518,0.280991765423154
"TRPC4AP",6.84022477763125,0.284272280447206
"C1R",4.30067622787783,0.333877241520293
"ERAL1",6.12627399626642,0.314442173375937
"PMPCA",6.97569623168481,0.336386713777997
"GRINA",7.37034763028782,0.602753853607
"SUN2",8.76777701022747,0.360873165200539
"PLEKHM2",6.63163681684572,0.294155477922834
"VPS39",7.43049360438998,0.265802799023088
"FKBP9",5.44171782799039,0.48317218000537
"MT2A",9.76524506027372,0.595843792281256
"COG4",7.50783095414481,0.259743976074368
"MRFAP1L1",7.56073890306758,0.70965934793596
"IFITM3",12.280231505257,0.477983798681398
"ALDH1A1",6.34424340470629,0.744680152684607
"TUBA4A",9.86576752742998,0.451556178570908
"PSMD14",7.153076305806,0.64118418234841
"CHMP7",7.67953832094355,0.465432802293405
"SCAP",7.83934270859702,0.317285923183758
"KDM1A",7.10607830316465,0.259594406674201
"AMPD2",8.38158341845213,0.454551070651045
"CMTR1",7.05873747613346,0.461342317396465
"MICU2",7.58208795880365,0.739316898089241
"IMP4",7.49572741437213,0.418210263274104
"RBM38",9.06266133003748,0.84666479438221
"CENPB",5.61961967060532,0.365806331651875
"IP6K1",7.3958481719587,0.291837490232678
"KIAA1279",5.2211899933755,0.61798035800589
"CLUH",6.95246432802224,0.255034242622934
"SPECC1L",6.39185936686891,0.301122677509946
"TENC1",4.40227023754622,0.249039041914925
"CEBPB",11.5648893451497,0.485202008531748
"MOAP1",7.5993213679869,0.600463748176933
"GPD1L",6.83273164277836,0.475587904783399
"CARM1",7.27929751870413,0.755751288897336
"PIP5K1C",6.96056219208653,0.329396456202087
"UBE2E1",8.47893502610919,0.623873051767817
"NEK7",8.46819082272235,0.866258066201807
"LCN2",8.01602775698759,1.36646733453617
"AIM1",9.07478442676891,0.41981964239369
"ZNHIT3",6.73211625781738,0.64384279841065
"SCRIB",6.40467854129643,0.305417454031612
"DENND5A",9.52322978487772,0.446830054766019
"CHD8",7.49491985711212,0.420176663776605
"MGRN1",8.11893554996118,0.393229516027386
"IGJ",6.77464819986297,1.20547263659392
"DTX4",5.80452595152334,0.351914305453257
"CHN1",5.03963454923565,0.364933193509305
"STX10",8.31002700805967,0.36215328914626
"RRAS",6.19378944622981,0.564918942839265
"DHX29",6.63237918006441,0.538520939233183
"RHOBTB1",4.12652119836657,0.602215019140931
"LHFPL2",6.3115532532935,0.504654204591147
"TUBB4A",4.26544817883229,0.215944675375245
"TIPARP",7.71788529140251,0.571971688598023
"METAP1",7.0706756349246,0.479072794832153
"DDHD2",6.08631207073307,0.800368028260451
"CRY2",5.95667270140852,0.252364106161426
"RNF4",8.69293068664361,0.447616913561699
"FAM134C",8.56977869620516,0.373193497179655
"RND3",3.39764091810375,0.259276070403412
"SYNM",5.03631401173043,0.416187842628016
"NME4",7.07085503256263,0.640950304232787
"ANKS1A",6.81688968476948,0.422191229564053
"MTG1",6.05201140715679,0.307610024548128
"OLFM4",4.63887411509306,1.70826275888812
"FAM171A1",5.22294879894183,0.538167331435665
"CIC",7.39936014624824,0.258828615765261
"NCAPD3",5.7632572503921,0.362238172604786
"C1orf216",5.77227240160269,0.365118812689927
"DAAM2",5.33800136474414,0.960132634198064
"ANKMY2",6.81568894430118,0.502094789140611
"SERINC5",8.04088287960567,0.648762657236051
"PAXIP1",6.11611300365263,0.463794289361386
"PPFIBP2",5.80340729796918,0.425803182465472
"AXIN1",6.78565197222538,0.226850665463472
"LRP4",2.97196722948139,0.170078134058384
"PAQR4",5.60252507940566,0.236309452384412
"MFSD5",7.19644685405563,0.40653062713935
"MAPKAPK5",5.53534376152391,0.415446641962174
"C2CD2",5.8502144562489,0.381666279371625
"MPHOSPH10",6.32649658433816,0.483941748549469
"ZNF282",5.7562385177637,0.287941865387483
"SUPV3L1",5.78872117102689,0.398408406687706
"TTI1",6.10644085894191,0.371544960927722
"GRAMD1B",6.10944166130469,0.269760828238161
"THAP11",7.00706345386026,0.313959053694335
"CBX7",8.45253210627246,0.374740599477243
"MISP",6.06612177827971,0.346973234738725
"TSPYL4",6.85622059934343,0.63027698889138
"C2CD5",8.19143814963038,0.669446423534375
"SLC9A8",7.02748233289165,0.454025800943252
"CAMTA2",6.51484799185894,0.332810968600163
"NCAPH",4.37113773941452,0.2518285889027
"DYRK4",6.18048291195619,0.302166047806098
"POLR2I",7.5750293835406,0.423664579789098
"RFNG",6.28923876714382,0.320551712008728
"RPIA",8.45682981041771,0.72172996801578
"HRAS",5.74600609258705,0.326291361339288
"SGMS1",4.77462863626354,0.689673009489066
"MORC3",6.95404653510468,0.633190875436139
"NEDD4",4.38662112066771,0.34266303352555
"MAPK8IP1",4.12160061481955,0.257122927792867
"ABHD3",7.82332163595365,0.691595290456223
"RANBP6",6.42925703273231,0.746767428957466
"WDR73",6.73217353764229,0.347735241343406
"ARHGEF18",9.60748408657787,0.442641663004342
"MAST3",8.12287026848551,0.49202021752288
"CHI3L2",5.98996434874512,0.609681463491587
"RUSC2",5.48699225708545,0.24973876659387
"OLFML2A",4.24223408422838,0.254920331301369
"ITPKC",5.18361036505746,0.431135026816076
"TSR2",6.98349973195046,0.27251556912408
"ZBTB22",6.15323285333867,0.274423272949877
"ATG4A",6.33043192192421,0.323278106577948
"TSPYL5",3.87066591187086,0.382989852118604
"OLFML2B",4.29035113676818,0.286449108632013
"MCAT",5.51833910806227,0.297421449576072
"ARID5A",6.93636104345521,0.466656134245491
"SNAI2",2.87287678377044,0.197302656728817
"SS18L1",6.16742633129176,0.600131673290509
"PSKH1",6.3029797242462,0.217608129614618
"SETD1B",9.0469166447658,0.275950653276372
"GPX7",5.33391382310219,0.541369134324378
"KIAA0556",6.30005227235084,0.351280255518057
"COG7",5.93392354697487,0.408383375230852
"TICAM1",6.02231175071578,0.312099608642848
"ROBO1",2.95475337972462,0.196729087845056
"ZNF629",5.65106381275662,0.240372232950434
"ASTN1",2.70359456654857,0.159332544879049
"SYP",5.08527217001219,0.2740403012838
"TNNT1",5.54263843496077,0.556254838457113
"SETD1A",5.55490324186962,0.24489221187923
"OTUD3",5.25281815158535,0.396113971676291
"ZSCAN26",5.32007311360734,0.429543256315006
"CDR2L",3.99272558114958,0.261249156453907
"ATP10D",6.68070927639236,0.827062987821657
"PIBF1",4.71108864331878,0.539982769785042
"CEP170B",5.76867743605498,0.277652746115705
"TMEM251",6.18051258498797,0.667066077696827
"FBXL7",3.84695705889499,0.183835534381859
"TRANK1",8.05133671124472,0.541448960544884
"SACS",4.84773218210051,0.735935103896752
"TMEM159",5.34523227571282,0.3065379367665
"TENM4",3.94617596439718,0.209471505733172
"DHRS1",7.22670522742332,0.394803918744461
"RAP1GAP2",8.38714214777272,0.41799792502424
"SALL2",4.91886345311516,0.246961331161308
"TRIM22",10.2518232601043,0.701119669098977
"ATG2A",7.99984913833212,0.491984900085549
"PFAS",5.22665967166629,0.457484305866401
"FAM179B",5.08946232293368,0.623919912531784
"PRMT3",4.63434430819266,0.543757644878728
"PVRL3",2.87918252138702,0.17938505485231
"TMEM158",6.14086435486187,1.20532999546658
"FEM1C",5.68129243002711,0.531521724380951
"TEX30",4.8936725238015,0.420948989352079
"MTCL1",3.49565491906842,0.190940090264537
"TDRD7",7.33176562732725,0.462452027550094
"RPS12",12.8793369666615,0.346585713558319
"PLCB3",5.4914617725052,0.297183490540842
"MLC1",5.26359012203963,0.444170802877352
"SDR39U1",7.85113449288488,0.469903593779949
"CLIC2",4.7161334438408,0.75608864476147
"MXRA8",4.88007908310686,0.248198612925126
"KIAA0895",2.70748101069687,0.168696211330684
"RPP40",5.31391444157459,0.38824536518385
"POP1",4.61668442678752,0.278393165227902
"ZNF184",5.00388282280226,0.508482601168008
"SOSTDC1",3.08784989878007,0.170471141283048
"SHC2",5.27806895079965,0.25782725036537
"NPTX2",3.06251281524131,0.163952684695741
"DOCK3",3.41641880012191,0.214466017285976
"LPPR4",2.98761599813422,0.172155974039691
"CLCN2",4.4544712180065,0.262269065299146
"C14orf79",5.82455172875078,0.236107984355625
"G0S2",5.75179089955524,1.07784939235504
"METTL18",5.37823066798876,0.669223912195059
"CD3D",9.53853937122862,0.945454557671216
"HSD17B8",6.69412738907853,0.378943910680049
"GLCE",3.77703277639403,0.419127282254316
"PINLYP",4.57670800844538,0.214298260599512
"RNASE6",9.36575134966432,0.554758512293466
"OSR2",3.19106304901951,0.189181548405715
"ATP6V0E2",7.02969088413056,0.510192587556404
"APLNR",3.97203631483058,0.234577108941501
"OIP5",3.7689576960369,0.256747221520894
"AQP5",5.06957551508433,0.32406042324397
"ZKSCAN4",5.81428845849528,0.416983711822831
"NACAD",4.27356785701273,0.25132058350545
"SH3BP1",6.52414496041294,0.349804546389176
"TRMU",6.14837712407764,0.243761029487465
"DNA2",4.50096189931153,0.290550970458192
"INPP5J",5.35122967790119,0.261980071735577
"PAMR1",4.38410323089246,0.237536297198933
"FCHO1",6.43348294068185,0.348551803938412
"TTC30A",2.67189908646066,0.144362175161591
"PON3",3.64605987871542,0.23619584590211
"DLX5",3.54807405821417,0.185224981137915
"KRT81",4.57049498608559,0.26928110950272
"GLB1L2",5.12477149368078,0.269691041221771
"KANK3",4.4680026961524,0.272769096478981
"SECTM1",9.3037679907846,0.541592721819986
"MYO1F",10.6897522999184,0.43180867641556
"TMEM262",4.86971169213554,0.295350726556175
"IRF2BP1",5.66921265219785,0.222639821774345
"TCHH",3.0481199152172,0.176765477888867
"RPSA",12.177936285582,0.550604067981219
"HOXA5",3.78855143135241,0.367014448191242
"PRPH",5.39756783277774,0.254099336526112
"METTL21B",4.35817166643364,0.317542573472472
"SERPINA4",4.21084021273357,0.265805975447844
"FAM189A2",4.35429329822422,0.210344256351897
"NKG7",10.2020912291154,0.894575663170843
"ZNF20",4.98254108621042,0.322761379507759
"SST",3.47390998702501,0.195839960294553
"ZNF23",4.93036556693682,0.81654022585175
"ERC2",3.16085276849625,0.184891270986562
"TWIST1",2.91212513461941,0.156446509464122
"KRT20",2.96820635503651,0.193045276843296
"RALYL",3.14702818236863,0.175805370853488
"FAM189A1",3.64249069586325,0.215234976294806
"TUBB2B",3.50449320104998,0.173565163313733
"DGCR6L",4.41586554015563,0.232124536905567
"CRYBG3",5.79504750669081,0.477676931721633
"CCL8",2.96329362199791,0.217471982130828
"LIAS",5.35351697596241,0.478508411060407
"DOK2",8.53488873592197,0.44930549733152
"BEAN1",3.14156588809994,0.153445211022426
"MEIS3P1",4.51874249558259,0.313246414839803
"MYBPC1",3.28418958070364,0.169394990085193
"DAGLA",4.77075298459354,0.244116916208236
"NUDT13",4.36644996168486,0.320364907019067
"ZG16",4.06959577193419,0.255531931426846
"PPBP",10.8008372181846,0.851248521114383
"MROH7",3.78027827972654,0.214543450416591
"SFTPD",4.21833534083643,0.337254401703701
"PRSS53",5.65058480359736,0.231034819232233
"MAGEA4",2.8725969485187,0.133214900359606
"ALOX12P2",4.66588363251066,0.226719221500713
"TACR2",4.5413601191186,0.286608041658597
"C1orf105",3.65083131659847,0.295802738515304
"CTRL",5.44136885056168,0.437623004653219
"IRGC",4.02276416573994,0.188650158594846
"CTRB2",4.62616376828896,0.251287818136711
"H2AFB1",4.38836403445691,0.251749604817116
"NOP2",6.82185160515402,0.392934875455644
"GLA",7.91767883957352,0.345980949365005
"ATP1A3",3.63500584616897,0.250283341263167
"SELENBP1",8.63306916720052,1.26674299704746
"FBXL2",3.43921531728748,0.200693021226604
"HLX",7.71664809446275,0.556197557166679
"NAT1",5.50354613378355,0.649564805306973
"CTSW",8.68500823069842,0.791916040129827
"HOXA2",3.3802536680417,0.221099341636419
"GPR65",8.28350804575475,0.71970693523969
"HIST1H2AE",5.01382159492244,0.721472015623143
"KLRB1",8.24498299328225,0.939324839731745
"CGB1",6.27877766783372,0.275284638563226
"TFF2",4.03269294987292,0.279649686351665
"SPP2",4.40001176754223,0.259127018137224
"HIST1H2AM",3.99936555668943,0.384628550569686
"ZBTB25",5.70866188247167,0.461672322687909
"ODF1",4.60690451336381,0.296050233973279
"FSHB",4.26210275383657,0.219799779404002
"ARSF",4.82254842441786,0.215381054135537
"ASIP",3.65307680557717,0.194996509966227
"HIST1H2BJ",3.9672711938002,0.360711054376525
"HIST1H3I",3.082271077981,0.164025348348183
"GPR20",5.24233986122823,0.441593852913274
"KRTAP5-9",4.69442562322745,0.22598686667786
"PDHA2",3.57789623613042,0.21423188440313
"RLN2",3.5426239702116,0.318339899099123
"CEBPE",5.59990960296687,0.47343542986106
"GHRH",3.9563519786623,0.23443990848136
"TSHB",3.83278070041034,0.20950296002714
"HIST1H1B",3.41630462281842,0.245178686898107
"SLURP1",4.37302169049219,0.229096632845699
"HIST1H1D",4.6416785444593,0.360024463260689
"SERPINB10",3.5507951953769,0.553805906184134
"P2RY11",4.65748305877787,0.278045505189676
"HIST1H2AL",3.08044279173984,0.168174528819053
"SSTR5",3.89411857629866,0.285389805905605
"SSTR4",4.21775800202269,0.236892095611144
"PTTG2",3.40859832798184,0.20498526244556
"LILRP2",3.38580488292521,0.229282788089618
"HIST1H4L",3.87817897639306,0.207432188736445
"FGF3",4.3298328452544,0.265520837407006
"AZU1",5.79001666151722,1.21394654111014
"VPS52",8.06189953398292,0.242642926276371
"IVL",3.72550338724887,0.234908104847369
"GPR1",2.85403680713341,0.175042484010157
"EYA1",3.58182598464988,0.173726796244187
"GPR3",3.79522623315715,0.216852908620811
"MNX1",4.44146405555247,0.244098355968027
"GYS2",2.74523504496123,0.232274896363994
"FBXW4P1",6.05383376343557,0.355322218578454
"EPX",4.09316796712299,0.264187149087893
"NHLH1",4.79693251289112,0.263008705645948
"CYP11B2",5.54277558924355,0.357111933210915
"CLDN9",5.62691581349137,0.340887570895022
"CALCB",2.95158153654957,0.146016730106041
"HOXA1",4.02567246401952,0.350460733371743
"DRD1",2.83893899724659,0.149320085341972
"NOP14",6.51422476020159,0.315736055887667
"WDR43",5.67083774276814,0.511089062786369
"CLK1",7.31817399730111,0.833105697219746
"ZNF266",8.13542585312798,0.56098482358537
"MAN2B2",7.21904733799267,0.407114256131634
"PKI55",4.90270579690406,0.289827961939667
"SLC46A3",7.38762664379976,0.403015005547137
"YIPF1",7.60707071922977,0.379838818663413
"IPCEF1",7.80326168241199,0.428455816920235
"CEP131",4.90342430776365,0.282209264922348
"PMS2L2",5.0047644075591,0.484314065135887
"ZNF423",2.92892742032493,0.139899804899512
"ATP6V1G2",4.29181842195632,0.202730650015133
"N4BP3",3.63830469583169,0.163396482796524
"DDN",5.02508757961554,0.259104649854995
"CDK18",4.56541184992978,0.30789591407313
"BRINP2",4.11096127797926,0.19225521858534
"ZNF204P",3.27678894778071,0.30060617331192
"SLC38A6",4.43485138248146,0.465520180944394
"PP14571",3.16198398343221,0.228780111730618
"PIWIL1",2.84995268077595,0.161784111199805
"SYT2",5.45394471501663,0.307881246577233
"ADAMTS3",2.74112543080454,0.130717852706505
"SLC26A10",4.1208450402184,0.286146103460134
"SUSD5",2.66012942488157,0.105963557341849
"ACTL8",5.41459951319002,0.310414659361997
"SPATA2L",6.85815717335454,0.408664467931356
"PPFIA4",3.49192859464435,0.213819648348122
"NECAB2",6.08042249866423,0.382407567227055
"FNBP1L",3.4142115160464,0.452946175214649
"IGLV6-57",4.21446236494133,0.218070184819139
"HIST1H2AC",10.0025169901785,0.643539508734561
"KIAA1024",3.11755328215042,0.168075909325971
"LRRC42",4.90884784615536,0.247231730920236
"LOC100288974",3.90819337368992,0.274017162753728
"MCF2L2",2.41594579519436,0.164613370989251
"DNM1",4.1801443564848,0.234590976823296
"RAG2",2.80358897909619,0.100675945467211
"PIK3C2G",3.11189679430343,0.167424171055595
"EXOSC8",6.67677227702726,0.537136865246998
"HYPM",3.54095038113705,0.219120161359135
"DPY19L2P2",3.23614987057947,0.388857806091399
"PTPN20B",2.67131951946664,0.14974074961194
"FMO6P",3.68280554317245,0.195951280756737
"KRT86",4.62933389595004,0.250285590403797
"PMS2P4",3.13417986441886,0.194618010298229
"DLST",6.65576660807609,0.356373667755009
"ZNF273",3.78566200935959,0.323124956666103
"ANO3",2.94230967712842,0.174010398795691
"EMX1",3.74308362725445,0.224261692077353
"SLC8A2",4.17600497402739,0.235419091237711
"TNN",3.9902536293926,0.201474954549629
"TRPC2",4.09137821965497,0.220819752104994
"ZNF749",2.68799609204262,0.169979565638403
"ZNF674",2.73587090828651,0.118623582074207
"ZNF549",3.11333709204475,0.14271631837744
"LUZP2",3.89621070934254,0.204383510507196
"MYH15",3.25307511129625,0.179837206874067
"PELP1",6.19305860988838,0.27022398450965
"GGCT",7.18794885676714,0.445344405957952
"STOML2",7.24561931859646,0.403405465067342
"LOC100131510",4.39110316601232,0.226024856240291
"GK2",3.24324261146793,0.201097747760913
"BEX4",6.13532283363354,0.647369852758825
"TSPO2",5.22154739635606,0.572419868957182
"SUMO4",7.9432338083737,0.397896717028541
"ZNRF4",4.86718941370591,0.282787359935323
"OR7E24",3.39211347587051,0.183607478395367
"ABCA12",2.73488989373317,0.131219667194241
"PRPS1L1",3.3589927381524,0.198553572236922
"SPINT3",3.4073256590793,0.18442973592408
"DIRAS3",2.85727836189095,0.205522625248431
"ETV2",3.97355230920486,0.272823790494295
"SORCS3",2.9794077775867,0.171695645508284
"KHDRBS2",3.62084165429763,0.224928514742534
"BRMS1",7.57444031266132,0.252019571206713
"ASCC2",8.19906436202726,0.785515726406704
"SHBG",4.72401814469737,0.249277444504691
"SEC16A",7.9861623494794,0.350292679324624
"FLG",2.75454237957087,0.1294912798834
"IGFALS",5.61012201790596,0.364337036769544
"DGCR11",5.29098512447329,0.270907313335769
"DTX2",5.70529567421711,0.3540896180521
"ZNF804A",3.36787880010241,0.214339978734002
"RAB40AL",3.93097594498,0.261774576309776
"SNRNP40",6.71152018280637,0.406635700237459
"CD72",5.73574593222336,0.737008796289775
"SLC5A4",3.57881609603231,0.173367503483202
"UBXN8",4.62641443977101,0.372156030761113
"PRAMEF12",4.23140245190435,0.232961293644808
"POLE",5.67875914397037,0.256433380640206
"SEMG2",2.81156697979375,0.160059065633964
"CYP2C19",3.84094221983406,0.171975167728827
"ANKRD34C",3.13318130469467,0.150460796507736
"SPEF1",4.57085938917156,0.296743154048869
"CPN2",2.80177382454487,0.219191218001862
"MYH7",4.13780238444514,0.185782457767662
"TMEM115",6.00069885620802,0.314860410728194
"ADAM3A",2.89336939454658,0.199564736737716
"XRCC3",4.65108865918976,0.270866439464788
"OVOL3",4.52901332540697,0.232022863807792
"PCDHB17",2.89861270393471,0.162087178064859
"HDAC3",7.50939061072653,0.246375739793001
"YIPF3",7.69466696735792,0.357973012371848
"PPP1R13B",5.29559134886142,0.300488857330379
"TMSB4X",13.0386056724974,0.207364343847522
"GRIP2",5.42842866500914,0.268486485148426
"OR2B6",3.48044527806504,0.176025395361598
"POM121L2",4.2874189518965,0.221246028616024
"CCL2",3.28637177316854,0.307385046089938
"HLA-DPA2",4.21902724593275,0.232982874758546
"ECRP",4.99020288980569,0.461471725451345
"TTTY1",3.95330221587597,0.195941369706479
"KIR3DL3",5.87325324397786,0.545396257524913
"KLK1",5.57523125402547,0.255028293176608
"PRB4",4.7578781256213,0.224586688664998
"MICU1",7.69350936290078,0.400108475539244
"KRT35",3.22596499994147,0.160285485896837
"LMNB2",5.31560346576324,0.216449321176644
"GBX1",4.96681979121185,0.275016219964822
"MUC3A",5.8401973651191,0.287954129205948
"TRAT1",6.1754455310784,1.01032706084298
"BTNL3",6.12027722160745,0.64126390809906
"MAST1",4.56273801519626,0.281202196411067
"ZNF154",3.33846740984863,0.205675506172953
"TTTY2",3.86957077771749,0.211889172127072
"OR2F2",3.00783248298044,0.135868313351504
"HERC2P2",6.94871474166487,0.590023339966816
"PRICKLE3",4.58907592551957,0.266127268337912
"MT4",4.51778846182925,0.227980448308548
"HLA-J",11.0407083674471,0.357309323279366
"HMGB3P30",3.18481763366046,0.225665333760759
"BTF3P13",3.26156529403405,0.197247871014818
"HLA-DMA",9.51227569347567,0.630432170748263
"ABCA6",3.06715007929025,0.165968286343777
"CACNA1S",4.29157104127093,0.286635413286589
"KCNV2",2.99683367120957,0.1482905821379
"RAB40A",3.76879012956569,0.19588502838755
"AES",8.07442541887224,0.521062223758171
"TMSB10",12.552674295125,0.416472053632851
"MIF",9.40130477060247,0.63857591043078
"IARS2",7.5183154338542,0.55273045061098
"C16orf80",7.8340456114004,0.528071224969886
"TSPYL2",6.9034150626988,0.342259531720482
"MEA1",8.10280706697287,0.278713719494654
"SMAP1",8.03918176425892,0.460600191873456
"VPS4B",8.27930146776799,0.554206646349201
"NR1H2",7.18892169932898,0.428591720444515
"FANCL",4.91448910166676,0.581769283115169
"TRIAP1",7.0676776117275,0.473961306668062
"YARS2",5.68404179316369,0.403760998030778
"SMO",5.57044726348315,0.269231380551436
"FCGRT",9.07462444665418,0.462324330436204
"TUT1",5.38375377901746,0.289579953049842
"LAGE3",6.95514983026395,0.367538842024594
"ZNF267",6.17709110758818,0.880865514261521
"FGG",3.2678951646477,0.2375996273636
"FICD",5.73591923099391,0.390495521451835
"MYL7",4.85700867578079,0.232233859864139
"TBR1",2.95096962825808,0.158074401332045
"HAO1",3.10940015563088,0.166517978947808
"C5orf45",5.84375671752288,0.314177355926285
"ATP1A1",8.31681332592411,0.494108615846954
"MOS",3.85617955237549,0.272713819817843
"MYL12B",10.3788376086976,0.32462457090579
"EIF4EBP1",7.03923556566367,0.397120686323646
"E2F5",4.50291011581891,0.50657907994749
"UBL4A",7.3998728334749,0.303023615086868
"ARMC6",6.53550627702824,0.323842975507831
"RAB9A",7.28867406864645,0.522999861228239
"DOLPP1",6.58542277254151,0.247431721442427
"C5orf30",5.25795979898935,0.651395954527655
"C9orf91",5.86829253216656,0.542695173366631
"PAIP2B",4.88069715234082,0.254149180018412
"ZNF143",6.87129471314539,0.361154491892199
"RPUSD2",5.66262217968755,0.308205015939339
"EMX2",3.00333010630664,0.175900981134126
"NXPH4",4.51198525130276,0.222428971578841
"OPLAH",4.62759992237302,0.550859953104371
"AMIGO2",5.97823485280342,0.773496542508194
"KIF17",4.05278712313142,0.217789873911773
"RPL23AP53",4.48785576818098,0.260559534251037
"EIF2A",8.22266177034194,0.622819925824093
"ABCB10",5.93903341919298,0.789727445673581
"ZIC2",3.036770045603,0.174504485673314
"UHRF2",7.95215923392313,0.54144416954319
"SLC25A26",6.38486053697805,0.298384331320447
"WHAMM",6.47887665217612,0.45770019446614
"DDX19B",5.19827391832945,0.283824569121759
"HOXD8",3.68969176437326,0.205237841519106
"JAKMIP1",5.46495750663183,0.619171433136204
"C11orf52",3.84418301744069,0.229507876228656
"PINK1-AS",4.27528728097429,0.306228691119421
"GALR3",5.88484686815248,0.258932815583288
"AAK1",6.69878378035193,0.448700069838947
"AASDHPPT",5.06036308197848,0.646019955700539
"AASS",3.03199590200076,0.209895254338671
"ABAT",6.31073531845225,0.531008110075341
"ABCA1",6.43259556045124,0.796995001110474
"ABCA2",4.87387238375362,0.29894212174489
"ABCA4",3.55871769516374,0.204057721969404
"ABCA5",4.46165910069947,0.585027061746376
"ABCA8",2.9253338639609,0.16240704358233
"ABCB1",4.80562278253786,0.494736961353858
"ABCB11",3.28475745269275,0.185108382678051
"ABCB4",4.08755739700736,0.553705859606992
"ABCB6",4.87154943735404,0.311959295035108
"ABCB8",4.66654217331918,0.282534034058193
"ABCB9",4.99553630595271,0.291259289840457
"ABCC1",5.95293868424889,0.316629235092498
"ABCC10",6.39695768404766,0.357127184723645
"ABCC3",5.60819874153714,0.380054198085574
"ABCC4",4.39925670637215,0.438731051482245
"ABCC5",5.58180661397789,0.439077222572217
"ABCC6",4.35036429334129,0.244319015117107
"ABCC8",4.34028701014532,0.272322421786178
"ABCC9",3.22054840579731,0.176348231974197
"ABCD3",5.20377557212169,0.558602175344378
"ABCD4",6.04708214962994,0.2793839981084
"ABCE1",6.04020894759776,0.676090811253998
"ABCF2",5.86836042941779,0.432481762845617
"ABCG1",5.60799848439426,0.534159126786671
"ABHD2",6.59350798442076,0.494900784629038
"ABHD5",6.5247713159142,0.837350978835243
"ABI1",7.54251097584135,0.438443033536289
"ABI2",5.01197372890757,0.222424476682685
"ABL2",4.45500556215442,0.287009478929477
"ABLIM1",7.30912478021994,0.65446017067386
"ABO",4.7042243394058,0.360710108170233
"ABR",7.07111310655638,0.326105311453255
"ABTB2",4.4850938676371,0.258444549248698
"ACAA1",8.26297993120354,0.360096946697677
"ACAA2",6.31025577502399,0.406473848106205
"ACACA",5.60160357494247,0.286390730065002
"ACACB",5.19938688280552,0.318802865420043
"ACADL",2.99312691730408,0.176652093900533
"ACADSB",4.35541527716662,0.498835627697374
"ACAN",4.85937285189002,0.294897928131686
"ACAP2",8.04770379122867,0.632821505021308
"ACAT1",3.73945836816351,0.404065907669207
"ACBD3",6.30397997183139,0.627775902738836
"ACE",4.47170994672861,0.261612339335383
"ACHE",4.92088953243786,0.290689557584387
"ACKR1",4.71617233761936,0.560975513734287
"ACKR2",4.59180799819665,0.237909555335615
"ACKR3",4.3720998704762,0.609456538481063
"ACLY",7.09003862530459,0.368229191502602
"ACO1",4.33736860200965,0.250009929562596
"ACO2",6.19598226976396,0.394682321521336
"ACOT11",4.03800391876099,0.244197178869605
"ACOT7",5.76005073342054,0.446386859878912
"ACOT8",6.17659949461697,0.330549601090167
"ACOX1",5.77284517536185,0.535519464554454
"ACOX3",5.16359154498305,0.293567530012641
"ACP1",7.11267399287315,0.412867590463757
"ACPP",6.04943945042438,0.502193646493762
"ACRV1",4.09257923401921,0.21391368653422
"ACSBG1",3.66688562045465,0.221556875975919
"ACSL1",9.66377830517311,0.909663017912394
"ACSL3",6.46077854354681,0.705734846347102
"ACSL4",5.61233322407314,0.687865928816893
"ACSL6",4.10880068783991,0.391660677687702
"ACSM1",3.81355773207229,0.199171911279548
"ACSM2A",3.41593829437608,0.246497581283776
"ACSM3",3.97826572095749,0.270189222033712
"ACTA2",3.4782655457352,0.37744650421223
"ACTB",12.5755323020067,0.262440849618172
"ACTG2",4.34101474057706,0.255045756399831
"ACTL6B",3.64087732078412,0.221734485216624
"ACTN1",7.2159187524242,0.464735398298634
"ACTN2",3.48797007742061,0.219800546963062
"ACTR1A",7.56090577802234,0.355334668485407
"ACTR2",8.96845445881566,0.651036009225392
"ACTR3",9.67749923502437,0.491647086211791
"ACVR1B",5.18799117786089,0.25880887708222
"ACVR2A",4.8424456639079,0.436216902179547
"ACVR2B",3.65490963400832,0.234807094798083
"ACVRL1",4.629432628996,0.316677475545536
"ADA",7.11012819093342,0.59007680102039
"ADAM10",6.81204596732164,0.69222310191391
"ADAM11",4.77406862017936,0.33203441657452
"ADAM12",3.6520289730593,0.234636698445733
"ADAM15",6.05431610791132,0.30558299133348
"ADAM17",7.66276539201613,0.43465347741995
"ADAM18",3.16936811779626,0.176752257110343
"ADAM19",5.56509550259648,0.296157417433353
"ADAM20",4.07173030102069,0.173160673005091
"ADAM21",3.27582802037487,0.186717438656514
"ADAM22",3.38918678048113,0.205868377829292
"ADAM23",3.24971745949204,0.325443496742158
"ADAM28",5.81809913424374,0.609717650434591
"ADAM5",3.11515587179174,0.237692536456332
"ADAM7",3.60684334188085,0.168463751434428
"ADAM8",5.80869517728162,0.521923682161814
"ADAM9",5.17984114697491,0.465787547698669
"ADAMTS2",4.90358233192934,0.380760462094833
"ADAMTSL3",4.56219042484326,0.244774690589152
"ADARB1",5.0346858047785,0.254337886820181
"ADCY1",3.68270697880397,0.226030705341978
"ADCY10",3.40151378406818,0.188162324162337
"ADCY2",3.96656082401252,0.248363784111079
"ADCY3",5.77621018402828,0.277474842990858
"ADCY7",7.17864916099744,0.424043650294562
"ADCY9",4.60400261324574,0.240055346382837
"ADCYAP1",3.7225197466809,0.180511558948966
"ADCYAP1R1",3.77843181149604,0.253187027723437
"ADD1",6.55890756105734,0.477210785597475
"ADD2",4.41947801312542,0.297022439549083
"ADD3",9.97342077452252,0.58046417492483
"ADH1B",3.15574803474291,0.223722512719692
"ADH5",6.94493912883223,0.641233762657261
"ADH6",3.32021802923068,0.203460076896515
"ADK",6.93094479563485,0.605234428613893
"ADNP",7.73081597215149,0.596865544463538
"ADNP2",6.55008383138486,0.375703784091389
"ADO",6.13850001075265,0.563758751928117
"ADORA1",5.31043617059323,0.281881270202735
"ADORA3",4.47871254763382,0.690236757698961
"ADPRH",4.93886135496799,0.363510605477732
"ADRA1A",3.25029655932027,0.197901583566187
"ADRA1D",3.5558173702692,0.248431280712899
"ADRB1",3.56298642130473,0.559393164353479
"ADRB3",4.41741408177372,0.205835556854168
"ADRBK1",6.66739979487449,0.243947860528089
"ADRBK2",7.57395463416956,0.574987850704038
"ADSL",7.99842817614264,0.532075703226245
"ADSS",5.00178835128863,0.422119866527886
"ADTRP",4.58333790698162,0.727577961265568
"AFF1",4.58470827812384,0.362651574687413
"AFF2",3.52193938085622,0.200695251386076
"AFF3",3.70462589585458,0.236212909962853
"AFG3L2",6.01714025031422,0.414770903865409
"AGA",6.2191246349806,0.56329298268429
"AGAP1",4.18106244942716,0.269806149433156
"AGAP2",4.52980460021151,0.375763837509834
"AGER",5.39409396059129,0.34490966792339
"AGFG1",6.27645912727232,0.639586186576161
"AGFG2",5.00700613445633,0.298684812062802
"AGGF1",5.41598528617767,0.560189120130184
"AGO2",4.59974697668691,0.338254545149153
"AGPAT1",7.2925732136805,0.361444356077209
"AGPAT2",6.54538035632134,0.333922700242597
"AGPS",5.66701436098967,0.439503738632787
"AGR2",3.80138400719325,0.233101655613729
"AGRN",5.38634920317566,0.357176226682478
"AGTPBP1",7.73470748842994,0.441003969599298
"AGTR1",3.05904211941054,0.154900005363151
"AGTR2",2.80707762699323,0.137407433532434
"AGXT",3.65276165860537,0.204519800165435
"AHCTF1",5.73654577407903,0.539607419781327
"AHCYL1",7.38173504789432,0.371048098886276
"AHCYL2",5.11513225743721,0.290278883329985
"AHDC1",4.51483803156855,0.264791911515625
"AHNAK",7.52553827080691,0.442642306722848
"AHNAK2",3.99449604468882,0.19572576188076
"AHSA2",5.05893478922694,0.436092063855774
"AHSG",4.0605927077145,0.209643370152203
"AIF1",7.83207050080703,0.390119973055293
"AIMP1",5.97606962716073,0.731393489097293
"AIMP2",7.11535926101421,0.366168112163366
"AIP",7.24797399784415,0.462721099088565
"AIPL1",3.88363971808309,0.222543328488481
"AJAP1",3.27162233378739,0.188785200633921
"AK1",6.43361996731192,0.433520244879635
"AK2",5.55444137813577,0.532050488599657
"AK4",3.84747908024751,0.360395406473364
"AK6",6.9659734703432,0.623485817550717
"AKAP1",4.8047416307604,0.338460875513626
"AKAP10",6.59937832352999,0.362441891007926
"AKAP11",6.72512859340907,0.680026771463739
"AKAP12",4.3963013929735,0.709177267914498
"AKAP13",8.10545437908124,0.708930304699755
"AKAP2",4.82841239080421,0.414137229533852
"AKAP5",3.3131074580145,0.221724343310883
"AKAP6",3.48359732903943,0.22588436883003
"AKAP8",6.68680865017456,0.298427054752662
"AKAP8L",5.9913408784007,0.276602842983997
"AKAP9",5.34351329466581,0.682730126028222
"AKR1C1",3.94642959898752,0.327201170128112
"AKR7A2",7.58429543007968,0.447620331121598
"AKR7A3",5.62139041102459,0.251861970233297
"AKT2",5.5983007809748,0.397359080891521
"AKT3",4.77976224402512,0.375949988799256
"ALAD",6.09717359543166,0.430388357351924
"ALAS2",7.07023367927998,1.02038900321171
"ALB",2.86773753643497,0.163658331052966
"ALCAM",6.37022293284115,0.646841611357389
"ALDH1A2",3.74216551201948,0.246985035292926
"ALDH1A3",3.21210662242208,0.223987776150093
"ALDH1B1",4.07787113952927,0.270467435939731
"ALDH1L1",5.07659214890149,0.278346028135806
"ALDH3A2",6.8427166769536,0.566932999894828
"ALDH3B1",6.62043553360845,0.416025532092866
"ALDH3B2",3.26362777919473,0.184378285721532
"ALDH4A1",5.0221280814458,0.255338162997748
"ALDH5A1",4.64145282028467,0.441647539820743
"ALDH6A1",4.7052215219837,0.357687893665748
"ALDH7A1",3.88025068760321,0.253341926455596
"ALDOA",8.54284001215872,0.456240679180855
"ALDOB",3.73493474755835,0.325108908236443
"ALG11",6.31852517757995,0.537438631648086
"ALG13",6.23477397362407,0.597590143542119
"ALK",4.18014625242274,0.205241070724598
"ALKBH1",6.37243059641824,0.37315479030514
"ALMS1",7.18969708101408,0.468078803201211
"ALOX15B",4.06031143033963,0.507195239594685
"ALOX5",6.19234440957736,0.48074791213899
"ALPI",4.32035111999452,0.272369971000369
"ALPK3",3.63430450513313,0.221551619911491
"ALPL",5.2864203432173,0.683575388543212
"ALPPL2",4.92659943969119,0.279915473035248
"AMACR",4.38691406547106,0.348576797706782
"AMBP",4.54324002439619,0.240072660640074
"AMD1",7.89038239091711,0.460496443231405
"AMFR",6.7252613926034,0.650775760722186
"AMMECR1",5.78211276561267,0.525230311531973
"AMPD3",7.06480172939175,0.408118659621617
"ANAPC10",3.04301305078512,0.195542505003385
"ANAPC13",5.83610836971491,0.361455954706661
"ANAPC5",6.49374765348253,0.531393165721489
"ANGEL1",6.12869944215822,0.239004454571129
"ANGEL2",5.63926428502617,0.412245619899388
"ANGPT1",3.46759980460713,0.360212673074718
"ANGPT2",3.13683370669231,0.207114314030137
"ANGPTL2",4.07008319104606,0.233564107497013
"ANK1",4.84113477182263,0.437772303967537
"ANK2",3.13589327650398,0.136966280341478
"ANK3",4.00695710744062,0.434981940204197
"ANKHD1",7.81982961983485,0.358197748582496
"ANKLE2",5.46531497686123,0.275517824447714
"ANKRD12",6.49876735341668,0.662568126948297
"ANKRD17",7.38614628687048,0.52322692458257
"ANKRD26",3.78917473645721,0.248893551053263
"ANKRD28",5.98882614268897,0.654094400620764
"ANKRD36",2.95023428069744,0.230773646759708
"ANKRD40",4.80609240810599,0.282084320436321
"ANKRD46",5.73034348424914,0.654499024622513
"ANKRD6",3.94969498501151,0.356676560888258
"ANP32A",7.73474778995826,0.359863114436135
"ANP32B",10.4637487818828,0.412286669030986
"ANP32E",6.48530793358168,0.845312400924222
"ANPEP",3.84745297569939,0.268366849177802
"ANXA1",8.64358635640244,0.961009206362508
"ANXA11",7.43909783220996,0.422455210643738
"ANXA2",10.5428602438158,0.548997445215358
"ANXA4",7.53722072577138,0.727029478704975
"ANXA6",6.96857310076365,0.487410780106035
"ANXA7",8.06489055731143,0.45004825197927
"ANXA8",4.37781699398414,0.276945554021201
"ANXA9",4.37856389562328,0.284820777542683
"AOX1",4.28176521985761,0.288968820212099
"AP1G1",6.25659060353652,0.459875532585724
"AP1G2",5.07726098467607,0.261371779670775
"AP1S1",5.2635306071731,0.261565558188938
"AP1S2",8.88698328033257,0.654649256926989
"AP2A2",5.53071674287299,0.243019128145707
"AP2B1",7.42413837686357,0.577590579593113
"AP2S1",9.2193453278352,0.357667396867774
"AP3B1",6.96960795331207,0.317932930003535
"AP3B2",3.96273425977648,0.314706904018639
"AP3D1",7.0945788822796,0.440200573395414
"AP3M2",6.02971910211765,0.516217800320798
"AP4E1",4.49144380106636,0.355180671971375
"AP4S1",5.12124851786453,0.244271431116423
"APAF1",5.38119210758284,0.443164742840111
"APBA1",4.59655515199244,0.193274967197283
"APBA2",6.92614128087376,0.520583355518927
"APBA3",6.28610581238717,0.344056692518646
"APBB2",3.52815267043327,0.23649337978998
"APC",5.60744872780498,0.541123119832667
"APC2",4.51495221549793,0.284923048813495
"APEX2",6.06757257165083,0.292237381256219
"API5",5.25555976666978,0.443476147886169
"APLP2",9.12099038357084,0.452128102881111
"APOA1",3.89588777682745,0.277832705505466
"APOB",3.26622349246347,0.194280793388606
"APOBEC3F",6.3905496570856,0.708977451120823
"APOBEC3G",7.06962978885035,0.378989198311866
"APOC1",6.11745656403603,0.272576611204264
"APOC2",5.35689552418448,0.290782569583295
"APOC3",4.3267442243635,0.346736314132785
"APOE",5.01712445459368,0.353350452194166
"APOH",3.81222501697159,0.252087607192533
"APOM",5.32886910630519,0.287027228980384
"APOOL",5.32912310107885,0.475504705600366
"APP",6.72597267479903,0.524266604989178
"APPBP2",5.14318576151596,0.518205726424894
"APRT",7.99859039932954,0.438870783724395
"AQP1",4.88484732574573,0.673898581546705
"AQP2",4.41295504628458,0.240555355252533
"AQP3",6.80398823531702,0.422608278265783
"AQP4",2.79485147857341,0.126250544381809
"AQP6",4.44216686944641,0.246098352289623
"AQR",5.46326264782406,0.483663381092705
"AR",3.90123088815899,0.195293014007574
"ARAF",4.67044484243276,0.193114595601305
"ARAP1",6.71148290211858,0.374280782585121
"ARAP2",5.09717998969466,0.379932365421888
"AREG",3.39156306834345,0.481639026163087
"AREL1",3.9045733124341,0.178201671995266
"ARF1",7.96193112483576,0.3207495637744
"ARF3",8.36419663397826,0.422169657838258
"ARF4",8.04451430953695,0.508254770529925
"ARF6",8.15644049569937,0.458651617680952
"ARFGAP2",6.19959848523909,0.25455409398413
"ARFGEF1",6.85887057384647,0.452219114388572
"ARFGEF2",6.48922576472141,0.534350116778266
"ARFIP1",4.84164840152163,0.636607705295673
"ARFRP1",6.23373785265415,0.491406172585601
"ARG1",5.31022156773178,1.03935326998828
"ARG2",4.5712645555723,0.469000843588439
"ARHGAP1",6.2459016419256,0.439011003878338
"ARHGAP19",5.48939886688486,0.32026137782068
"ARHGAP22",3.16323041108774,0.173778753684065
"ARHGAP25",6.76036706260927,0.390020938739715
"ARHGAP26",6.69300181453186,0.569038765686584
"ARHGAP29",2.98002257588957,0.232989743598009
"ARHGAP32",3.2723337196564,0.226355800592921
"ARHGAP33",4.69003000355438,0.227172919089418
"ARHGAP35",4.2845819335662,0.282873822326274
"ARHGAP44",3.56599890320693,0.207902313174872
"ARHGAP5",2.97000122958878,0.274404879924449
"ARHGAP6",3.74521657806287,0.484364742236727
"ARHGDIA",5.74636429520268,0.441304553863764
"ARHGDIB",11.6286745664325,0.515439318227759
"ARHGEF1",6.81632343679332,0.518419332715445
"ARHGEF10",3.69014774394675,0.31118202188496
"ARHGEF11",5.3635872461646,0.393296992814775
"ARHGEF12",2.9846047605543,0.169484078808998
"ARHGEF15",5.0684590274372,0.242581084491595
"ARHGEF2",7.94865122136398,0.39521668585324
"ARHGEF4",3.87231111809696,0.212298930690141
"ARHGEF5",4.49878096921597,0.203143251431398
"ARHGEF7",5.7711917348001,0.597444353124691
"ARHGEF9",4.59191565472386,0.392042572779445
"ARID1A",7.40921814763844,0.358656707811727
"ARID3A",6.77544935570693,0.464149181421041
"ARID4A",6.05043852515329,0.60894196602975
"ARID4B",5.59550726552422,0.49296004395617
"ARID5B",4.98082085370582,0.565288692315237
"ARIH1",5.95069688251672,0.567099832799303
"ARIH2",6.50282235396116,0.432462425182124
"ARL1",5.20075085553249,0.481860951018155
"ARL3",5.27997137737878,0.309622392826147
"ARL4C",7.60210440057472,0.694220584256811
"ARL4D",3.26405236382761,0.210046085984094
"ARL6IP5",10.0394011857679,0.576124798215035
"ARMC8",5.91282452605933,0.6231581409212
"ARMCX4",3.92733142007197,0.236770492635687
"ARMCX6",5.23578785708607,0.333396326296802
"ARNT",5.2414361465701,0.573945801715526
"ARNTL",6.6657289445152,0.573065265638547
"ARPC2",11.5410218910241,0.282086080569422
"ARPC4",7.52418844971052,0.3556809365591
"ARPC5",7.66659253728344,0.457404038952947
"ARPP19",6.00461284637562,0.54766208130149
"ARSA",5.07530595400543,0.335974696133849
"ARSB",4.06656289066404,0.268600419977726
"ARSD",5.63179818691073,0.348068527327624
"ART1",4.50837620529173,0.241500481489211
"ART4",3.13050932155032,0.17772643864232
"ARTN",4.31338738009843,0.306654086098633
"ARVCF",6.74720425413868,0.330427885436788
"ASAH1",9.50048828438712,0.666969076740328
"ASB1",5.80988585890209,0.338048504710568
"ASB4",3.54221521156423,0.134241611971232
"ASCC3",5.43503872581334,0.583544992807072
"ASCL1",3.29988583132399,0.158647692117283
"ASCL2",3.2095745253649,0.260382074290819
"ASF1A",6.22425822838668,0.891827503222487
"ASIC1",4.44605522884739,0.187208127666702
"ASMT",4.0021460630413,0.186047435563081
"ASMTL",6.92190856575864,0.376353484125276
"ASNS",4.19343035466099,0.25955595012401
"ASPA",3.51650043925059,0.221387872745738
"ASPH",4.86132084597462,0.498044640054246
"ASPHD1",4.84679528690946,0.266185727167333
"ASTN2",3.21488526590261,0.197150993400404
"ASXL1",6.6251795940762,0.46901830903011
"ASXL3",2.83718255755385,0.187565836684066
"ATAD2B",5.36238664035778,0.630954489968142
"ATF1",5.31997326408822,0.703532344987397
"ATF2",5.26739404667308,0.472003565425567
"ATF3",4.02486426309189,0.329847285032346
"ATF5",4.76854897440954,0.311307059163036
"ATF6",7.37976648516961,0.590089787354653
"ATF6B",5.26373189872513,0.220299521530573
"ATF7",5.1620505583372,0.296765099592979
"ATG12",7.77854114233314,0.388615806327428
"ATG13",7.34347010402845,0.288644259086396
"ATG4B",7.46063380960034,0.302717611941043
"ATG5",5.94091543609892,0.59518231100946
"ATM",6.22111567984201,0.56144807156045
"ATMIN",6.4906059712309,0.561079406133761
"ATN1",4.98895108486061,0.328409909072215
"ATP10A",4.77183170892841,0.266652708859599
"ATP10B",3.97019753927753,0.245832717104099
"ATP11A",4.3658106193434,0.358962543519948
"ATP11B",5.11216736230612,0.537890201132907
"ATP13A3",6.45953077175987,0.592280067966768
"ATP1A2",2.96907332105672,0.253897016111218
"ATP1B1",5.64637811448656,0.671152507755866
"ATP1B3",6.647238524268,0.413180769989786
"ATP2A1",4.02287867011655,0.190174373317919
"ATP2A2",6.7761477651014,0.577888078695932
"ATP2A3",6.32925581989095,0.451251775381375
"ATP2B1",7.33808570534544,0.668703749678447
"ATP2B2",3.71298592227881,0.276729715837924
"ATP2B3",3.15054851006024,0.187318824674858
"ATP2B4",6.27062521328636,0.499064072302261
"ATP2C1",6.00407979721376,0.35994341384261
"ATP2C2",4.3972988353458,0.304955171522643
"ATP4B",4.29950920653013,0.222799303804254
"ATP5A1",8.77501239641488,0.502689259197667
"ATP5C1",8.32732965856612,0.667563432583183
"ATP5D",7.05095193143358,0.327187079985547
"ATP5F1",8.13075481652124,0.364161297280891
"ATP5G2",4.75531909965407,0.392818634165548
"ATP5G3",7.70042364885294,0.446102101317644
"ATP5H",6.940274869392,0.39040965668001
"ATP5I",8.30525004474691,0.494421026143241
"ATP5L",9.03993300433866,0.512988321392172
"ATP5O",5.1746275377498,0.363062031277613
"ATP5S",5.23119815754311,0.302880686800158
"ATP6AP2",6.86640168502113,0.658881830328151
"ATP6V0A1",6.99137049865718,0.333971357701555
"ATP6V0A2",5.25311859642283,0.318123709175104
"ATP6V0C",10.4461003530606,0.576565138173259
"ATP6V0E1",9.79501736164301,0.424266808666882
"ATP6V1A",8.40618578039005,0.686357369714079
"ATP6V1B1",4.19302219347163,0.257373911047131
"ATP6V1C1",6.66051616485703,0.760106011076296
"ATP6V1D",6.23596207546951,0.452036205756122
"ATP6V1G1",7.65416084270284,0.412069385893582
"ATP6V1H",5.66247705478769,0.457878911888625
"ATP7A",5.8371962277986,0.525139130818505
"ATP8A1",3.37661197892682,0.260082513617891
"ATP8A2",3.84335982940924,0.260507929811111
"ATP8B1",5.43082071992392,0.425529550498326
"ATP8B3",4.07567876549629,0.224883507538804
"ATP9A",4.64247648963707,0.369279933889014
"ATP9B",4.21192156003467,0.197439801637029
"ATPAF2",4.91490323114147,0.288290005242443
"ATR",3.72709339623633,0.435555935656364
"ATRIP",6.08050549286,0.28081000251837
"ATRN",4.86557757572965,0.387609474934195
"ATRNL1",3.36255262347367,0.190964845174186
"ATRX",7.38407232555987,0.49619632931543
"ATXN1",6.69705688506187,0.596420737106161
"ATXN10",8.7136373409909,0.497698050815504
"ATXN2L",4.62148203841428,0.351136675971722
"ATXN3",5.19616832912482,0.637539636738295
"ATXN7",8.43723586867494,0.458650945103619
"ATXN7L1",5.5002403236394,0.478774948888949
"ATXN7L3B",5.65276825235458,0.469835469544005
"AURKA",4.18414374693429,0.336953305122479
"AURKB",4.45883645101414,0.270192146854559
"AUTS2",5.51362934476829,0.545762578301894
"AVIL",6.449706825013,0.4040177450211
"AVL9",5.19186461066349,0.547318216674235
"AVPR1A",2.99569937695747,0.188076771364604
"AVPR2",4.46390089510927,0.30920739368965
"AXL",4.21540578450539,0.189903628805648
"AZGP1",4.22003264646331,0.241813652321086
"AZIN1",7.78143248950341,0.589303274473791
"B2M",9.68404017758412,0.682656382983612
"B3GALNT1",3.02667670452228,0.186329472651033
"B3GALT2",2.74975304960088,0.21006382268764
"B3GALT4",6.11207989828076,0.278284797587312
"B3GALT5",3.66663748889843,0.202312272696403
"B3GAT2",3.97300087447154,0.346489908272043
"B3GAT3",5.81701865717352,0.277908150153256
"B3GNT1",5.10056824980919,0.267486682718055
"B3GNTL1",6.1137123695864,0.426076902500577
"B4GALNT1",3.87870531104249,0.201879468016034
"B4GALT1",6.52713111637749,0.456823198774577
"B4GALT3",5.0757597483387,0.238421792496955
"B4GALT4",5.50057262613616,0.310544272255428
"B4GALT5",8.3420705989682,0.685174757428855
"B4GALT6",3.36363962337674,0.193996288941913
"B9D1",4.12522943768985,0.2376827187738
"BACH1",7.43937406711207,0.522314004422647
"BAD",5.38315511933259,0.319754395140094
"BAG1",7.07385526718542,0.556404531144864
"BAG2",4.27113095460506,0.35338102695796
"BAG5",6.7379642105709,0.416205917657021
"BAG6",7.86025356755107,0.37450761474685
"BAI3",2.72119769296664,0.126016175675279
"BAIAP2",4.60166901536117,0.298922403626571
"BAIAP3",5.94973398733301,0.276698349772979
"BAP1",6.48971839166954,0.32324590555074
"BARD1",5.03793429950057,0.340752618115716
"BASP1",7.16063494287856,0.473645405539779
"BAX",6.11801435469208,0.543354131222557
"BAZ1A",8.59984891940009,0.557231805397068
"BAZ1B",5.60638464320209,0.35829814358578
"BAZ2A",6.02596071888393,0.301119409301334
"BBS4",5.02463497063919,0.315874925522558
"BBS9",3.65091067122279,0.216414324198814
"BBX",7.45913133242068,0.56234044701542
"BCAM",5.16630573194015,0.364661652048195
"BCAP29",4.88845040011365,0.428963899946315
"BCAT1",5.71643780512222,0.823223828102459
"BCAT2",5.30259156255824,0.296933220697875
"BCKDHB",4.30392189064671,0.237557039959474
"BCL10",7.15884592726002,0.425358700084013
"BCL11A",6.17141307296956,0.727000227745691
"BCL2",5.57899278052228,0.35116712815706
"BCL2L1",7.10808217936083,0.669623675422908
"BCL2L11",6.07214871454128,0.395820558731143
"BCL2L2",5.66727239765471,0.29597242752475
"BCL3",5.80182576219946,0.435762272387817
"BCL6",10.4650902584271,0.635389023707796
"BCL7A",4.78354677897139,0.358618976920161
"BCLAF1",8.39293581479865,0.667600969031087
"BCR",6.70814867087188,0.407911491226273
"BDH1",4.5638973982929,0.359303467429488
"BDNF",3.35475379275223,0.198589709212518
"BECN1",5.78427373858417,0.317871049670662
"BEST1",6.25653692226429,0.418878079996776
"BGN",4.6753703704756,0.35112445098085
"BHLHE40",5.24877611086087,0.50792728604754
"BICC1",2.90158585907504,0.191832335403454
"BICD1",3.80117186830828,0.348614274622235
"BICD2",6.60485867395322,0.403015322882271
"BID",8.29972140503173,0.491732533980351
"BIN1",7.26739613210398,0.496970766471059
"BIRC3",6.46657431917593,0.732322192727774
"BIRC5",4.20863186798403,0.312004645851815
"BLK",5.06793751380964,0.415995994942196
"BLVRA",5.30781719235703,0.502737887707328
"BLZF1",3.18658691607967,0.378391824014639
"BMP1",4.72084690756541,0.235243372381407
"BMP2",3.63637802765995,0.412359772589652
"BMP2K",5.7021460213821,0.544664744817318
"BMP5",2.7341582141504,0.139817158742046
"BMP6",4.76645955349191,0.448495033211257
"BMP7",4.82775806278583,0.218721989591414
"BMP8A",3.7637538195344,0.234957063314832
"BMPR1A",3.56943490022356,0.235178322094046
"BMPR1B",3.16409684627109,0.214930543597037
"BMPR2",5.74197609795893,0.549983765709241
"BNC1",3.15855333613155,0.188148792792135
"BNIP1",5.23096698998625,0.247237174614432
"BNIP2",7.52569580079174,0.62898300966173
"BNIP3",5.41740823616233,0.550470285580955
"BNIP3L",10.6909083761902,0.659267975373594
"BOLA2",5.89001493944637,0.553514203015309
"BOP1",5.50749098536859,0.351891700781648
"BPI",6.62536167667142,1.14003482894526
"BPTF",7.49727998743684,0.47262474548895
"BRAF",5.86389257167775,0.566299921129552
"BRAP",6.07051878558548,0.325460194767675
"BRCA1",4.63280713660253,0.348488518481662
"BRCA2",3.09094136497281,0.20473293683549
"BRD1",4.98720078185733,0.308764481257812
"BRD2",8.49466636113002,0.516077748827386
"BRD3",6.66350320575377,0.320012652036399
"BRD4",8.76463235638486,0.530189338418156
"BRD8",5.1792657040452,0.471401109608284
"BRE",7.02640034895043,0.256764707075222
"BRF1",5.24301402295289,0.248597862739851
"BRINP1",3.09673054515257,0.176723503529613
"BRS3",2.88185085867918,0.175700289151317
"BRSK2",4.14128391216571,0.270184638194815
"BRWD1",5.00077026029567,0.375659487403923
"BTC",2.63800356249951,0.13985755102444
"BTD",4.69258342799064,0.247316612484017
"BTF3",8.11729819806736,0.47885605279264
"BTG1",9.85026975427205,0.37673211458749
"BTG2",8.39872348782054,0.529803048624732
"BTG3",4.9826474605547,0.60496252426958
"BTN2A1",7.09116488686295,0.353591405546861
"BTN3A1",8.83760788994192,0.498373801075304
"BTN3A2",8.91865797186463,0.713906391969448
"BTN3A3",7.12894794674542,0.664003717782953
"BTRC",5.07258087942167,0.21914260006586
"BUB1",3.95396570157128,0.199561590449117
"BUB3",7.71097950768228,0.429424089587978
"BUD31",6.82838576497497,0.285022173323982
"BZW1",7.85209646884303,0.717545255592626
"C10orf10",4.90892717186248,0.27389318085805
"C10orf12",3.98165285392217,0.21259115310317
"C11orf58",5.33691206205837,0.45956547366617
"C11orf80",4.86134235909063,0.314774177997889
"C12orf29",5.41816218654621,0.648110854981581
"C14orf1",5.90591302939714,0.409826483700686
"C14orf132",4.55586645367816,0.283358695218125
"C14orf2",8.60284013817649,0.549480080341826
"C15orf39",6.5152431007165,0.428086204087966
"C16orf45",4.99386318172146,0.290806315157665
"C16orf62",3.7937345310254,0.217383402666536
"C18orf25",5.92909794027886,0.408531736447522
"C18orf32",9.30093784382088,0.554232173854947
"C19orf10",7.34528689230898,0.43479252901994
"C19orf26",4.27116124917194,0.295121887621207
"C1QBP",7.49220871054192,0.632079065938988
"C1QL1",4.29661149991711,0.336037891909772
"C1S",3.72046809779517,0.322423347812132
"C1orf21",4.6680950151251,0.391451062100164
"C1orf61",5.0611529918196,0.242217553744429
"C1orf68",4.50952827404373,0.239346673737368
"C1orf95",4.43539351022129,0.208256324906774
"C2",4.02422864982537,0.292050524221734
"C20orf194",6.3863163646433,0.362481416707615
"C21orf2",5.51345936092479,0.327458029671263
"C21orf33",6.90204824570343,0.482159030942644
"C2CD2L",4.10600805676979,0.281095741698777
"C2CD3",4.95732471774904,0.254630727999622
"C2orf27A",4.65636715478329,0.204811526577346
"C3orf62",6.37983248549972,0.495835289702475
"C4orf46",4.06427335957322,0.365235554713441
"C5orf15",6.4789703601012,0.450502265047172
"C5orf22",3.66964058551394,0.365207701946524
"C6orf106",6.77165726660245,0.296737573893964
"C6orf120",6.37929606170847,0.646941307765456
"C6orf123",3.65886765668435,0.20730197659805
"C6orf62",8.28079405893565,0.66899290776767
"C7",3.28984970521014,0.295270119473494
"C9orf114",5.56262246586589,0.324277019686853
"C9orf16",7.0506875968096,0.388926399456004
"C9orf3",3.96351145245589,0.194656950336331
"CA1",3.99943868848613,0.539089423147434
"CA12",4.19808784993251,0.312753125065942
"CA4",5.81111965653166,0.741114751715519
"CA5B",4.67416011077727,0.306091070839648
"CA5BP1",6.21008252408563,0.479222314073766
"CA6",3.18757985906493,0.160285025831408
"CABIN1",7.43056387224949,0.484540677857254
"CABP1",4.01147151364135,0.23705726562773
"CACNA1A",4.25958302553633,0.263136537411209
"CACNA1B",4.06591941811177,0.220529998834273
"CACNA1C",3.75273041595424,0.179776127556705
"CACNA1D",3.9465293960608,0.292938197361502
"CACNA1E",3.50962347633096,0.255289618740704
"CACNA1G",4.78866529033844,0.294232318854944
"CACNA1H",5.12079311810482,0.244417592932246
"CACNA2D1",2.83303033423036,0.147331558214866
"CACNB1",5.07376738758877,0.259909910498993
"CACNB2",3.22202328639963,0.219111084149839
"CACNB3",4.31572284745874,0.275104769596169
"CACNB4",3.43758231277386,0.237993980130095
"CACTIN",3.76146905685807,0.243536572188376
"CACYBP",7.52733221107115,0.420836876750799
"CAD",4.69239010018149,0.259770651979696
"CADM1",4.06023965787019,0.238802427668672
"CADM3",4.29857920298313,0.231104964139809
"CADM4",4.72837069109172,0.320354573425675
"CADPS",2.93292040699961,0.182707223930121
"CALB1",2.91387592281447,0.2934406820596
"CALCA",3.66573073670138,0.219688906470709
"CALCOCO2",8.29544969886792,0.353101165876565
"CALCR",3.65731171437327,0.217997744481687
"CALCRL",3.91253472128743,0.234363248317576
"CALD1",3.51699873983703,0.449607203484045
"CALM1",8.30234364383824,0.424373187780284
"CALML3",4.08539065366737,0.273494727333523
"CALR",5.40204733487193,0.442917242431533
"CALU",4.99057927855161,0.329418792498292
"CAMK1G",3.77981769207087,0.21555876490211
"CAMK2A",3.89791931289119,0.261234309748585
"CAMK2B",4.12530445882868,0.217444911536968
"CAMK2G",7.05848869075986,0.391868878891642
"CAMK4",4.72891346364793,0.697733758627841
"CAMKK2",6.38216384653516,0.571123580085586
"CAMSAP1",4.45821775948437,0.286818971871476
"CAMSAP2",3.59917365648165,0.241263004793061
"CAMTA1",5.14025720290082,0.393109942725367
"CAND1",5.00950473474026,0.66256359941446
"CAND2",4.14099232845244,0.211339959570273
"CANX",6.66267534082505,0.453016776710045
"CAP1",11.6056271686811,0.350138914535031
"CAP2",2.89747770561064,0.170627697325294
"CAPN1",7.20982891335228,0.397378710993289
"CAPN15",5.54133584184835,0.318254370927281
"CAPN2",8.13057798100084,0.477238413180393
"CAPN3",6.34281393512438,0.356495488214814
"CAPN5",5.00689408479538,0.457153234175218
"CAPN6",3.00439439768092,0.170104419287683
"CAPN7",5.69547185064968,0.636335406606263
"CAPN9",3.44472163530422,0.219942047219698
"CAPRIN1",6.19958291846718,0.469428164190549
"CAPZA1",10.7719224247045,0.497391945741966
"CAPZA2",7.27494705111819,0.745166122405074
"CAPZB",6.61365525243432,0.367165997018441
"CARD10",4.59211749429635,0.283223055477381
"CARD8",6.46726724890023,0.316387205600402
"CARS",7.05210119321021,0.323431930349557
"CASK",4.77068107691993,0.351934271609474
"CASP1",9.6193978861065,0.564847603933996
"CASP10",4.65454031229143,0.311725048766064
"CASP2",4.93310791981254,0.398463684029875
"CASP4",8.03625758551972,0.470669123326073
"CASP6",6.11778455371018,0.45528610043373
"CASP8",7.89989503232363,0.496684668763746
"CASP9",6.54506264342711,0.268755682855661
"CASR",4.09528993890421,0.215130481073269
"CAST",6.74385734175944,0.532021279024426
"CAT",6.12494175959607,0.535332963147028
"CAV1",3.66942990799005,0.329118705684335
"CAV2",3.56904347193214,0.29404962341606
"CBFA2T2",6.18770721808391,0.453267847120439
"CBFB",8.03900735956373,0.563336788641403
"CBL",6.80381630053648,0.650279810903895
"CBLB",6.30377584122996,0.597471115799167
"CBR4",6.68919422148836,0.558900134924555
"CBS",4.49226937255475,0.319979202011167
"CBX2",4.81556057135593,0.239058083779724
"CBX3",7.8038100252273,0.519346017056454
"CBX4",6.38577774921346,0.370972738923169
"CBX5",4.89718620887308,0.450672165425331
"CBX6",8.07626401377053,0.306660170746367
"CBY1",4.45205466759576,0.255964166101559
"CCBL1",3.69847384810665,0.217373943758076
"CCDC144A",2.67705515594417,0.259879542355037
"CCDC181",2.96177697219346,0.163743499027995
"CCDC22",5.9652383116765,0.396102157237127
"CCDC57",4.91209946451693,0.300650646418244
"CCDC6",5.10737925826128,0.385870492322609
"CCDC64",5.17895388256052,0.261324405619575
"CCDC69",8.14167174644755,0.529244478872407
"CCDC85B",5.18118782804886,0.253621125265594
"CCDC88C",6.46835378916782,0.580387433890558
"CCDC93",5.51874472939946,0.383864576906984
"CCHCR1",5.44121377528235,0.211608605542621
"CCKAR",4.5167631090419,0.267620479097699
"CCKBR",3.58845030594274,0.180296202570538
"CCL13",4.27656994799673,0.22031522859968
"CCL18",3.45438965939927,0.161480508852586
"CCL23",3.35790282860068,0.489308792150501
"CCL5",10.6800439206751,0.869609319689612
"CCNA2",3.98079150168704,0.457598239183445
"CCNB1",3.55752099805969,0.359334421114507
"CCNB2",3.9394400745573,0.222302788251871
"CCNC",7.14312304946707,0.741761998699389
"CCND1",3.56784979392113,0.223061626973063
"CCND2",6.92076623318644,0.646498013407368
"CCND3",7.15987642595677,0.855774833228771
"CCNE1",4.46583094638873,0.291950301950438
"CCNE2",3.18740120105365,0.310113128636239
"CCNF",5.9504295079028,0.266272905872664
"CCNG2",5.70520489279863,0.758818372391892
"CCNI",11.0954089057135,0.394646436683449
"CCNT1",6.41019266297582,0.485427700189692
"CCNT2",5.92570208416227,0.503357648120895
"CCP110",5.05245005999623,0.375789926978026
"CCPG1",6.1844913596052,0.643552989577967
"CCR1",8.60652045029187,0.712167275153714
"CCR2",7.0066557076018,1.05542754540652
"CCSER2",5.89924526976822,0.482888946369233
"CCT2",7.21574420213164,0.699193091235801
"CCT4",7.51454828248781,0.500544342224348
"CCT5",8.84061178327206,0.435787401408625
"CCT6A",7.37213198079138,0.527422898278299
"CCT8",6.60923125158447,0.506343270211762
"CCZ1",6.75923099735581,0.524239350518361
"CD101",5.4711292963973,0.436399662664961
"CD163",6.90344216168864,0.698754779032752
"CD164",8.92846460089326,0.646825374639406
"CD1E",4.37930264849362,0.323126415212169
"CD200",4.29741777048763,0.68612440472882
"CD22",5.09700278919959,0.333620317463987
"CD24",6.29808214749015,1.01372075608841
"CD28",4.53190051738949,0.633881367566164
"CD2AP",5.37072674621243,0.360421805242838
"CD2BP2",7.32004996812765,0.289036461283953
"CD300A",5.93404530646824,0.332723689531377
"CD36",8.15067472775656,0.86128761465758
"CD37",4.8694769113876,0.320531231058066
"CD4",5.52779449794828,0.411558863509271
"CD40",6.02996963945804,0.308598134085294
"CD44",6.80064981823059,0.443185608413089
"CD46",8.27618598622743,0.870886388111887
"CD47",7.87670094145969,0.63629974817282
"CD48",10.5249278263665,0.576803312908887
"CD5",6.95292692083286,0.507984281915543
"CD52",10.2465140178719,0.737078895392848
"CD53",8.40014848124847,0.419485790301497
"CD55",9.46226632734542,0.62440748345557
"CD58",5.76312887037614,0.630271957996745
"CD59",6.09472869798975,0.590869082683474
"CD6",7.22421866591188,0.478305140974172
"CD7",7.13011131209903,0.620821076075052
"CD74",9.2866757742555,0.567040970780234
"CD79A",7.1181756929294,0.753866668122117
"CD79B",4.81601035264403,0.278628026744576
"CD80",3.61096752129004,0.191000001061396
"CD84",6.50829201852299,0.535562865100336
"CD86",6.71822709220789,0.504595397564689
"CD8B",4.2524256272864,0.493364942289427
"CD9",6.01970531141047,0.605131672271338
"CD93",9.48852342775622,0.699607355155727
"CD96",5.36220687785582,0.715432635608305
"CD99",9.68509576401335,0.5271338089213
"CDC14A",4.96815516404662,0.558577381997892
"CDC14B",3.46654535389035,0.184995133605769
"CDC16",7.21927911016681,0.50239145966757
"CDC23",4.43384575257782,0.517832240613203
"CDC25A",4.14377295765798,0.31245683924541
"CDC25C",3.54478751379888,0.204754584928545
"CDC27",6.26789142767479,0.411711277019782
"CDC34",8.42299790002839,0.658700913564204
"CDC40",6.27453285756908,0.35959059384296
"CDC42",9.26117801026878,0.599436665173841
"CDC42BPA",3.33635803267209,0.25349498532628
"CDC42EP2",5.82312714211415,0.450805578474253
"CDC42EP3",9.06231476968092,0.532606039896911
"CDC42EP4",5.48792309208285,0.36462103462856
"CDC5L",5.00091269149135,0.505536841032196
"CDC6",3.10180826987988,0.212519338341235
"CDH1",3.52533672279629,0.205083589543447
"CDH11",2.7585266076194,0.154426621852271
"CDH15",5.19084412817417,0.346727350901123
"CDH19",3.12740420835308,0.17003042830866
"CDH2",3.61245765950959,0.231693121927143
"CDH22",5.71432986466226,0.228322542949381
"CDH4",4.1322348387123,0.222800731628177
"CDH6",3.5156336477351,0.217030910619856
"CDH8",3.05492478636791,0.155724504070153
"CDHR1",3.78112030899042,0.214233328595974
"CDK1",3.13208871114163,0.305990575430381
"CDK10",6.16285784085075,0.366524057553313
"CDK11A",7.53937472847174,0.344186323427932
"CDK12",4.58766932294543,0.356213821166625
"CDK13",7.95188314050434,0.452438144985999
"CDK14",4.90761984492799,0.461580875778528
"CDK16",6.11970299538194,0.294109693261258
"CDK17",6.62761978837655,0.622209954034492
"CDK19",6.54055406945459,0.570414785176986
"CDK2",4.75178232151063,0.294220358955007
"CDK3",6.16494389099976,0.276011522669739
"CDK5R1",4.36466477493641,0.334476090431107
"CDK6",6.51603089477819,0.397668970712038
"CDK8",4.71498275190024,0.458290757391336
"CDK9",5.27279409540807,0.288587171501735
"CDKL1",3.25666486664673,0.211062643817704
"CDKL2",3.41073342630903,0.191674573742626
"CDKL5",4.02053068285445,0.222373199250433
"CDKN1C",6.74131732917385,0.997984482812411
"CDKN2A",3.63646238182627,0.19452051277159
"CDKN2B",3.48879740509337,0.287158597564529
"CDKN2C",5.92989370799948,0.327213894775366
"CDKN2D",6.5698409746029,0.436147075995835
"CDKN3",3.61315968340497,0.33229466230041
"CDO1",3.86236069034081,0.23651540974317
"CDON",3.95857422986913,0.202997129605994
"CDRT1",3.41112329606341,0.21042224164828
"CDS1",3.53553948102981,0.285804557323896
"CDS2",5.63795041782908,0.461870178043341
"CDSN",4.12476621678846,0.220603790139458
"CDT1",4.24659834600871,0.28768797688028
"CDV3",7.74260509138692,0.470076524381426
"CDYL",5.80900857833727,0.470106819098818
"CEACAM1",6.19519051810453,0.685449758657862
"CEACAM3",5.8690020143587,0.448654411213001
"CEACAM5",3.72585989733419,0.234582156919111
"CEACAM6",5.53473458277725,1.22749631404807
"CEACAM7",3.66007000923053,0.197844026628429
"CEBPD",5.09241854196295,0.68655021186385
"CEBPG",6.24363051461793,0.4230410994645
"CEL",3.33500136281691,0.242690325386622
"CELA2A",3.94601655680551,0.206462635153183
"CELA3A",4.17620555060764,0.260445941622626
"CELF1",6.27576320624484,0.405678731690947
"CELF2",9.50600764598735,0.66166766778048
"CELF3",5.50786709990037,0.270909294642468
"CELSR1",3.63827031728785,0.20727478930144
"CELSR2",4.25875318462891,0.210442848751215
"CELSR3",4.23218705133875,0.291837375499625
"CEMIP",3.56580787800061,0.181192619749857
"CENPA",3.69915659201328,0.273600046468606
"CENPF",4.29557036889204,0.340099002250049
"CENPI",3.18048446126472,0.158297765367333
"CEP104",4.08565811699769,0.403949603996955
"CEP112",3.68110220349936,0.20205802413305
"CEP135",4.98045974672343,0.496981704277715
"CEP152",5.0592126286664,0.375409155309483
"CEP162",4.39964284248683,0.281125652106575
"CEP164",6.294183275934,0.382806895930559
"CEP170",7.08622105375719,0.679891203454151
"CEP250",5.22158224726113,0.268786031696579
"CEP290",4.10292376125592,0.42451554025717
"CEP350",7.70935073758204,0.502179595496602
"CEP57",5.60544346644651,0.626093318810015
"CEP68",5.40304702433657,0.516729661897385
"CERS1",4.36073275838642,0.275322594022412
"CERS6",6.11767789819895,0.475047570283908
"CES2",6.87521176691322,0.296267490425818
"CFB",3.98355260554216,0.34323981549202
"CFDP1",5.57648461001374,0.581342003936233
"CFH",4.06272448612117,0.574347921017105
"CFHR3",2.74170262351702,0.126542497700001
"CFI",3.06096871462101,0.253959332128387
"CFL1",9.46687594025398,0.514762867311759
"CFLAR",7.9388746351036,0.54422474311305
"CFTR",3.27703020034969,0.202240668842959
"CGA",3.08833531888544,0.172733807795226
"CGGBP1",8.26205265399606,0.571563963115647
"CHAF1A",5.5680325137422,0.305414367384579
"CHD1",7.81056190404968,0.57402193611097
"CHD1L",7.14839165400453,0.344435823968702
"CHD2",6.46217690849408,0.750498578443434
"CHD3",6.59681663659546,0.381448146041369
"CHD4",7.4275508866967,0.500271638367872
"CHD5",4.21061217723176,0.278565533242434
"CHD9",4.13071194584459,0.465104548639354
"CHEK1",4.89424963361367,0.298258619713751
"CHERP",6.56092182662005,0.212014491115876
"CHI3L1",4.29956716651668,0.487467078128433
"CHKA",5.50402354311244,0.254639552543228
"CHL1",2.85238435627302,0.165882833289208
"CHM",5.14640206914,0.511875310800617
"CHML",4.07366411775181,0.553949004526256
"CHMP2B",7.00626221917391,0.59946337065154
"CHN2",5.24295335112616,0.475149753015096
"CHP1",7.66528266854066,0.487658979348665
"CHRD",4.64908109141698,0.244875597992501
"CHRM3",3.31892224922527,0.19407911028083
"CHRNA1",3.28764342648099,0.173059914778255
"CHRNA3",3.83413746063075,0.197857720762375
"CHRNA4",4.47297312370439,0.283869669194561
"CHRNB2",6.7696179450782,0.284883560075951
"CHRNB3",3.11503318403004,0.193722289121247
"CHRNE",5.10872657600829,0.270937450892536
"CHST1",4.27387924401637,0.194072061562955
"CHST15",4.47659093969807,0.374501854491843
"CHST2",6.24779013083518,0.499639410741832
"CHST3",4.49795894735555,0.223212298500945
"CHTOP",7.92052170103096,0.433923837450499
"CHURC1-FNTB",5.28287417845509,0.311779458243769
"CIAO1",6.69715634411686,0.321964931792434
"CIAPIN1",5.69131729849079,0.384000579711948
"CIB2",5.00251490094723,0.227609501242182
"CIITA",4.26091597994311,0.246888080354284
"CIRBP",7.69453191274234,0.358953463200445
"CIT",3.99624924361762,0.261200943909379
"CITED2",6.67528157405891,0.489638439393985
"CIZ1",6.55147552078817,0.319387757578716
"CKAP2",5.11024661003316,0.512170737883903
"CKAP4",7.6859933132512,0.551897322879908
"CKAP5",5.88945365525233,0.396331132752438
"CLASP1",5.63519466095583,0.385569943992907
"CLASP2",6.3242232051356,0.596810172807098
"CLCA2",2.9810958410763,0.159092659186562
"CLCC1",5.36393116991074,0.43106055009537
"CLCN3",6.03587018540846,0.458077615425784
"CLCN4",3.94480628379012,0.258638531998795
"CLCN5",4.17227468520085,0.285751324828779
"CLCN7",6.03840579821295,0.314948058783074
"CLDN10",3.67988249472626,0.323560725872498
"CLDN18",3.53064157330533,0.180652622422557
"CLDN3",3.69118299961821,0.24013742080035
"CLDN4",4.61949927896983,0.217470713174072
"CLDND1",6.60066961050736,0.577293341296669
"CLEC11A",5.1730605911716,0.329738283439014
"CLEC16A",5.041262610496,0.307199157165044
"CLEC2B",7.26738856158283,0.964856089976328
"CLEC4M",3.47724725793548,0.202826188123424
"CLIC4",6.64495131137872,0.55011804989532
"CLIC5",4.52556557080101,0.332717550802973
"CLINT1",6.08552540326517,0.698511859677251
"CLIP1",4.10749866274023,0.406252346667172
"CLIP3",3.76541572746952,0.217872603262949
"CLK3",6.78607547328771,0.30512078324399
"CLMN",5.46770210391728,0.540802766278297
"CLN3",7.69991100048661,0.349509668133451
"CLN5",6.59333187939157,0.466483361174471
"CLNS1A",7.72453275352052,0.641182718287142
"CLOCK",5.91156872756078,0.50539785071158
"CLP1",7.09050469326261,0.380164079851616
"CLPTM1",6.24910867236408,0.350992660302253
"CLPX",5.98995402038314,0.482882460984654
"CLTA",6.81572582997519,0.305373416245796
"CLTB",5.85543205374903,0.303073556783535
"CLTC",8.82316823287846,0.385525300852068
"CLU",5.64311799696574,0.7374792194715
"CLUAP1",5.12782772447947,0.374179874779762
"CMAHP",4.25464909661394,0.428038317724756
"CMC4",3.75295368039442,0.290042912460883
"CMKLR1",5.09604561614521,0.434944276689803
"CNBP",10.1436868193558,0.499049079841706
"CNGB1",4.88387856569911,0.284409788101099
"CNIH1",7.21376984147336,0.601750856853814
"CNIH3",3.29679587506966,0.220132047997489
"CNKSR2",3.19159864155452,0.189537805739659
"CNNM2",4.77391455405505,0.25638141209828
"CNOT1",4.79773956648098,0.288316030880254
"CNOT2",6.40132354991159,0.388004153465084
"CNOT3",5.11563573799265,0.39678163303902
"CNOT4",4.3851316904342,0.53058170545272
"CNOT8",7.79897593569669,0.517602239194662
"CNP",6.08618042422472,0.298289944681528
"CNPPD1",8.4921268094069,0.51075372302503
"CNPY2",7.31045073571984,0.517046791813943
"CNPY3",7.05686859631586,0.444254648718456
"CNR1",3.73823139958016,0.208944572279104
"CNTN1",3.09892156515406,0.184695681848834
"CNTN2",5.51014292847884,0.250578516319134
"CNTN5",3.01174767530367,0.178418740255863
"CNTNAP2",3.74923979936171,0.26791032540536
"CNTRL",5.87683969201961,0.506338857641431
"COA1",5.49001734314601,0.420117162932722
"COBL",3.149708605736,0.219306156973413
"COBLL1",3.03595030301085,0.213584981005033
"COCH",6.14255141524353,0.434783775607283
"COG2",6.04826212071522,0.472767883244447
"COG5",5.52743826209855,0.504490569510661
"COIL",6.03318701156147,0.546350899450268
"COL10A1",2.78794379616632,0.148948924193142
"COL11A1",2.95993911144298,0.165248440058058
"COL11A2",5.28400270892475,0.340830462071602
"COL13A1",4.92277235849772,0.331379777957132
"COL14A1",3.21691268582481,0.183716002748199
"COL18A1",5.8936206234604,0.501786058394843
"COL1A1",5.1072774150617,0.261671875157393
"COL1A2",3.68640283775077,0.218133014872922
"COL2A1",3.28065581594392,0.172956768928642
"COL3A1",3.02654061183951,0.274571172642473
"COL4A1",3.35076874076161,0.253443144140031
"COL4A2",3.74366066501955,0.245080834299237
"COL4A3",3.55856182731273,0.193244764959797
"COL4A4",4.01334235067381,0.262054998142371
"COL4A5",2.76838915398212,0.149963621861098
"COL4A6",3.49549798533776,0.137878667638699
"COL5A2",3.11159098297525,0.197732732676434
"COL6A1",4.59235552392412,0.325522521219582
"COL6A2",5.38298633991364,0.565903321189594
"COL7A1",5.3536467439712,0.262114137132889
"COL8A1",2.96039029493237,0.140060751753159
"COL9A1",4.16091558051085,0.216235887775882
"COL9A2",4.87642804619881,0.460333706768298
"COLGALT2",4.40293658851495,0.335248828339043
"COMMD4",5.33249223496113,0.2862035748285
"COMT",5.80157108673072,0.35655433782245
"COPA",5.86571424670454,0.472891273334562
"COPB1",7.02205365792641,0.500684039281823
"COPB2",5.63393331308982,0.318155332748602
"COPE",6.17237203819955,0.375544842344557
"COPS2",6.44767656788605,0.734909907672775
"COPS6",7.49741684208839,0.311381267544418
"COPS8",4.79454420387038,0.441229441440361
"COQ2",6.36516165650804,0.541501680342755
"COQ7",4.68240616029637,0.217966771165506
"COQ9",6.65645189227664,0.377965677005619
"CORO2A",5.05329880126939,0.398219277331625
"COX11",6.53521174366668,0.602961454663427
"COX17",6.47150349346529,0.425803185545547
"COX20",6.93575324212363,0.56486012661245
"COX4I1",9.26681585835987,0.368350974465983
"COX5A",5.40574167179234,0.376604218773961
"COX5B",8.18345954736839,0.3849962262115
"COX6A1",6.63441700917697,0.316492421714956
"COX7B",5.84235472598486,0.506611182520226
"COX7C",9.11059351132233,0.633921551188235
"CP",3.27242098923497,0.241553184085889
"CPD",4.68315361787463,0.540530778526984
"CPE",2.9589928379052,0.253474417964926
"CPEB3",3.409663723034,0.35962309299625
"CPLX2",3.92590591761002,0.251166516232701
"CPM",4.0156578866698,0.336058958808575
"CPNE3",8.58029414668355,0.540507672056281
"CPNE6",4.68470401133354,0.315911365647626
"CPQ",7.67696692156288,0.460856567084201
"CPS1",3.70399331650784,0.194585297429217
"CPSF1",5.50325697421959,0.297304574614185
"CPSF6",6.5120876940323,0.469105671561356
"CPT1A",4.33781214163927,0.281057702834791
"CR1",8.1681719702472,0.671861942516296
"CR2",3.42442906867216,0.396828885670059
"CRABP1",4.31547664933484,0.221910473003693
"CRAT",6.68592155336189,0.467902529718716
"CRCP",6.10613739655578,0.290495248628094
"CREB1",6.3834220559571,0.514811300129668
"CREB3L1",4.8073809115278,0.268114517471345
"CREB3L2",7.2988419632144,0.410901398511342
"CREB5",7.19606995409453,0.626067737753544
"CREBBP",6.92817515711477,0.378007904413719
"CREBL2",6.9052568077526,0.585829419070919
"CREBZF",5.07842806747783,0.492407845567986
"CREM",4.3969336760527,0.30805229333981
"CRH",3.80370871658247,0.205043556279578
"CRHR1",4.59207675113334,0.213128460931497
"CRHR2",3.77543447098964,0.202926915954958
"CRIM1",5.13950897169606,0.439613695296623
"CRISP1",2.9594174942077,0.155984269494014
"CRK",7.14138447433442,0.572930709050074
"CRKL",6.06169541102789,0.35950486334483
"CROCC",4.93507473338737,0.273420584553228
"CROT",3.02995154271794,0.236322281355447
"CRP",3.64011395425333,0.215002519397066
"CRTAP",8.36527785639058,0.471979020348251
"CRTC1",6.02596359537032,0.262678822797422
"CRX",4.22812197621464,0.262270405603325
"CRYBB2",4.9284802553955,0.373013004997346
"CSE1L",7.43367398693895,0.535990338520866
"CSF1",4.84912602865322,0.283998893137736
"CSF2",5.17730248768698,0.242244115247236
"CSF2RA",6.88271065454878,0.579247557951432
"CSF3R",10.0918902542635,0.622752908128993
"CSHL1",3.26026612001318,0.216417932989889
"CSNK1A1",7.79646098532978,0.432064254426949
"CSNK1D",6.28751611521683,0.376229450395977
"CSNK1E",5.48743634325904,0.339705278056952
"CSNK1G2",8.81842394686042,0.285779559960941
"CSNK2A2",6.60557056575838,0.430113520236753
"CSNK2B",6.46654218403439,0.468404741523
"CSPG4",3.55588851388133,0.199486212217031
"CSPG5",2.97658775179657,0.282114578529164
"CSRNP2",5.61045177276609,0.442167305751535
"CSRP2",3.61250420826986,0.217164563315976
"CST3",6.37458362944663,0.526210331811131
"CSTB",6.58968917365098,0.418469967267884
"CSTF1",5.53167009728288,0.35678841572069
"CSTF2",4.80692336399077,0.218837693080869
"CSTF2T",5.81227495045275,0.465992826818622
"CSTF3",5.87975704422309,0.431221759044004
"CTAG2",3.67468883696003,0.238867470823853
"CTAGE5",5.90872350024753,0.607671066840135
"CTBP1",8.95798651143601,0.477647324809438
"CTBP2",7.08079306125923,0.669524654839314
"CTBS",7.88822059481651,0.647222031243534
"CTDSP2",8.96915206216018,0.387379612654396
"CTDSPL",5.35436516879905,0.555568932746385
"CTH",3.0044674974177,0.201476010476983
"CTIF",5.13911771168931,0.268791224715964
"CTNNA1",7.63883191159601,0.486215112830801
"CTNNB1",7.47089157702523,0.525300986346363
"CTNND1",5.58582303032959,0.40999987182806
"CTNND2",3.35888094671537,0.176720802806588
"CTNS",4.86186271652477,0.31361421206307
"CTSB",9.49828867935043,0.52056052358851
"CTSC",8.7967942785235,0.570582635135236
"CTSS",11.1420944990415,0.506899120573935
"CTSZ",5.87646557283689,0.402663929834331
"CTTN",4.21267531413337,0.390835928094751
"CUL1",6.87382873729179,0.420605806645239
"CUL2",6.19789952275033,0.486341011306933
"CUL3",6.48924072902848,0.40879682116228
"CUL4A",6.7974676463098,0.524109137903504
"CUL4B",6.46712170422769,0.474262627144996
"CUL5",6.11543420365523,0.650455626619944
"CUL7",4.98121835328154,0.222463679412547
"CUL9",5.92240254594451,0.328130304127833
"CUX1",5.8448429454299,0.440291543059393
"CUX2",3.68238265603299,0.21650640344141
"CX3CL1",3.5858115474215,0.157615936758501
"CX3CR1",7.9939659176755,0.904956547778089
"CXADR",3.15718626817067,0.20988537038784
"CXCL11",2.77841680378549,0.196520244541001
"CXCL12",3.65750759392402,0.291569756655937
"CXCL2",3.49123988048488,0.331041781200936
"CXCL5",4.1810025840484,0.738974941258463
"CXCL8",5.74142789792783,1.43601530185559
"CXCR3",5.88735985489801,0.425420348017595
"CXCR4",10.4064243815628,0.752270311037894
"CXCR5",5.27431456080127,0.349931199727308
"CXCR6",5.1762232914777,0.366522167204081
"CXorf40A",6.91494155105592,0.346224173303097
"CYB561",5.66648595955965,0.262883560102325
"CYB561D2",5.9933109389395,0.345295293852513
"CYB5A",3.48297032038802,0.255688260735025
"CYB5B",5.84876828096299,0.400259696317314
"CYB5R1",7.31767566444586,0.32043425140104
"CYB5R3",6.98691680315732,0.629526025794002
"CYBA",9.61839436020311,0.39877601435435
"CYBB",8.27236038077439,0.531997464379916
"CYCS",6.74963221618344,0.640471933428142
"CYFIP2",8.28767023368328,0.546995538761955
"CYHR1",5.59819681865841,0.298666582639713
"CYLC1",3.43500636525919,0.182374169803786
"CYLD",7.72831777635501,0.460747713215958
"CYP11B1",3.22065457324998,0.179794263899913
"CYP17A1",3.69476979561187,0.201244932139685
"CYP19A1",3.22873108474647,0.209477348380654
"CYP1A2",4.87244534373974,0.275602898095728
"CYP1B1",5.88549743065469,1.00661662411968
"CYP2A6",5.40640313779511,0.279241055169897
"CYP2B6",4.67832525346743,0.299259919831196
"CYP2C18",3.58361758988873,0.201951691513031
"CYP2C8",2.96313983385752,0.138650323277594
"CYP2C9",3.65060717001468,0.251531819349825
"CYP2E1",3.32073298378454,0.160497322600566
"CYP3A4",5.33245877222833,0.235973101459704
"CYP3A43",3.26760196401173,0.197571904421965
"CYP3A5",3.28054202232074,0.176377631477546
"CYP3A7",4.23126461768771,0.197806330742941
"CYP4A11",4.2486405875529,0.186517190424762
"CYP4B1",3.59633171049236,0.181880590747939
"CYP4F2",5.05659265403923,0.490481376126836
"CYP51A1",5.32785128182105,0.388291465752667
"CYR61",3.39753281762531,0.252197104003782
"CYTH1",6.88328796239388,0.4696193293792
"CYTH2",5.72234418254674,0.403804922064104
"CYTH3",5.37055035657201,0.309036223273123
"DAAM1",5.64999767729845,0.448967525086119
"DAB2",4.3469629934427,0.386960317229367
"DACH1",3.59973451576726,0.407399343785684
"DAG1",4.68830733980664,0.258489986800558
"DAP3",7.88912709998656,0.518751968981226
"DAPK1",6.38767138850737,0.419727971980196
"DAPK2",6.38455039231758,0.478026820883839
"DAPK3",5.68265429065763,0.390953185925668
"DARS",7.19185472188735,0.609335186080234
"DAXX",7.13215082033755,0.347852471920141
"DAZAP2",9.1861254384943,0.485641601315864
"DBH",4.80259423208509,0.268097297062073
"DBI",8.19283858885552,0.660095144410743
"DBN1",5.05083332100179,0.375824530410118
"DBP",5.28598949970445,0.294163595914208
"DBT",7.36395377714901,0.444171328212751
"DCAF11",6.98627488109867,0.378499896499083
"DCAF4",5.2317385033493,0.271935723947163
"DCAF7",7.64797441661185,0.33112344629928
"DCAF8",5.14238370406403,0.426138059955314
"DCBLD2",4.12231904385791,0.268157972455092
"DCC",3.12793078680229,0.145858028812922
"DCHS1",4.50661877543559,0.30310529691002
"DCLK1",2.88917057370916,0.153528566483346
"DCP2",5.46653681155087,0.473685094085348
"DCT",3.86712706379585,0.233427178081222
"DCTD",7.03459878862893,0.518243472013675
"DCTN1",6.40678596633969,0.488255554915665
"DCTN2",6.26091995632401,0.286025058368459
"DCTN5",6.62972990835936,0.477931560492092
"DCUN1D4",4.55627444735256,0.299104001488284
"DCX",3.0748066104654,0.171951885327436
"DDAH1",3.50038680571917,0.186360347892393
"DDAH2",6.81022428092532,0.396040929369527
"DDC",3.7678590579567,0.316882873150704
"DDO",3.71948735173193,0.227525407622755
"DDOST",8.84388049380962,0.459289792750923
"DDR1",5.50920371086353,0.244957856556905
"DDR2",4.1598240147213,0.218726564063465
"DDX10",4.60996101993748,0.359773313507231
"DDX11",4.79762838674958,0.411983399945787
"DDX17",7.42241987162479,1.04865187661277
"DDX18",7.28167271444017,0.493213841649831
"DDX19A",5.11697095743638,0.380576687294082
"DDX21",8.60072664652352,0.635393486765505
"DDX23",7.18662072847112,0.337914698357117
"DDX27",7.27033773125732,0.307910024080368
"DDX28",5.45757090978256,0.321848927282897
"DDX3X",6.06646180231038,0.583296736945537
"DDX3Y",3.87804010842003,0.580847248095784
"DDX42",5.30949499729734,0.355249482349127
"DDX46",6.73447101440189,0.369975444340279
"DDX49",6.29791945967825,0.234719058970397
"DDX5",11.3757809782025,0.50929772330911
"DDX51",4.38816850182279,0.286537467585527
"DDX52",5.25368015703322,0.563899163209813
"DDX6",6.04111129155236,0.40367569808964
"DEAF1",4.82938789898557,0.299092514906974
"DEDD",6.50615588348396,0.370476045079214
"DEGS1",8.09333478912627,0.521496014074192
"DENND3",8.10277561923249,0.526847351255138
"DENND4A",6.20161058199574,0.50723794216851
"DES",4.87999260383656,0.283884233388307
"DESI1",6.53907822360639,0.324581174993461
"DESI2",6.32307531747237,0.596732079799389
"DFFA",6.65461561221743,0.368913609250545
"DGCR14",5.08708659486728,0.253030284827998
"DGCR2",6.46662061925993,0.289747302245567
"DGCR5",4.0574028123152,0.244551657802528
"DGKA",8.32173357125863,0.613216340214718
"DGKB",2.68838709859828,0.139603976438139
"DGKE",3.31455806303036,0.187610619226531
"DGKG",3.2992783471138,0.200063490166413
"DGKQ",5.93190891825034,0.337554694301661
"DGKZ",8.11667475239947,0.478352111427762
"DGUOK",7.30642841292405,0.360813314089698
"DHCR7",4.66379493162136,0.257535106961933
"DHFR",5.34303293744832,0.384934265977261
"DHODH",4.08357713879945,0.273019999440363
"DHPS",7.08640770615588,0.345950723873122
"DHRS12",5.25128547243732,0.345796469452899
"DHRS2",3.7451473659432,0.254430916013257
"DHRS7",7.26617379952397,0.417818024271119
"DHX15",8.75801663888447,0.631472537755266
"DHX30",5.7026356395955,0.505902836880068
"DHX34",5.99790696653748,0.412049105493733
"DHX57",5.29967656064616,0.33813481653114
"DHX8",4.45784059452309,0.261035996660189
"DHX9",7.02768735950133,0.483853145762543
"DIAPH1",5.9262602159961,0.288140640102597
"DIAPH2",6.20976891327604,0.551955347738813
"DIAPH2-AS1",3.23356789645116,0.166652652973708
"DICER1",7.12095283327835,0.479838244360503
"DIDO1",6.10780416277716,0.385602089223115
"DIEXF",5.40642549027284,0.447255743939629
"DIMT1",5.993786668054,0.480029462477829
"DIO2",4.6090844298289,0.198756544801973
"DIP2C",4.81932195599012,0.259467992279749
"DIS3",4.99204799104016,0.49598395954243
"DISC1",5.51715816218255,0.628444385316708
"DIXDC1",3.72678913047357,0.22076790305868
"DKC1",7.14136477281039,0.467066096908015
"DKK3",2.87924634440033,0.157985041004404
"DLAT",5.45914478625114,0.577494453565257
"DLC1",3.38090356315385,0.256849067112959
"DLD",7.00746120769462,0.701440170275017
"DLEC1",5.10486751939007,0.302243329778884
"DLG1",5.46359574703475,0.700962816048648
"DLG2",3.12747481231457,0.193734271510353
"DLG3",4.29138891443091,0.250391253408258
"DLG4",5.3703923011149,0.297858731843482
"DLG5",4.51621687408299,0.580515334000975
"DLGAP1",3.54150308872424,0.20931455730283
"DLGAP2",3.74636697326843,0.221132113083065
"DLGAP4",8.28857890550195,0.591237263709932
"DLK1",3.76809620045998,0.229588205694989
"DLX2",5.25858481845051,0.365464661502716
"DLX4",3.78017566361703,0.235533695473843
"DMC1",3.5820371997738,0.219399434893145
"DMD",2.81796493500812,0.178553260938255
"DMP1",2.66544621174894,0.151118460375621
"DMPK",5.41160116693532,0.293247389658265
"DMWD",5.39035781653647,0.257793269996284
"DMXL1",6.19289262267853,0.780804373910769
"DMXL2",8.16210190338823,0.811760376783087
"DNAH17",3.92726076867778,0.248570818777711
"DNAH3",3.93224254801277,0.273785418482395
"DNAH7",3.71162936195656,0.218747742174723
"DNAH9",3.91000605766094,0.274250762411438
"DNAJA1",8.58491162557177,0.506240380505218
"DNAJA2",6.96322333982315,0.470526916565769
"DNAJA3",6.98080630912166,0.447152816453403
"DNAJB1",7.66727305764432,0.490816297255941
"DNAJB12",5.39412619443558,0.236447171382183
"DNAJB4",4.00282586324506,0.360960813441596
"DNAJB5",4.88765034465158,0.288455334297847
"DNAJB6",7.10659428680122,0.699804905266676
"DNAJB9",4.34833103642125,0.606332866656441
"DNAJC11",6.01096208585582,0.215744318743277
"DNAJC13",5.70834605812068,0.389745060251533
"DNAJC16",6.58544820111806,0.442881669646952
"DNAJC2",4.3246052282489,0.343045527041676
"DNAJC22",5.08072107116827,0.274671851517977
"DNAJC24",4.91738413973205,0.694338130678013
"DNAJC3",7.71804947979405,0.627182671273377
"DNAJC4",5.94176392859472,0.286229038560058
"DNAJC6",3.25162434668818,0.451634881455684
"DNAJC7",6.96299408716482,0.586342930209706
"DNAJC8",7.19195391915464,0.267104503931428
"DNAJC9",6.14612461881645,0.39230216249351
"DNALI1",3.69107949834167,0.230735637063455
"DNASE1",4.88537003763334,0.399379865061846
"DNASE1L3",3.89567415762283,0.242378047681843
"DNASE2",6.7644522715587,0.388542751717674
"DNM1L",5.15417685105404,0.377442270245746
"DNM2",6.08989550088609,0.391801900495558
"DNM3",3.23574916700516,0.246445610587673
"DNMBP",4.05336629597157,0.266578050580382
"DNPEP",5.16691453809645,0.376537056666794
"DNPH1",5.94381679930249,0.334324196095716
"DNTT",2.99690090301903,0.192245480066121
"DOCK1",3.44559988243505,0.194618036249882
"DOCK10",6.32970501503152,0.807742002127385
"DOCK2",8.19625223626199,0.382690203318479
"DOCK4",4.819577195884,0.739703842256616
"DOCK9",4.65635039857557,0.488904930819881
"DOHH",5.92732127163407,0.388954229530695
"DOK1",7.31517171586245,0.356059261603197
"DOK4",4.40730727690621,0.283715872769308
"DOK5",4.74114571516496,0.230523423280123
"DOPEY1",4.66528389985158,0.306957196608537
"DOPEY2",4.29549231693718,0.28525054776478
"DOT1L",4.15697414245268,0.259455606061492
"DPF1",5.41232115778878,0.250093062402451
"DPP4",5.41641958292052,0.500660994115807
"DPP6",3.43579987065913,0.17438254130668
"DPT",3.94830909692381,0.234448658579912
"DPY19L1",5.14345373305123,0.484944122110116
"DPY19L4",4.1116777603947,0.525070286251688
"DPYD",7.1623387685679,0.708431317611042
"DPYSL3",3.34367283303245,0.193905862396324
"DPYSL4",4.21201362679598,0.266373233398871
"DR1",6.91023573217427,0.528791481931597
"DRD2",5.06683347503997,0.260968226353949
"DRD3",3.09071674397148,0.165546900163906
"DRG2",6.61419293864366,0.323980314203421
"DRP2",3.17701704340839,0.184956277570877
"DSC2",5.93862709204735,0.761993268022654
"DSC3",3.02258382294267,0.147775299077747
"DSCAM",3.53030910960635,0.226708977543133
"DSCR3",7.03445669159536,0.391449289386486
"DSG2",3.11452879667685,0.168442287690217
"DSG3",3.94582897503511,0.202301511491384
"DST",2.67239927694221,0.273726202796025
"DSTN",7.16533112182564,0.481737767484635
"DSTYK",5.44751060978462,0.383525276127899
"DTNA",3.36519927830467,0.188554352459501
"DTNB",5.67711145744688,0.231267926387677
"DTX2P1-UPK3BP1-PMS2P11",7.32602684578233,0.301633545606537
"DTYMK",4.13895728898772,0.227805963879869
"DUS4L",4.41750797510375,0.343407616485981
"DUSP1",6.74221247568447,0.756538948058929
"DUSP10",5.12455463680272,0.433048424000706
"DUSP3",6.96690954770536,0.478613081988391
"DUSP4",4.24706980639445,0.531079170806598
"DUSP6",9.66835619175191,0.696845842945219
"DUSP7",5.57954897293315,0.399750267814277
"DUSP8",5.53134743412124,0.455697417397829
"DUT",8.21516051222522,0.54004371037632
"DVL3",5.63331663975131,0.289104132110333
"DXO",5.68332134615107,0.307094590343053
"DYNC1H1",5.96306048623214,0.610480065537552
"DYNC1I1",3.57988791688354,0.180455713906941
"DYNC1I2",6.75343870663231,0.53604366470265
"DYNC1LI2",7.70345468040625,0.381621177229533
"DYNC2LI1",3.17020780873435,0.263187165431547
"DYRK1A",6.45780122974255,0.449479968683532
"DYRK1B",5.24147842506468,0.399047447150969
"DYRK2",6.83911722537137,0.865684608765353
"DYRK3",3.82499230761941,0.210751831585427
"DZIP1",2.84641118086719,0.142229581809988
"DZIP3",5.18062155007323,0.505522439590337
"E2F1",5.60710522437296,0.361910120739116
"E2F2",5.72544168360508,0.510485237506742
"E2F3",8.01669257604186,0.574108195867346
"E2F4",7.45221418442714,0.238060092535245
"EBAG9",7.14947817753876,0.68140429786178
"EBP",6.05947533774905,0.299404975970105
"ECE1",7.03629765314016,0.400534476514188
"ECE2",5.02650114726904,0.268915784271205
"ECM2",3.46232977146114,0.21205693263921
"EDA",4.39540372891823,0.31237736244961
"EDDM3A",2.94939036007561,0.163057306746419
"EDIL3",3.23352358470461,0.194556519784825
"EDN3",3.50757787043004,0.218666652509316
"EDNRA",3.12979154918185,0.138655828219755
"EDNRB",3.00166886785513,0.25794851249555
"EDRF1",5.5380813450651,0.534148714256691
"EEA1",3.82747589005035,0.408644332842084
"EED",5.6994648860285,0.622046257397009
"EEF1A1",11.1718391444897,0.436816648573407
"EEF1D",7.23110681441028,0.637059184364478
"EEF1E1",4.27640653412689,0.495881215759098
"EEF1G",12.0879928347326,0.47062575116026
"EEF2",11.6541363926222,0.419090438589067
"EFCAB11",2.68506447126051,0.156049552186253
"EFCAB14",6.15535209581946,0.404091714632505
"EFEMP1",3.24467440225309,0.190515941955781
"EFEMP2",5.12289546196792,0.332321118800827
"EFNA2",3.49928170936642,0.202380967015602
"EFNA5",3.7439381891183,0.194738651599645
"EFNB2",3.56747182796179,0.236397161915928
"EFNB3",4.95114363827427,0.288824470937054
"EFR3A",7.54345020049556,0.687206835359747
"EFR3B",4.41859001967794,0.284225565165832
"EFS",3.51596181262018,0.203878040204343
"EGFR",3.81292238075991,0.388805430339508
"EGR1",6.02921155960074,0.767298023700646
"EGR4",4.05230378095972,0.268048221869339
"EHBP1",5.1257068631993,0.471435607416239
"EHD1",6.75373704723123,0.462699429568779
"EHMT2",6.23953430532227,0.352160248897214
"EI24",6.77060831145978,0.40185045405059
"EID1",8.0081731629162,0.70911494005303
"EIF1",9.15173947122139,0.507288310436279
"EIF1AX",5.64360820579543,0.765580962252522
"EIF1AY",5.32277598226413,2.03583564494152
"EIF1B",7.74763774908537,0.417375605788679
"EIF2AK1",7.6580898032848,0.591328958572043
"EIF2AK2",7.15129155434569,0.624692846511623
"EIF2B4",7.62499846190556,0.32852149698054
"EIF2B5",7.0052873019922,0.349720453064904
"EIF2S1",6.97176279794436,0.476907066178415
"EIF2S2",7.7801998096175,0.46464120822744
"EIF2S3",8.59463616231878,0.542316126590584
"EIF3A",7.53419757788635,0.649624619701003
"EIF3B",7.45607934868887,0.389595372804349
"EIF3C",6.01881402811778,0.516223464422177
"EIF3E",10.2678438161283,0.626870067629664
"EIF3F",4.0320375469114,0.348191914226631
"EIF3H",6.56312745337311,0.587362550251244
"EIF3J",5.87281607125294,0.451251894957939
"EIF3K",8.4099918887595,0.390213078416936
"EIF3M",5.84126897943733,0.56336033402514
"EIF4A1",11.0965472002664,0.372734187064501
"EIF4A2",7.06206633814082,0.544906415894032
"EIF4B",8.47269429307456,0.55072774885188
"EIF4E",6.01790957150376,0.574503409496993
"EIF4E2",6.94758109401443,0.378258783520034
"EIF4EBP2",4.92494573208418,0.273005197713222
"EIF4G1",7.44205233397618,0.369745232754959
"EIF4G2",7.90705115719083,0.403152211930604
"EIF4G3",6.10373522656233,0.383175331236422
"EIF5",8.20072976992079,0.512715879946533
"EIF5B",5.95674719558632,0.454576289720653
"ELAC2",5.27538049200126,0.263858937999776
"ELAVL1",6.44011447564542,0.419094939081063
"ELAVL2",3.07797082477802,0.187424151701666
"ELAVL3",4.87129304851356,0.280746998058232
"ELAVL4",3.18865410641298,0.171453511012064
"ELF1",8.97777559654966,0.627991034005304
"ELF2",6.71416086448053,0.501900160990802
"ELF3",4.5086224970264,0.24548655813662
"ELF4",8.04440146427782,0.41753319964617
"ELF5",3.58544473691289,0.261902949118074
"ELK1",5.24446663120776,0.328727278597626
"ELK3",6.35785818901974,0.742610439156608
"ELK4",5.47288760434815,0.275050964507976
"ELL",5.73972175782861,0.44374413670414
"ELL2",4.26506258921646,0.550310565094813
"ELN",4.63389220082004,0.251726693847173
"ELOVL2",3.22244652294968,0.149141390358248
"ELOVL5",8.79973274528496,0.647355431028949
"ELOVL6",3.13883456206666,0.225436326031032
"EMC1",5.08721627201189,0.317163489497464
"EMID1",4.09484367470243,0.256541077993135
"EML1",2.84669024314608,0.152111216246755
"EML2",5.22606556929607,0.34431258881924
"EML3",4.20416476159514,0.252990843462935
"EMP1",3.38903512630611,0.296421623940774
"EMP2",3.90347308119646,0.20902853514908
"EMR2",5.77246302402603,0.444772850593826
"ENC1",5.54355013858564,0.630672994429426
"ENDOD1",6.54949684502387,0.605578725350755
"ENG",5.34017424400237,0.278091940527552
"ENO1",6.92636990460778,0.706642114493195
"ENO3",4.52190924162395,0.30969056662193
"ENOSF1",5.72363061497953,0.626459250480916
"ENOX2",4.46243184866753,0.236924026194065
"ENPEP",2.68494413453189,0.232719447697507
"ENPP1",3.02547705710067,0.146393894160254
"ENPP2",4.05265746653938,0.364950695230106
"ENPP4",5.57064146381715,0.69261792698566
"ENSA",6.90811549926712,0.455264771458012
"ENTPD1",6.92011014776599,0.665463479671075
"ENTPD2",4.79799765651435,0.274706960803827
"ENTPD3",3.40296006646281,0.155440379714732
"ENTPD4",5.30425162696127,0.450918879896812
"ENTPD5",4.67555997014435,0.321869618311182
"ENTPD6",5.27105342196988,0.329539696045183
"EP300",6.69551162242288,0.493236367517459
"EP400",4.48195437983122,0.423803181677727
"EPAS1",4.52185199666126,0.532508663965759
"EPB41",7.10040464998089,0.631130093427514
"EPB41L1",2.96819049697127,0.18707154896275
"EPB41L2",4.42163833764396,0.324143038300778
"EPB41L3",5.72098368262076,0.689671304598277
"EPHA1",5.13621659845523,0.278599520312859
"EPHA3",3.04075805051268,0.14527569917194
"EPHA4",4.19345805497279,0.402807702076099
"EPHA5",3.23348841967423,0.176682899611626
"EPHA7",2.5439705895766,0.149422561190154
"EPHB1",4.60431817616624,0.506342128158394
"EPHB2",3.96505267465557,0.267481756765714
"EPHB3",4.56989944180295,0.259426673693498
"EPHB4",5.73108218901611,0.343179636496156
"EPM2A",4.39246951398484,0.281491060185649
"EPM2AIP1",6.83145770361947,0.619157452427964
"EPN2",4.88551463916197,0.287392935890392
"EPO",4.42315159261235,0.287450837924536
"EPOR",5.89246555553031,0.456626629604247
"EPPIN",3.29585220617782,0.219343101895862
"EPRS",6.46169806523543,0.592944062180913
"EPS15",8.10684137303976,0.466660632229945
"ERAP1",5.47159658900691,0.41528192049373
"ERBB2",4.36473293385693,0.259875992620956
"ERBB3",3.73307389787406,0.208940946548497
"ERBB4",3.46923670777795,0.244321613099595
"ERC1",5.28884104561459,0.329527597549305
"ERCC1",6.83795598341285,0.358857884117996
"ERCC2",5.66580483160491,0.25901669446001
"ERCC4",4.04790790408328,0.395922976690105
"ERCC6",5.01909862299862,0.324867690339396
"ERCC8",4.6447636692231,0.327920909678072
"EREG",4.61456180854433,0.604384835370915
"ERF",5.61116425232401,0.370172535481966
"ERG",3.53294471213583,0.218778736669806
"ERGIC3",5.39569920986233,0.301946859657253
"ERI2",3.55824159838314,0.358291333724035
"ERICH1",6.48273192973034,0.478619677293731
"ERLIN1",7.98749401049197,0.590272482546906
"ERLIN2",4.2317184176693,0.345506820214944
"ERN1",6.31595228800031,0.477470092688954
"ERP44",6.66376779424571,0.261651552970485
"ERVH-6",6.80961703794023,0.228886805451699
"ERVW-1",3.43460371271453,0.246203757995831
"ESD",5.02707985112858,0.423402879559438
"ESPL1",4.64515223530388,0.251351295824605
"ESR1",3.29465722302014,0.18061486896837
"ESR2",3.82178566489577,0.23018886095809
"ESRRA",6.50722556154832,0.233808138481408
"ESRRB",4.59011395018324,0.249729395751906
"ESRRG",3.23812300774717,0.194830065025148
"ETF1",7.705451788492,0.392000998744978
"ETFDH",4.59460056816187,0.383185719347567
"ETS1",8.37133728894828,0.81302169597598
"ETS2",6.32954365613505,0.45891049450421
"ETV1",3.74995158734282,0.249785043343113
"ETV3",6.54339760496466,0.544631389186549
"ETV4",5.32279941333599,0.310807370643002
"ETV5",3.69920433214085,0.240769151553197
"ETV6",7.86840959108584,0.489554560821671
"EVI5",5.70523770489684,0.401708846198627
"EVX1",4.41392708118519,0.277765097332448
"EWSR1",6.86468627799925,0.543049696555366
"EXD2",4.34044788268911,0.262747752077615
"EXOC3",6.93981562911834,0.329332651981358
"EXOC6B",3.52820246922068,0.214226481703715
"EXOG",4.45292322284655,0.267417993906571
"EXOSC10",4.86595933033462,0.311929345217404
"EXOSC2",4.86668179248945,0.256752065482711
"EXOSC7",6.80261640943092,0.327133190909488
"EXPH5",3.76649178631199,0.206033515434055
"EXT1",5.61110625374962,0.418432635732455
"EXT2",5.67954279244329,0.40997612174097
"EXTL3",6.14584744841708,0.355630625521254
"EYA3",3.9460955008198,0.187471622069861
"EYA4",2.97918317882332,0.176834783862896
"EZH1",7.69338516273904,0.265695965814676
"EZR",7.46142805346719,0.591546602642786
"F11",4.03553256405155,0.206882061376885
"F12",6.02375264435,0.430911475974255
"F2R",5.17309430010008,0.586483832912311
"F2RL1",6.18101540969756,0.820195034293192
"F2RL2",2.99385666594545,0.193674068594817
"F5",6.69731524063755,0.768862760818845
"F7",5.26417297509634,0.25772494563482
"FABP1",3.42793836397287,0.236049631212661
"FABP3",4.31857702988741,0.381416785079651
"FABP4",3.15259135494211,0.219544318449009
"FABP6",3.55044528118069,0.204386110029839
"FABP7",3.07861673734241,0.166509954488129
"FADS1",5.67232677244726,0.384686272912871
"FADS2",4.54731388662494,0.288574454416542
"FADS3",5.87930531166618,0.268189764716882
"FAF2",6.26148101770812,0.375463977615934
"FAH",5.61621098761858,0.523718643543379
"FAIM2",4.46175464531332,0.222652362452469
"FAIM3",8.23258900987158,0.754976650553576
"FAM102A",5.18559507437165,0.33925875765357
"FAM105A",5.70225422336328,0.422303388776551
"FAM107A",4.2191930444064,0.26446564332762
"FAM110B",3.87883456654706,0.232463191089127
"FAM114A1",4.24703770747868,0.287850357217593
"FAM115A",4.51479177167287,0.334788122402166
"FAM120A",6.31414636837662,0.31401123754751
"FAM131A",5.48799593099873,0.407316711129837
"FAM134B",4.54813877031755,0.325028280535512
"FAM13A",5.28003491863979,0.37921493985487
"FAM13C",2.57503433486789,0.129738244106611
"FAM149A",3.36483692847625,0.186090411353764
"FAM149B1",4.13505248100826,0.317778926777224
"FAM153A",3.7391937341866,0.368468546704831
"FAM161A",2.98918986392228,0.136468748095544
"FAM168A",6.21062070870713,0.294220201839859
"FAM168B",6.17448531910059,0.349650342535283
"FAM169A",4.5542269191798,0.685990253423388
"FAM172A",5.77512920252135,0.397819032262132
"FAM175B",6.08340254761572,0.430262583813935
"FAM178A",5.44178521477141,0.55637821574987
"FAM189B",6.59798310994959,0.191800576008223
"FAM205B",3.25957708398667,0.184811842405308
"FAM208A",5.13414914981334,0.517244932556207
"FAM20B",6.30165485630714,0.500387675775143
"FAM214B",7.58310760889552,0.408600764524052
"FAM21A",8.60895813309018,0.347950622404295
"FAM3A",6.56914969551106,0.316518169492513
"FAM3C",4.24935945531624,0.791757117396733
"FAM47E",2.92087875640909,0.152111110060538
"FAM49A",7.30726226796316,0.41915365489587
"FAM53B",3.83332971380085,0.243946710717147
"FAM63B",4.78258027533521,0.457280952125553
"FAM65B",10.0603523637976,0.626205091774945
"FAM69A",4.94467713304586,0.744079288776382
"FAM76A",4.07031634199094,0.34685685350711
"FAM89B",8.40799957403199,0.345100493000073
"FAM91A1",7.6068437970942,0.456121431586352
"FAM98A",4.30575739702723,0.471098989789905
"FAN1",4.70661951730117,0.337285009867141
"FANCA",4.44658687427428,0.326578970282591
"FANCC",4.6149570042845,0.23240583973719
"FANCI",4.20826801007642,0.282461047875819
"FARP1",3.83894990982407,0.203318454634395
"FARP2",6.33457180535052,0.298402716446085
"FARS2",6.16050528614655,0.396918317531328
"FARSA",6.23943759197022,0.426943570167075
"FAS",6.47040662485486,0.911312204553886
"FASLG",4.76978114473142,0.449221767139139
"FASN",4.78678263640742,0.316349377241304
"FASTK",7.00658630782722,0.273237033031448
"FASTKD2",4.98582103726098,0.475659870616414
"FBLN1",4.32584365579941,0.256877237521357
"FBN1",3.36700660217663,0.216422173490535
"FBN2",4.56986270776076,0.40214975280805
"FBXL14",6.65623591741656,0.387695687782877
"FBXL4",4.55457392485476,0.420834170369594
"FBXL5",8.64140267688098,0.444526859859819
"FBXO21",4.79226849126028,0.275450710371984
"FBXO28",5.60956389291527,0.462049277513461
"FBXO7",10.1161308137625,0.709042402481646
"FBXO9",7.19892479168722,0.503494319977242
"FBXW11",4.93062134563705,0.379650487757601
"FCAR",5.45061178719682,0.570158746288738
"FCER1A",5.12164268637377,0.975070313937404
"FCER1G",10.7187130855724,0.629888188156708
"FCER2",4.93250371247139,0.498252632922907
"FCGR1A",6.24434824884055,0.815672114317227
"FCGR2A",7.56215461485689,0.523404078642715
"FCHSD2",7.30130165462573,0.320011913874309
"FCN2",3.91163360626869,0.234621927845439
"FDFT1",7.86664643759729,0.50862576854816
"FDX1",6.13028661169673,0.514980168291882
"FECH",7.18480435743035,0.926407138354817
"FEM1B",5.34369723665206,0.541143446961742
"FEN1",5.72631997028099,0.330183001661872
"FER",5.22048510968224,0.254027712016774
"FERMT2",3.52360855464663,0.341299869144101
"FEZ1",4.21522051279798,0.436316185087715
"FEZ2",7.55867529073776,0.553476788288623
"FGA",3.74003226837593,0.185848613789849
"FGB",3.10088931569833,0.287833546585974
"FGF1",3.3873276831818,0.158213802112885
"FGF12",3.13055929756775,0.158465974063822
"FGF18",4.37256406579076,0.306335557295125
"FGF2",2.83121648260225,0.131414680783347
"FGF4",4.59674083964414,0.217546577664307
"FGF5",3.61539581190985,0.235922114018265
"FGF7",2.87699634138767,0.21006421043863
"FGF9",3.5959744833913,0.28020127401642
"FGFR1",6.68227073337471,0.405481184437381
"FGFR1OP",4.91364696152479,0.421831101731671
"FGFR2",3.4373499258365,0.241721128896912
"FGFR3",3.26610004634188,0.197300498819252
"FGFR4",3.97499203481306,0.2360818999954
"FGL2",9.91778638891775,0.852455497247807
"FH",5.67244354311841,0.4407502502224
"FHL1",5.20918228491854,0.574872891081853
"FILIP1L",3.14219181352272,0.194177446216163
"FIP1L1",4.88357050756736,0.274051470045504
"FKBP15",5.02118965330939,0.501151398440121
"FKBP1A",6.9491120547462,0.557399928060476
"FKBP1B",6.38964677243677,0.783255317196517
"FKBP4",3.24341777507107,0.169751335214156
"FKBP5",8.25524633724615,0.902932239033102
"FKBP8",5.77617390995069,0.426672449519446
"FLAD1",6.22369067079417,0.338345986462507
"FLI1",7.26593399435278,0.713042779540114
"FLII",6.03691528993961,0.264871802716041
"FLNA",9.00504205867628,0.483923680900544
"FLNB",5.92573477008233,0.306062266461305
"FLOT1",8.08013738728281,0.513294203480203
"FLOT2",8.6053486988624,0.525113612901508
"FLRT2",3.06402742122195,0.180492534544789
"FLT1",3.58312165168273,0.228070475424884
"FLT3LG",6.39389044625545,0.64255560637511
"FLT4",4.47794860125767,0.211201980170874
"FMNL1",8.12169577249456,0.573279947051439
"FMO2",3.82750945976599,0.192288226929823
"FMO3",2.53046434241888,0.158769992548365
"FMO5",4.47953221950571,0.39448581641849
"FMR1",7.37037948676988,0.620759411177177
"FN1",3.96665756816381,0.280322764220916
"FNBP1",7.93870098456742,0.535626612457954
"FNBP4",5.44101893457091,0.703011906856162
"FNDC3A",4.82831784145388,0.396711095478599
"FNTA",7.61469924914546,0.519978437642065
"FOLH1",3.60600283291345,0.231546650119016
"FOLR2",5.46209318186043,0.269619096679305
"FOSL2",6.93171440038,0.472537896944303
"FOXA1",2.92735461430988,0.160220353219324
"FOXA2",3.7037973149531,0.232485204450119
"FOXC1",4.6501558804625,0.511835292226068
"FOXC2",4.22542277622782,0.219235593749824
"FOXE1",3.60579942623473,0.230686236433572
"FOXG1",4.51307727562815,0.255855149538329
"FOXH1",4.05315925442411,0.231296517003518
"FOXJ2",7.15639029267543,0.261250579225713
"FOXJ3",6.86634054417809,0.321219566237324
"FOXK2",5.44182826477418,0.283374860895524
"FOXN1",3.67805849057147,0.204825689458832
"FOXN2",6.59125818787855,0.498407101605034
"FOXN3",8.27617421219586,0.429730506848833
"FOXO1",6.88473803110649,0.445023846452521
"FOXO3",6.78030576155245,0.668047103238904
"FPR1",9.76193477324874,0.941288141739528
"FPR2",7.81992751542604,0.94217394286001
"FPR3",4.03732897833364,0.443857124632155
"FRG1",6.71083212853521,0.576469861718275
"FRK",2.78737719723267,0.151770513636944
"FRMD4B",3.47708589306893,0.275509378519941
"FRMPD4",3.48145481986039,0.230389134739108
"FRRS1L",3.6691929430821,0.214208949223111
"FRY",5.73629048403608,0.357609758028119
"FRYL",4.09985820607265,0.312505211879467
"FRZB",2.96164125814967,0.185196849989978
"FSCN1",4.47554856138337,0.244978494117339
"FST",2.96407641604577,0.222365573265328
"FSTL1",4.51947350909118,0.370950160018916
"FSTL4",3.56116077518955,0.20805456214573
"FTH1",10.5387521072658,0.420383558947167
"FTL",13.0060834115932,0.293839339315919
"FTSJ1",6.69970753530154,0.376605660842808
"FUBP1",6.78815788542293,0.4144751730066
"FUBP3",6.06742731908652,0.618255051262925
"FUCA1",5.41630151003399,0.439690898844624
"FUS",6.66459555795631,0.682447031779714
"FUT2",4.93619085823585,0.273273931895743
"FUT3",3.62823772151974,0.269974871316437
"FUT4",6.37367153746719,0.451967036166872
"FUT6",4.4141205628268,0.29393979936259
"FUT7",5.48445913756115,0.352124427156724
"FUT8",4.29420722795491,0.296275726088452
"FUT9",2.76383392150594,0.142846528492644
"FXN",4.95456982166038,0.394226031495934
"FXR1",6.83344518210029,0.564241189186713
"FXR2",6.75746538882378,0.276787276530948
"FXYD2",4.98996162752166,0.401872799324184
"FXYD3",4.881259568929,0.314744242400916
"FYB",9.22234318237196,0.509224115314781
"FYN",8.22795234869545,0.64391212666782
"FZD1",4.00322660907503,0.430022036792658
"FZD2",5.54282152673585,0.329844883930742
"FZD5",3.67843200064207,0.260275934669425
"FZD7",3.01569736257409,0.147706734931191
"FZR1",6.24174375654604,0.315711475294599
"G3BP1",5.00688339680042,0.359764816497257
"G3BP2",7.16716240894699,0.425210143546226
"G6PC",3.00653088851489,0.237320028524198
"GAB1",4.43043871580879,0.306172709127071
"GABARAPL1",7.15261134087517,0.583289438789906
"GABBR1",6.9136343656736,0.472817428368239
"GABBR2",3.70826570198476,0.20468634748942
"GABPA",5.57179582998247,0.467115785379793
"GABPB1",5.81716443854336,0.482287046411777
"GABRA1",2.98777761804005,0.176085012183559
"GABRA2",2.86766048302528,0.191314198649241
"GABRA5",3.03769650310837,0.166692348354136
"GABRB1",2.79168110378733,0.131905849037871
"GABRB2",3.36549911400935,0.224304458474055
"GABRB3",3.08296322454592,0.165622261997529
"GABRD",4.39304619581166,0.222308213399683
"GABRG2",3.36048120259705,0.200719016536424
"GABRG3",3.10589110634268,0.163745768318614
"GAD1",2.96740426811934,0.163086920708542
"GAD2",3.51306361089867,0.186898084799015
"GADD45B",6.96812067860899,0.415780846358027
"GAGE1",3.60479438194204,0.272011507386477
"GAK",7.98831479895212,0.250488488297612
"GAL",3.63020400266292,0.21144321393883
"GALC",7.04651428394013,0.558730597096218
"GALE",4.62001848043347,0.245855380320092
"GALK1",4.64003215773446,0.325124174007703
"GALK2",6.16277256943454,0.489136939019492
"GALNS",4.80138242358498,0.28316737764586
"GALNT1",7.75504550529651,0.529553273798411
"GALNT10",6.45927796272225,0.505080665709551
"GALNT18",3.98646591572659,0.215051458793802
"GALNT2",6.27378706913964,0.480495222864001
"GALNT3",5.05466023107378,0.446522743444009
"GALT",5.81331213935716,0.36118386976632
"GAMT",5.62351061230978,0.313568737428051
"GANAB",7.9183792857107,0.435753550933142
"GAP43",3.40240216915876,0.172343978284214
"GAPDH",11.4314260535162,0.586936714707792
"GAPVD1",6.30683387088219,0.448831193628506
"GART",4.7728967774479,0.454592879798991
"GAS1",3.53869911308515,0.305043220405278
"GAS2L1",5.67577880621988,0.368302193352842
"GAS6",6.17059947754194,0.253550595330145
"GAS7",8.23474924005544,0.654893831726194
"GATA1",6.54809816889421,0.613916771781345
"GATA2",6.1817432913288,0.340818209558821
"GATA3",5.49263148927652,0.441488151689411
"GATA4",4.28406761499453,0.240218781919178
"GATA6",3.42437697573594,0.213573494028514
"GATAD1",6.46830573079605,0.39596843383333
"GATC",7.33609869367589,0.393050044683604
"GATM",3.6569454557261,0.396036622297104
"GBP1",5.15045013800507,1.0730993728244
"GBP2",8.73188010592304,0.591621130632188
"GCAT",5.04569655633224,0.4962562059531
"GCC2",7.16571915552794,0.642103563087236
"GCDH",5.98327301745291,0.321778634482329
"GCFC2",4.1085171152245,0.268984631386656
"GCLC",5.82314797381138,0.617327961406153
"GCLM",5.39233965234894,0.531941784560345
"GCN1L1",6.96497886622906,0.35739738832046
"GCNT1",5.34913634936153,0.425671529189616
"GCNT2",4.41564963495242,0.299709791498659
"GCOM1",5.33878100037082,0.499564484365407
"GCSH",4.9177358373693,0.456391190563595
"GDE1",7.6903231458136,0.714111579008392
"GDF11",4.91040826302338,0.244208945217263
"GDF15",4.18683250072553,0.301621918742853
"GDI2",9.33443838535861,0.669847415678708
"GDPD5",6.64226682122157,0.489644262772539
"GEMIN2",4.71826294547693,0.339896492597824
"GEMIN4",5.67666895598567,0.265847609964718
"GFAP",3.69089188117263,0.175762320462925
"GFER",5.77880897707184,0.219825990552269
"GFPT1",4.59788412849316,0.40957858416171
"GFRA1",3.56255248769784,0.218700490561425
"GFRA2",4.32579231368163,0.289573577888655
"GFRA3",4.7927524910669,0.245258403696362
"GGA2",6.30995075534863,0.413832603441388
"GGA3",6.72520845779609,0.318641271033468
"GGCX",6.18061569796254,0.416446095931378
"GGPS1",6.54374294521432,0.497074916903969
"GH1",4.3779279782834,0.196113477720684
"GH2",4.07674037745474,0.237330406870715
"GHITM",9.09009694853342,0.402085779136082
"GHRHR",3.70992121813681,0.216134653139062
"GIGYF2",6.01825786549512,0.274130653066071
"GIMAP1-GIMAP5",4.63041549908291,0.693595126237749
"GIPR",5.37551710957109,0.312838413176603
"GIT2",7.09145156723837,0.327633197823569
"GJA4",4.23402888299193,0.197951984344891
"GJA5",3.33502984202456,0.243802183431396
"GJB3",4.76887072227441,0.237216325026701
"GJC1",2.96287939562349,0.163753532840334
"GJC2",5.48499180737191,0.281220403085198
"GK",6.34165539139378,0.719806703672402
"GLE1",4.87570988144092,0.301326360507233
"GLG1",7.78701780373492,0.560244426826831
"GLI2",4.1519494087721,0.206381532221053
"GLI3",4.09719376248613,0.231520725808244
"GLIPR1",8.84165843612879,0.610401986926038
"GLP1R",4.45330212828251,0.260232927358166
"GLRA3",2.76562742419365,0.158547023652577
"GLRB",2.73547359124918,0.141223323442263
"GLRX",9.0419268421157,0.680773248396658
"GLRX3",5.2328733448559,0.464435851051275
"GLS",4.70505286120366,0.576812840897497
"GLS2",3.23842618983829,0.145777200988427
"GLT8D1",7.35447583667236,0.410482947939708
"GLTSCR1L",7.91713081225491,0.400971740878691
"GLUD1",7.11118285826654,0.620589850540846
"GLUD2",4.77367172629673,0.423533515042195
"GLUL",9.55216293600733,0.666259433716546
"GLYAT",3.44553217277553,0.207163417528287
"GM2A",6.19280602236556,0.48297193393442
"GMDS",5.78994296639254,0.370379414032895
"GMFB",7.48860731875075,0.579431945895267
"GMPS",4.69689350870779,0.420164068597856
"GNA11",4.80260687070766,0.284261348672092
"GNA12",7.67999965736279,0.643225130964547
"GNA13",6.36646865954429,0.562170671159384
"GNAI1",3.0543806858415,0.248586074953975
"GNAI3",8.55830055361686,0.461037567563209
"GNAL",3.18190927612108,0.286582011038193
"GNAO1",5.01930768656959,0.25679280536183
"GNAQ",6.80887924075073,0.466122691622266
"GNAS",10.1619249163707,0.387430452251165
"GNAT1",4.13339530246893,0.214814009511107
"GNB1",9.59178823329782,0.355555762748465
"GNB2L1",10.861737840273,0.514481078174241
"GNB5",5.22897218932846,0.431598132048408
"GNG11",2.9960329903761,0.325211307507302
"GNG12",4.57539849830649,0.189396262122621
"GNG4",3.42633676740064,0.183759073132626
"GNG7",5.82622615785825,0.309775353787293
"GNL1",4.97580095727064,0.257632755304477
"GNLY",10.0540012631983,0.982566621881323
"GNRH1",4.53569454205401,0.446968165725866
"GNRHR",2.81891055456154,0.163778502177397
"GNS",7.60324190709999,0.476081535935617
"GOLGA1",6.2813788515955,0.322281180438035
"GOLGA2",6.28368342750223,0.430166517013655
"GOLGA3",4.8077366569841,0.218108582052558
"GOLGA4",6.99543657761467,0.650956749293658
"GOLGB1",6.36750566879025,0.27126693696223
"GOLIM4",5.21143257232538,0.361873789515567
"GORASP1",5.15500617865694,0.328816293355588
"GORASP2",7.60888338190166,0.588875607168665
"GOSR1",4.8628779449072,0.443728446663112
"GOSR2",5.07025670596065,0.366486764585284
"GP1BB",6.77968822272411,0.804926445573224
"GP2",4.4327116252776,0.23508710791133
"GP5",3.69638862896395,0.401037924883937
"GPAA1",7.62177181073208,0.289357674483293
"GPATCH8",7.42267122140362,0.458263763707049
"GPC1",4.33924883181585,0.302272156182451
"GPC3",3.73741580440417,0.299248566159619
"GPC4",3.67628367868562,0.207150037675316
"GPD1",3.81192024943835,0.235655892814042
"GPD2",4.43152260584592,0.355154438968676
"GPER1",5.32667399513653,0.548361745404521
"GPLD1",3.307272479318,0.184383215278079
"GPM6A",2.98716580909417,0.289925148569635
"GPM6B",4.07152203361042,0.55516485594019
"GPNMB",2.97935627624973,0.241766383166973
"GPR107",5.86959097583368,0.324471794835632
"GPR116",3.42757227388427,0.261281619084126
"GPR12",4.00015802242247,0.241895960980452
"GPR125",2.73549611973372,0.135250432752077
"GPR126",3.22976224693137,0.195153945378541
"GPR135",3.44471247098581,0.214791310729522
"GPR161",4.39301070306908,0.268298691072923
"GPR17",3.46743035907126,0.203196415779687
"GPR176",4.37333285971123,0.229056103773046
"GPR182",3.98179126336122,0.226951901194198
"GPR37",2.72926467696529,0.128913734799141
"GPR37L1",3.79843326877613,0.243420754506971
"GPR39",4.28927074106033,0.269277343938259
"GPR4",4.16689258559298,0.243054833327524
"GPR56",6.36600021754191,0.589296566293953
"GPR6",3.92701539817983,0.207117823986294
"GPR68",5.7122884135158,0.400678966063942
"GPR98",2.73711982578701,0.151066243215788
"GPRC5A",3.812529750446,0.182350264109845
"GPRC5B",4.37150061058744,0.250560289960561
"GPRIN2",4.61021020223275,0.246232597458658
"GPSM2",4.52757431761402,0.366852769931932
"GPSM3",9.0614290331601,0.452644945818202
"GPX2",3.77695960564931,0.202129807499385
"GPX3",4.47318504181558,0.529963756898879
"GRAMD4",5.27986881671393,0.250031917329971
"GRAP",4.5886580720234,0.323686625746404
"GRB10",5.5798063640915,0.881556127978557
"GRB2",9.07174270139006,0.321539365483576
"GREB1",3.3555541117192,0.243084435271164
"GREM1",2.9125391467185,0.158204667941649
"GRHPR",7.17816139281843,0.384744958437252
"GRIA1",3.07729159240311,0.186282350545124
"GRIA2",2.74584278403424,0.129681878872499
"GRIA3",3.28555718114709,0.216581805707001
"GRIK1",3.8994858980313,0.346358444002066
"GRIK2",3.1362216026499,0.191193050162766
"GRIK3",3.01414851739624,0.172006918446186
"GRIK5",4.58200299522363,0.329150701492873
"GRIN1",5.51772947557548,0.34444397087228
"GRIN2A",2.79508504627493,0.138236594785904
"GRIN2B",3.89009276345158,0.217535011347446
"GRIN2C",4.67551550527009,0.22671592790908
"GRIN2D",3.57848314417926,0.251882234616985
"GRIP1",3.271848836262,0.238008077750432
"GRK4",3.07417070529371,0.161768761063122
"GRK5",5.78255214560776,0.311469748571948
"GRK6",8.61711970384234,0.370040271694402
"GRM1",3.66849391254073,0.200602639277459
"GRM2",4.79638165622365,0.230534508025795
"GRM5",3.44897789176625,0.242395243415418
"GRM7",3.02922085483489,0.156507176360569
"GRM8",3.55486437584093,0.199097586764102
"GRN",9.73394854051845,0.532618055928044
"GRPEL1",6.76099851458549,0.511641896760566
"GRSF1",6.78759144120565,0.499936727667823
"GSAP",7.83332155831156,0.792078363570303
"GSE1",6.78221477839355,0.466754854561313
"GSK3A",7.04470202982672,0.315008435289269
"GSK3B",7.18793988674468,0.411743880801969
"GSN",4.00838561912345,0.333230015004167
"GSPT1",7.65414292285681,0.738406017742673
"GSR",7.02371723317962,0.41219117829295
"GSS",7.05349758997937,0.346411810030271
"GSTA1",4.03353932778433,0.339169446446777
"GSTA4",4.80185028570451,0.354429523675957
"GSTM1",6.48728608346763,0.522902021058555
"GSTM3",4.50158181695075,0.370130237725694
"GSTO1",9.85016235357369,0.397901012543435
"GSTT1",4.23370377958125,0.392523694449849
"GTF2A1",6.34142429659399,0.464639540212552
"GTF2A2",6.24772625116163,0.441820790418344
"GTF2F1",6.18445716312398,0.375696986915248
"GTF2H1",4.33620774460718,0.361367745875211
"GTF2H3",7.68345294372972,0.560586173410155
"GTF2H5",3.28901444350449,0.306026384563295
"GTF2I",8.51700599921033,0.455130782406867
"GTF3A",9.04505789104944,0.528872243302418
"GTF3C1",7.00577329312759,0.333001170695044
"GTF3C2",7.27331208565746,0.433957585799942
"GTPBP1",5.56120710924625,0.349312204577334
"GTPBP10",3.06407709555045,0.177488246550616
"GTSE1",5.96115035577249,0.330299476159699
"GUCA1A",5.13456776678489,0.214047953001372
"GUCA1B",5.31873671341652,0.25286541633203
"GUCY1A2",3.45288046325951,0.172358135167708
"GUCY1A3",4.90304735001926,0.532966434803894
"GUCY1B3",4.75450140348968,0.548683808392811
"GUK1",5.56558056591438,0.548203395178285
"GULP1",3.11487556067739,0.256603444432328
"GUSB",6.50940091839284,0.301947654914799
"GUSBP11",5.43341657333833,0.255621880636737
"GUSBP3",6.27897528121473,0.787159426314293
"GYG1",9.18113180727069,0.589840280374421
"GYG2",3.69403019823533,0.224620989603205
"GYPA",3.71141261529713,0.58675292681209
"GYPB",5.4788146308559,0.769631464046741
"GYPE",2.84650003439293,0.144121725514298
"H2AFV",7.66018018913117,0.44766904960773
"H2AFX",5.03775202594622,0.314441811437923
"H2AFY",8.99321847497184,0.553370259382963
"H2AFZ",9.33374491044891,0.33067028576645
"H3F3A",8.65302063185602,0.560317023807803
"H6PD",4.21803932793152,0.251514796222935
"HABP4",4.40118390445906,0.248296147135215
"HADH",4.92687751149812,0.468167048170174
"HADHA",8.39600531041897,0.408236987168706
"HAL",5.34401902456163,0.482653901063122
"HAP1",5.21581641964151,0.285692806760359
"HAPLN1",3.96515391490854,0.267715971629765
"HAS2",2.88586670209781,0.153216914834399
"HAUS5",5.54454957601038,0.320433664219667
"HAUS7",4.81342042803907,0.363021630431738
"HAX1",7.16233348798089,0.401138478304279
"HBB",11.810880383325,0.847716771000024
"HBE1",5.12664364680189,0.388003780544457
"HBEGF",4.43952043970724,0.236422766083488
"HBP1",5.42844420191854,0.560473582192939
"HBS1L",5.2043259519218,0.451389722850669
"HCCS",6.69338376255156,0.414727758616583
"HCFC1",4.77405938970032,0.282687935014049
"HCG8",2.82825408095185,0.197506757077819
"HCN2",3.49982230823702,0.296663752979757
"HCN4",4.45267017127674,0.243499238764662
"HDAC2",6.20924168636425,0.457442286790034
"HDAC4",6.43866313102188,0.470077655860001
"HDAC5",7.46414685339159,0.345993815301986
"HDAC6",5.8033931588918,0.275179199082583
"HDAC9",5.781957599473,0.585826645677233
"HDDC2",6.60920710163178,0.568202475127139
"HDGFRP3",3.40047834887091,0.264909339215753
"HDLBP",5.02483678713202,0.290095846062915
"HEBP2",6.80221190658649,0.34999765549129
"HECTD4",4.27185763331365,0.31614985235795
"HECW1",3.92036518692758,0.223279221720434
"HEG1",6.0031133134539,0.501224467139465
"HELZ",6.55647747608635,0.508358703028627
"HEPH",2.90970874392848,0.1674676530115
"HERC3",5.24804383422369,0.29548910861697
"HERC4",4.82886557591167,0.50892142906749
"HERPUD1",9.58488762944461,0.410292707403566
"HES1",3.65092941134351,0.203640428817693
"HES2",4.92267272761146,0.227737893179721
"HEXA",5.89745527559406,0.344648409277349
"HEXIM1",6.84603121774343,0.362472906762234
"HFE",4.8909196074809,0.260682231527506
"HGD",5.3762804935944,0.532940740538133
"HGF",4.49580499848792,0.308811159535975
"HGS",5.16697554117138,0.45607523574055
"HHEX",7.66690814014359,0.681583349242898
"HHLA1",4.96768197574378,0.229667002558657
"HIBCH",4.82790845696227,0.593572040047947
"HIC1",4.39756122921999,0.313908458424308
"HIC2",5.88450325378692,0.365701946124899
"HINT1",7.86752655935547,0.643253966521693
"HIP1",5.57600137879447,0.747188776156686
"HIP1R",6.82309614525009,0.365668432389414
"HIPK1",7.07806881023145,0.4912409781627
"HIPK2",5.24393011935405,0.326954228740282
"HIPK3",4.28471110346199,0.55943609524567
"HIRA",6.03011261371128,0.460918383896251
"HIRIP3",4.67897811019303,0.256753547864823
"HIST1H1T",4.769032848844,0.425005131734136
"HIST1H2AG",5.06510516911829,0.569066038860312
"HIST1H2AK",3.69545386586297,0.220912355874188
"HIST1H2BC",6.47226660532961,0.690433182366987
"HIST1H2BD",7.64329773264985,0.698900703687
"HIST1H3A",3.88178450459617,0.374313675846062
"HIST1H3E",3.80075732852474,0.380109212500639
"HIST1H4A",4.17873375636442,0.277920698665005
"HIVEP1",5.46442559468995,0.417545095908814
"HIVEP2",5.16649185591602,0.257360111676008
"HK2",6.60877421745456,0.402425186704704
"HLA-A",13.4183338340698,0.206219861674065
"HLA-B",13.1370498198598,0.369351382006677
"HLA-DOA",5.74748401508573,0.379925405437537
"HLA-DOB",5.90963284808326,0.659667649078172
"HLA-DPA1",7.77872045164944,0.835021626513944
"HLA-DPB1",10.8278503623054,0.644405941138315
"HLA-DQA1",7.10134836908626,1.33667494768567
"HLA-DQB1",9.95622113081653,0.6999072110478
"HLA-DRA",11.5476537974786,0.704829580023491
"HLA-DRB1",11.694060621233,0.533259861746448
"HLA-E",11.4592355039897,0.371542770502296
"HLA-F",9.60973110921645,0.394891628369939
"HLA-G",11.2637495278842,0.287456730392858
"HLCS",4.61027010965285,0.239585669415246
"HLF",3.46172650796769,0.170512709369427
"HMCES",6.43486825941446,0.349037989346126
"HMG20B",5.07519345297823,0.326648508252987
"HMGA1",5.52797756846433,0.300581393884122
"HMGA2",3.97291624144715,0.18528539461089
"HMGB1",8.22352044829147,0.554744935179192
"HMGB2",5.02378623060012,0.447392826158073
"HMGB3",4.59877269194319,0.228094309021041
"HMGCR",6.68549030398826,0.541522155785709
"HMGCS1",4.759404013203,0.435201609303984
"HMGCS2",3.90057063537767,0.213126199800457
"HMGN1",9.60078465784127,0.484493595588585
"HMGN4",9.16571817052241,0.565998021026375
"HMGXB3",6.80025186803875,0.20098534383611
"HMGXB4",6.44204972734106,0.486430560498145
"HMHA1",7.91480458013483,0.415852771607886
"HMMR",3.60796199088692,0.34115468037564
"HMOX2",6.89951991095714,0.311350450434822
"HN1L",5.95525442043576,0.366562330084418
"HNF1A",5.36808514224784,0.303953516296821
"HNF1B",4.89266300487953,0.266882218883475
"HNF4A",4.26396546193917,0.236935364970439
"HNF4G",2.69201492336651,0.131984357799365
"HNMT",6.43342617352635,0.705158912337546
"HNRNPA0",6.47637594333626,0.464560323634119
"HNRNPA1",10.6218827972785,0.436200842158561
"HNRNPA2B1",7.24858647083332,0.471998819414349
"HNRNPA3",7.4623219236681,0.48029806889008
"HNRNPC",8.68819799227392,0.371632446553547
"HNRNPD",6.16218041231787,0.339359547706341
"HNRNPDL",5.40712644332849,0.610491565950573
"HNRNPH1",5.86526176268763,0.647133423676844
"HNRNPH3",8.21198225711244,0.528860407259378
"HNRNPK",10.2759055262678,0.381762657437122
"HNRNPL",7.46294359694288,0.450270091339674
"HNRNPM",6.41221549593228,0.452174546685663
"HNRNPR",8.94356393789027,0.551225370171163
"HNRNPU",5.65996190601871,0.46541015830167
"HNRNPUL1",7.38824510750924,0.346861096675136
"HOMER1",4.77500509371387,0.371956532811323
"HOMER2",3.35148653356656,0.180036938000222
"HOMER3",5.49015779586451,0.473738692499684
"HOPX",7.24127677019045,0.817523549508023
"HOXA10",4.24925680713189,0.329279356959492
"HOXA11",3.72909750137935,0.253264520563503
"HOXB1",4.05708298822556,0.259245691594975
"HOXB13",4.40181617946858,0.228808952098867
"HOXB3",5.49459640203226,0.360753939085034
"HOXB5",4.9926870044893,0.273248880297262
"HOXB6",3.48594484376269,0.220147930224054
"HOXB7",4.13781291936915,0.216005649204832
"HOXD1",2.9210537393001,0.165515089622822
"HOXD10",3.92632796355994,0.269149056391643
"HOXD13",3.72977850744261,0.183212125515363
"HOXD3",3.04773261035594,0.267216170949936
"HOXD9",4.61161574216978,0.243203884946444
"HP",6.7795678849835,1.10191715730077
"HPCAL1",9.43476805149768,0.395349701155209
"HPGD",4.39667192421854,0.541447726001996
"HPRT1",6.76811217013498,0.54671085966494
"HPS1",6.33775054543495,0.51475025373837
"HPX",5.49031251635649,0.205167430301545
"HR",4.45570600040871,0.24871815248418
"HRG",3.98255375268999,0.202581755372146
"HRH1",3.7876429912246,0.200740869149034
"HRK",4.15294412143065,0.460575809807158
"HRSP12",4.99174256289227,0.509021833654038
"HS2ST1",5.16380783663648,0.558337001287763
"HS3ST1",3.66063417766256,0.279905682244297
"HS6ST1",5.16281966784754,0.229993840421842
"HSBP1",8.05629632398722,0.431011944538795
"HSD17B1",4.30332377259008,0.234027573374053
"HSD17B4",4.854544771561,0.332029030305398
"HSD17B6",2.92664081766573,0.167136888368622
"HSD3B1",3.09092903167352,0.184690371652981
"HSD3B2",3.04289820251351,0.154456248212989
"HSDL2",5.18090038633131,0.593275892290151
"HSF1",5.80760678239715,0.292486302157687
"HSF2",4.1946511453263,0.303244113372881
"HSP90AA1",9.84906102716939,0.69182222663148
"HSP90AB1",8.48887368294461,0.727288847359094
"HSP90B1",7.52102084339316,0.760461816229649
"HSPA12A",3.9464435034954,0.243023642826449
"HSPA13",4.58512239441138,0.467117185134347
"HSPA1A",7.58062824883597,0.616334017050996
"HSPA1L",4.97304915539939,0.265918000173646
"HSPA4",6.55793595177087,0.425189102414387
"HSPA4L",2.80040521752588,0.157892074434724
"HSPA5",8.06497041635947,0.32842089263553
"HSPA6",9.08762602659186,0.569774115887058
"HSPA8",10.6100356633377,0.782716921705705
"HSPA9",5.45058324814349,0.51987232465559
"HSPB11",5.4909115391489,0.558608435241073
"HSPB6",3.70764666677382,0.251835936360977
"HSPD1",6.43947151383389,0.929615135507263
"HSPG2",5.22055391349291,0.292047143078763
"HSPH1",5.63062929801812,0.544255849712789
"HTATIP2",7.81891319868545,0.476905900815258
"HTATSF1",6.77211914984847,0.578941748425818
"HTR2A",3.31954639941159,0.244302638432907
"HTR2C",2.76236759002197,0.139525008418027
"HTR3A",4.07513563601139,0.298608872089566
"HTR4",5.12577103869375,0.237404306635411
"HTR6",4.05320936456017,0.260578947642249
"HTR7",3.63818952957959,0.19903441501207
"HTR7P1",4.0564735288336,0.339376815373801
"HTRA2",7.06812484720358,0.268991413619031
"HTT",6.71099985605764,0.241172983088347
"HUS1",3.36978909715481,0.28017762427536
"HUWE1",6.33598935133444,0.223876526707191
"IAH1",8.23524699148666,0.475991726262239
"IBSP",4.01530304165048,0.212042764935301
"IBTK",5.00641488885147,0.734127063716622
"ICA1",4.87489018354514,0.283489987772784
"ICAM1",5.77147576923096,0.462818750139489
"ICAM2",8.97959029300319,0.57976534914556
"ICK",3.43435603867863,0.281212353530302
"ICMT",4.39670522167877,0.188367990169218
"ICOSLG",5.38255524890995,0.309495296634199
"ID2",7.83161500091965,0.631943596776132
"ID4",3.75576170021133,0.228911485643243
"IDE",5.20531438049868,0.331095783936163
"IDH1",5.53080666743312,0.526194268844351
"IDH2",6.00879334711063,0.399067984129734
"IDH3A",5.81644993516275,0.417109156273879
"IDH3B",8.1084353557112,0.369179007970229
"IDH3G",7.36111682136608,0.276057272963783
"IDI1",6.64577849032089,0.468897592505011
"IDS",6.57940936677185,0.519476528340469
"IDUA",5.46363639640955,0.303891638702868
"IFFO1",7.80918861613876,0.343436354091303
"IFI16",9.0488185636783,0.630894417891415
"IFI44",6.79176761000398,1.23157074688935
"IFIH1",4.93570042676323,0.633621300145533
"IFIT2",7.57585904908806,1.04604232030335
"IFIT3",8.97325235986075,1.04914102299667
"IFIT5",7.15405115172782,0.732682784424857
"IFITM1",12.073835453004,0.434151003595579
"IFNA5",2.85328629373724,0.132569108932113
"IFNAR1",5.99168902310062,0.494864064526075
"IFNAR2",7.32392006339292,0.524811513882002
"IFNGR1",9.26395938379554,0.767495058814975
"IFRD1",7.20892248110275,0.766564972858378
"IFT140",3.73792893973633,0.198911235442124
"IFT27",4.58639253989876,0.233466398441632
"IGF1",4.23819534529118,0.202129917572442
"IGF1R",5.95384661103381,0.604421442199225
"IGF2BP3",3.54058259242109,0.357659478697721
"IGF2R",8.00440964510875,0.663801218836153
"IGFBP1",2.96019240077638,0.157502132562482
"IGFBP3",4.28810559852392,0.268800110613017
"IGFBP5",3.2319513429212,0.216511598247437
"IGFBP7",7.06327865768168,0.582387128157231
"IGHMBP2",6.44290233752663,0.226781314248876
"IGKC",3.68910564738556,0.234529329199097
"IGSF1",3.75221541636664,0.205235221554289
"IGSF3",4.7551572549564,0.270612087263688
"IGSF6",7.8488230839918,0.613431881113744
"IGSF9B",4.8696602695864,0.289716193309968
"IHH",5.36383688724716,0.262310317174356
"IK",6.03534052356496,0.387978505218274
"IKBKAP",6.09106213714774,0.336722988676803
"IKBKB",6.25972396951532,0.453652658917154
"IKBKE",6.645190751886,0.357018364775484
"IKBKG",7.26967764150575,0.227018786432965
"IKZF1",6.35930946034922,0.474531211535235
"IL11",4.38450666379348,0.263250414650126
"IL11RA",5.73687971135012,0.268944581537742
"IL12RB1",6.97593585099176,0.318530749165265
"IL13RA1",7.92460135173586,0.761072266038601
"IL15",5.58129509881929,0.651022471896696
"IL16",5.73246104918625,0.407802344705042
"IL17A",3.27276282401599,0.165338232739911
"IL17RA",9.13547708210988,0.522742192403038
"IL1A",6.03798855410302,0.541307927088305
"IL1B",7.91447799082043,0.888950757785101
"IL1R1",4.24085002263295,0.426923357730781
"IL1R2",8.51954322201381,1.29833477136332
"IL1RAP",6.4224538571711,0.544236254087356
"IL1RL1",4.81698280045323,0.28373733051616
"IL1RN",7.29020075949829,0.75168315802997
"IL23A",5.56755953073094,0.492340693516882
"IL27RA",5.72211071056753,0.442165437340637
"IL2RA",4.34427954894067,0.329242136290701
"IL4",3.31100613793544,0.265988329234601
"IL5RA",4.32334130842976,0.426047228047977
"IL6R",8.31741622358224,0.541504838342598
"IL6ST",5.80805926344691,0.563347024437278
"IL7R",10.2461908440512,1.08689847077471
"IL9R",4.3783820285275,0.263720320600857
"ILF3",6.8235088472381,0.652003264567635
"ILVBL",5.27676147806723,0.236951004524238
"INADL",4.76835558925534,0.473319843915243
"ING1",6.37803922324618,0.381504872992133
"ING2",4.49449853142236,0.323430913669801
"ING3",5.54606821528919,0.381866461389049
"INHBA",3.57141401878061,0.487916684045625
"INPP4A",6.78695793203913,0.559140438646232
"INPP4B",5.16368763510321,0.838557209259778
"INPP5A",7.33951894620562,0.343648750619441
"INPP5B",5.01266963524189,0.291608581959705
"INPP5D",7.90363644764681,0.440585617066522
"INPP5F",5.69600206336746,0.391062015084801
"INPP5K",7.82847346192155,0.385397491060792
"INSIG1",6.71887892223611,0.612986270765824
"INSL3",4.93403188866929,0.33308468640707
"INSR",5.54790392416932,0.413461859403032
"INTS1",6.56440281364115,0.367778963463648
"INTS10",4.77929555079577,0.466544397748387
"INTS3",6.34941561001647,0.349069131436812
"INTS9",5.3319371628596,0.25350201727634
"INVS",2.88070299290299,0.143920705034291
"IPO4",6.51867762267612,0.388236317392686
"IPO5",6.07179231266853,0.543988661390251
"IPO7",7.08980082676184,0.687083071152153
"IPO8",6.6768503355336,0.383859157516657
"IPO9",6.39445198659998,0.306901922540057
"IQCB1",6.34020321470944,0.380090659662794
"IQCE",5.07080254804332,0.332371473191001
"IQCK",3.6567762626753,0.185331387186578
"IQGAP1",9.50309798589482,0.81353915698896
"IQGAP2",6.31106904389753,0.698847484079036
"IQSEC1",8.51658494885656,0.323667747128334
"IQSEC2",4.98883306361434,0.288929061590203
"IQSEC3",3.7956373482455,0.218113210688493
"IRAK1",8.2535630409584,0.353496935049433
"IRAK3",5.77709122447706,0.935189000933405
"IREB2",5.10560172583937,0.504077973916045
"IRF1",9.74654508989539,0.506960160457285
"IRF4",4.80619755407534,0.236400980919021
"IRF5",6.84309857732197,0.634339465002303
"IRF6",3.81008570220867,0.205929714322243
"IRF9",7.66199531126561,0.425786711328257
"IRS1",4.42773552390851,0.311938326859281
"IRS2",8.64755396999041,0.794588333295746
"ISCA1",8.19151480477402,0.759964488873718
"ISG20",9.58011213483977,0.492308612837112
"ISG20L2",6.5344434576716,0.331842658184344
"IST1",7.94384818513702,0.263888800977111
"ITCH",5.58642945213027,0.504638618967881
"ITFG2",5.72760685643985,0.299664222865296
"ITGA2",3.43308841817897,0.190592762848795
"ITGA2B",5.06414533271232,0.566837872048379
"ITGA4",6.58574837342797,0.988626435158479
"ITGA6",5.68877663388087,0.730911195490711
"ITGA7",4.36645177097674,0.331838295196844
"ITGA8",3.39251767202992,0.190489794304772
"ITGA9",3.77500206205241,0.23620547214337
"ITGAL",8.35930733873438,0.436670764764077
"ITGAX",5.61385392065378,0.345525617759389
"ITGB1",4.63288565716964,0.516990446524361
"ITGB1BP1",5.96212710707026,0.443290021018397
"ITGB2",10.4045561056906,0.589558004435253
"ITGB3",4.71377299920492,0.501757798960475
"ITGB4",4.1250101644566,0.282541285037746
"ITGB5",4.64760710812635,0.307757289220662
"ITGB6",3.31227928058224,0.248732089475519
"ITGB8",3.08921999336403,0.243943624955546
"ITGBL1",2.93193430955028,0.262060466073987
"ITIH4",5.38629858496154,0.415110986476707
"ITM2A",8.66406405764236,0.847353323152791
"ITM2B",12.0281823350077,0.377837440467918
"ITPK1",8.46192647839054,0.381656916555631
"ITPKB",6.6160741045487,0.530806868404401
"ITPR1",5.79977851562959,0.540842176249746
"ITPR2",5.95426820913845,0.291631807821777
"ITPR3",4.90022897560798,0.324431215572382
"ITSN1",3.55561888770779,0.203155450704795
"ITSN2",8.29246672938688,0.517372141713449
"IVD",4.17780419973632,0.210948310470406
"IVNS1ABP",6.64251913426371,0.319998838771817
"IZUMO4",4.48730851930389,0.216218238437281
"JADE2",7.62601672655449,0.577975439369285
"JAG1",4.29938991116265,0.305100026998011
"JAG2",5.08570390960882,0.28369089931576
"JAK1",7.47836297476332,0.747695159985116
"JAK2",6.26760892148562,0.725473958099765
"JAK3",8.33340657418258,0.428333234926619
"JAKMIP2",4.06600203759598,0.332160832465525
"JAM3",4.30363550709613,0.388990686502629
"JARID2",6.91669108050032,0.317163273518046
"JMJD1C",7.70443635295442,0.608499870674943
"JMJD6",4.94881251872252,0.357290648411869
"JPH3",3.92676507647917,0.2152208054351
"JRK",5.26688209161477,0.238321671612617
"JRKL",4.11186280179942,0.378948973824211
"JTB",10.7939303170675,0.250910424206784
"JUN",4.37102370025304,0.70221236903168
"JUND",5.18462974038609,0.299296250551045
"JUP",4.54223241348834,0.332875255927223
"KAL1",3.56834910943741,0.297846563842747
"KALRN",4.09374289863051,0.211194346707999
"KANK1",3.64236243136496,0.230992086172586
"KARS",10.0842804119389,0.391007066659036
"KAT5",6.96242383128062,0.272495750881209
"KAT6A",6.42416908421861,0.423684658811324
"KAT6B",4.21010637770044,0.422683218723182
"KAT8",5.83944007214158,0.349589859463545
"KATNB1",4.15806560285347,0.258056981868471
"KAZALD1",4.40378273142947,0.27672395579947
"KAZN",4.37696312893149,0.254144521479051
"KBTBD2",6.76093263297552,0.61269142680028
"KCNA1",3.98753860373969,0.204181056663218
"KCNAB1",4.4769876949308,0.449652999072905
"KCNAB2",5.87733588255898,0.337300669142264
"KCNB1",3.5943148648118,0.187164967172692
"KCNB2",3.52701729164019,0.240772473836858
"KCNC1",3.30692950838668,0.145300142664745
"KCNC3",4.6943169939715,0.296850505162689
"KCNC4",4.45216053209238,0.221161059270448
"KCND3",4.30446256145766,0.237803537604479
"KCNE1",3.55435432733165,0.256618532460056
"KCNG1",4.87376258746036,0.330522320433581
"KCNH2",4.56087392237842,0.316156413382171
"KCNIP4",3.75409726101899,0.189608850978666
"KCNJ1",3.46695095700789,0.212346275927902
"KCNJ10",3.53519007540654,0.195740566385052
"KCNJ12",3.54314621642009,0.23195220867778
"KCNJ13",2.74589170267799,0.19879176229744
"KCNJ15",5.78574791746304,0.593293755824944
"KCNJ3",3.12497486536164,0.207357159304689
"KCNJ4",4.1608586843089,0.283955144840162
"KCNJ5",5.22664259746937,0.26379652878416
"KCNJ6",3.85518415500508,0.229121705946905
"KCNJ8",3.44874937001558,0.176230019971942
"KCNJ9",3.96129016177586,0.218017916184193
"KCNK1",3.91965599803913,0.223902328939414
"KCNK3",4.34292095584526,0.200884070472851
"KCNMA1",3.47998771036117,0.251436352045965
"KCNMB1",5.21903936124615,0.483368430427791
"KCNN3",3.80449230181495,0.290830172169225
"KCNQ1",6.30168234737118,0.3146144273057
"KCNQ2",4.18920465697127,0.283272956816739
"KCNQ3",4.42229414214372,0.23866900814937
"KCNV1",2.62330542998888,0.14475199854704
"KCTD12",8.84253171771582,0.897320626096677
"KCTD17",5.85884260106154,0.284642284566723
"KCTD2",7.21514505891888,0.24129749107076
"KCTD20",7.97842365636763,0.317449924212085
"KCTD7",5.32626000021973,0.355056134207419
"KDELR1",7.9497976541452,0.346095084698733
"KDELR2",6.45772396224974,0.652380120007087
"KDELR3",3.51140492442881,0.20175051326803
"KDM2A",6.99901655867691,0.382937177745901
"KDM3A",5.75684362344827,0.499145846223398
"KDM3B",8.20770686259427,0.363862425274882
"KDM4A",6.13937091614955,0.275064085332214
"KDM4B",6.24114047318586,0.610158767623733
"KDM4C",3.95534305799922,0.379163376005714
"KDM5A",7.96378887214777,0.578385020764881
"KDM5B",5.07303145592485,0.324276615136597
"KDM5C",5.34861091104779,0.38797948607396
"KDM6A",5.41319502927913,0.658214062830484
"KDM6B",7.68487996632968,0.616125642409513
"KDM7A",7.84549166603583,0.469181457109621
"KDSR",3.69686327761948,0.303524245536023
"KHDRBS1",7.3524226270101,0.337604871170488
"KHDRBS3",3.46938427748543,0.215086485687182
"KHK",4.93614572367688,0.269087661029613
"KHNYN",8.05776415822866,0.50985587490372
"KHSRP",5.73675375251228,0.325765395819448
"KIAA0020",5.26865586058811,0.302933779101079
"KIAA0040",7.33540505487156,0.418856277281642
"KIAA0100",7.04136055219147,0.353878211174821
"KIAA0101",4.35489065131781,0.420837890694532
"KIAA0125",5.49256511840291,0.704649553200938
"KIAA0141",6.51690160180323,0.363746345623061
"KIAA0195",5.4788160969278,0.208585645474682
"KIAA0226",5.4828672561305,0.292457500091664
"KIAA0232",8.10526915619071,0.450074158483521
"KIAA0368",6.07300831985537,0.491689058027038
"KIAA0391",7.73528115139597,0.409544896768691
"KIAA0408",3.07197442160804,0.178588426042106
"KIAA0430",8.27566511959078,0.503488648329459
"KIAA0513",7.74019248816672,0.36707553235254
"KIAA0586",5.76520332518684,0.259427434056946
"KIAA0907",7.11495046071214,0.618967850576928
"KIAA0930",7.8694500249185,0.5285242980698
"KIAA1033",8.26229274366318,0.759374427200914
"KIAA1045",3.62462498596472,0.234471072793342
"KIAA1107",2.93906032394722,0.175866605926929
"KIAA1109",3.48881634732192,0.281614850874246
"KIAA1211L",4.36600728212547,0.297080442974163
"KIAA1462",2.87215260052732,0.139456270091156
"KIAA1467",4.55975835497411,0.198346401222394
"KIAA1549L",3.76415115706443,0.195097360094733
"KIDINS220",6.64546035779781,0.414399543490351
"KIF14",3.21439755346157,0.25110064849936
"KIF1A",3.18359229758004,0.176026940058985
"KIF1B",5.54842843384609,0.39592859831772
"KIF1C",5.42489010183828,0.307515556822999
"KIF22",5.45125516631145,0.344891834813602
"KIF23",2.99809562371997,0.234465976596044
"KIF25",5.01078082881185,0.222525120651946
"KIF25-AS1",2.76116944513257,0.137433830337287
"KIF2A",6.16854832229479,0.623063915065767
"KIF2C",4.39073828174622,0.312717439098394
"KIF3A",4.87695866872824,0.528350655782567
"KIF3B",6.39771682026951,0.324311656113213
"KIF3C",5.47692567773022,0.309372297301074
"KIF5A",4.42033300912611,0.203577983695392
"KIF5B",6.52987001754907,0.476515211714001
"KIF5C",4.76327611720294,0.405015199035667
"KIFC3",5.52580428921117,0.341569370901723
"KIN",4.11434536007714,0.401197691245136
"KIR2DL1",5.53104820855733,0.508394489263342
"KIR2DL4",4.90062382621836,0.473862532598555
"KITLG",2.92665253522927,0.163147662991781
"KLC1",6.58804852255355,0.321419891409892
"KLF11",5.90467067006211,0.563854708750756
"KLF12",5.80853858576486,0.509764015132421
"KLF4",5.8908984957717,0.545942178447857
"KLF5",4.40506484037391,0.532251960228597
"KLF6",10.1131727220748,0.4893931152721
"KLF7",6.14720947747009,0.519762888121197
"KLF9",6.26684796089078,0.574145643653871
"KLHDC10",5.74356068775191,0.448600584540167
"KLHDC3",7.03774310084131,0.378196324672878
"KLHL18",6.38097942635485,0.269680440553025
"KLHL20",4.95057962971131,0.37369713440973
"KLHL35",5.05209300192753,0.313761829139547
"KLHL4",3.02370653322317,0.15467535244141
"KLHL9",4.4947845641976,0.312001397230962
"KLK10",3.49356654442367,0.183259756007958
"KLK13",4.24643692768887,0.278755727530918
"KLK2",4.29946113565275,0.295347647732895
"KLK3",5.48443819563119,0.251875544642242
"KLK7",3.97970333787906,0.242375994738113
"KLK8",4.41673969008102,0.234603679455546
"KLRC4-KLRK1",7.51415164944638,0.91893686242506
"KLRD1",7.1718453394367,0.992762657312208
"KMO",5.72492889600502,0.677480718707107
"KMT2A",5.83630775560308,0.463843952300684
"KMT2B",3.67748134618142,0.239537293758232
"KMT2D",6.96285845613634,0.437269588715654
"KNG1",3.21268181588162,0.223066493099696
"KNOP1",5.51769276078387,0.376538329814263
"KPNA1",7.35530786574071,0.35311681140338
"KPNA2",7.66278064496971,0.459378422071292
"KPNA3",7.35567261135257,0.58886441087984
"KPNA4",5.83161541733583,0.33376479881501
"KPNA5",5.33626244426839,0.677748695243216
"KPNA6",4.2285937760736,0.247618963716837
"KPNB1",8.98701392628661,0.446099286177778
"KRAS",5.90910834671405,0.461524497108734
"KRIT1",5.15010407613163,0.307594116499462
"KRR1",5.04585919857792,0.540009230257749
"KRT10",7.43126287323269,0.557652497102409
"KRT19",3.85748217391615,0.269648970093317
"KRT4",4.55554343351401,0.266295306101679
"KRT6A",3.65308873219363,0.177239835016254
"KRT7",4.22759914745952,0.235727885542523
"KSR1",4.94866764110106,0.315038778601883
"KTN1",7.62550332389999,0.76494054540801
"KXD1",5.82649225980089,0.190609181872741
"KYNU",6.73733782975335,0.499383469419434
"L1CAM",4.50172008047887,0.255921971801408
"L3MBTL1",5.52215557870891,0.227477004919474
"LAD1",4.8756817723569,0.291758006569213
"LAIR1",7.67838815181018,0.511589545145289
"LAMA1",3.58528645169238,0.222412926334903
"LAMA2",3.26183693421964,0.154357297050851
"LAMA3",3.46921262586342,0.196693390742482
"LAMA4",3.91622001907846,0.272460016812555
"LAMB1",2.9178961042689,0.226395352957247
"LAMB4",3.04138915885636,0.176471572383362
"LAMC1",4.50455779153147,0.278389626526616
"LAMC2",3.57202039264378,0.231701648385008
"LAMP1",7.93185472106696,0.709945306376732
"LAMP2",8.24920728833018,0.628915868187
"LAMTOR5",9.04042767878926,0.409079857169754
"LANCL1",6.61958625196925,0.616002493496764
"LAPTM4B",4.51199853247287,0.471350727647058
"LAPTM5",12.0294400147568,0.420482835910706
"LARGE",4.28037307544351,0.232473988344202
"LARP1",4.97723034641306,0.363894038709706
"LARP4",4.19466796101029,0.294593271228375
"LARP4B",5.93490454761925,0.446251908438409
"LARP7",6.18917850473554,0.456673003547551
"LARS2",5.16050681858154,0.439247311085312
"LAS1L",4.5470570797937,0.220802161864855
"LAT",7.5000475056314,0.62032656083544
"LBP",3.36395909172284,0.149584698292307
"LCAT",4.28427521284737,0.220677794289623
"LCK",8.47158302037227,0.944586687839195
"LCMT2",3.76050934673648,0.50840986453705
"LCP2",8.33582491742303,0.607977930150861
"LDB1",6.68176279355909,0.247120945416248
"LDB2",3.28728930436109,0.246367718268783
"LDB3",4.53792749533985,0.315239444256132
"LDHB",10.4863227871954,0.767116140118686
"LDLR",3.14277503880686,0.195469278943782
"LDLRAD4",4.96087061522188,0.425758427733956
"LEF1",5.21104671888491,0.349930146931487
"LEFTY1",4.23219609939962,0.307729408342045
"LEPR",3.33225604282531,0.286830336210659
"LEPROTL1",8.68312048911105,0.69448848716352
"LFNG",5.50047587652241,0.33091618362148
"LGALS3",7.77575773090976,0.557559744285953
"LGALS8",7.0675448591009,0.511530781189263
"LGR5",3.47290314639736,0.187868470344325
"LHX2",3.28965961949428,0.199675677874933
"LIFR",2.86599759698225,0.196723541124164
"LIG3",4.73807808962814,0.283331557441082
"LIG4",4.44733171395082,0.445000137102257
"LILRA1",7.69046614519762,0.539629003526849
"LILRA2",7.98261428621288,0.727366176778115
"LILRB1",7.70364776581661,0.554185984842778
"LILRB2",8.98743977261991,0.560650308358492
"LILRB3",9.09467999521618,0.552532666274501
"LILRB4",4.79811234058268,0.364983202137988
"LIMCH1",3.1082353682912,0.214614113889831
"LIMK1",5.1347381002905,0.28392905606528
"LIMK2",5.8253485846634,0.675157719634418
"LIMS1",7.12084073833677,0.567768963180695
"LIN37",5.75614910795588,0.386805856025657
"LIN7A",4.91417440841928,0.557691236286291
"LINC00302",3.98128693663459,0.236345513939228
"LINC00893",3.10646602919276,0.235000843139213
"LINC00921",3.89378753476538,0.280679147051378
"LINC01138",5.84582444034227,0.343894691114646
"LIPA",6.65490481870512,0.723282690865015
"LIPE",4.62166839644881,0.298833115077444
"LITAF",10.3638564726245,0.394972175611101
"LLGL1",6.1225394746025,0.313085632655484
"LLGL2",4.87288850308182,0.263527933106113
"LMAN1",5.54102011448129,0.504623938839043
"LMAN2",6.14685659563007,0.299777864359867
"LMF2",7.64789754249548,0.197654041149908
"LMNA",6.2463953416896,0.421270249701074
"LMO2",7.38405044879947,0.440796475885971
"LMO3",2.99090081865599,0.172621161826849
"LMO4",4.98349651598228,0.428673425869967
"LMO7",3.97460419837629,0.255946016765925
"LMOD1",4.09428356418084,0.215242912820347
"LMTK2",6.12220303813941,0.368430762671807
"LNPEP",7.4420541654823,0.625520689850709
"LOC101060363",9.31047188322797,0.45863176585382
"LOC101060747",8.42781078120219,0.427952803322968
"LOC81691",3.7123851634827,0.248873710890604
"LONRF1",5.7043390496352,0.458048238452715
"LOX",2.98852323819003,0.164066260649468
"LOXL2",3.95739453632603,0.272643783783557
"LPA",3.01747369083464,0.147472488544659
"LPAL2",3.34442333165326,0.199809020702619
"LPAR1",4.48693105430233,0.340848379954824
"LPAR2",7.99547808179589,0.511595712440527
"LPCAT3",5.47287221302347,0.348743477590182
"LPCAT4",4.26066763776104,0.31018635674932
"LPGAT1",7.77851296200882,0.640214040495383
"LPHN1",5.70153928043984,0.288947570986106
"LPHN3",3.09179340181376,0.154193720463139
"LPIN1",5.59699191432461,0.435102954607946
"LPIN2",7.89645556015523,0.487608553072442
"LPL",3.69026995315356,0.474206213678211
"LPP",6.79501593104398,0.479470843771157
"LPXN",8.14499392811805,0.647866818168717
"LRBA",6.87990679500412,0.493604684994791
"LRCH1",4.71148622987467,0.436567440635132
"LRCH4",7.41587520953018,0.379050630111225
"LRIG1",4.77354950643336,0.359275594340031
"LRIG2",5.45010511929001,0.317102375139727
"LRMP",8.87896011090817,0.496705187120231
"LRP1",6.21635145882486,0.339636032362587
"LRP10",8.89172897173554,0.516220587018747
"LRP2",3.4637341851116,0.26883480387573
"LRP3",6.24294720822464,0.366254293850834
"LRP5",4.16058152605782,0.270536171706576
"LRP6",3.55931562065977,0.263878919340718
"LRP8",4.47177258565319,0.315880491623595
"LRPAP1",5.88061953058079,0.429162338241225
"LRPPRC",6.85983447566884,0.651877968989967
"LRRC14",5.33832457157217,0.235130501909597
"LRRC15",3.57495315721365,0.195411926722319
"LRRC17",3.09438259724954,0.184287058802681
"LRRC23",4.01148379845603,0.324901919154745
"LRRC41",3.50968857030371,0.236578871799536
"LRRC48",4.14649742629821,0.260286316290932
"LRRC6",5.03019157386717,0.574051463776508
"LRRC75A-AS1",4.5436842930177,0.29421360894985
"LRRC8B",4.80212744582659,0.45995461327718
"LRRFIP1",8.48297155723173,0.638077158419615
"LRRN2",3.72140122980693,0.184481098072107
"LRRN3",6.03125278422945,1.41888573820445
"LSAMP",4.12951464086962,0.266968319118847
"LSM12",6.30083661181864,0.348209427333914
"LSM14A",8.7350922553978,0.372194350621729
"LSM3",5.17601296074251,0.181914777400471
"LSM4",6.73924278488963,0.299418122996247
"LSM5",3.8521323399013,0.426501932274926
"LSS",4.25492836819179,0.325668363267371
"LST1",10.1983421593866,0.517212611300856
"LTB",10.7227140137749,0.553400619507372
"LTB4R",6.88315345296484,0.527983054604218
"LTBP1",5.28793503389765,0.489823819556082
"LTBP2",4.75682972348582,0.283189474982238
"LTBP4",5.33363222643198,0.364040545038038
"LTBR",4.28610921551707,0.229010128953061
"LTK",5.1543889508828,0.336961477027305
"LTN1",6.83802895810539,0.480018855669446
"LUC7L3",7.97716970426013,0.627987604937199
"LUM",2.72628955260644,0.279718880701847
"LUZP1",4.36485616716559,0.323711637372535
"LY6G6D",4.9148021742992,0.35291298971724
"LY9",7.5640385394661,0.805796774566513
"LYN",9.88729348818501,0.5119444695391
"LYPLA1",7.96116401577223,0.746892413011082
"LYPLA2",6.9272974532773,0.227861906815577
"LYRM9",5.34685598547806,0.353817152886674
"LYST",8.86348242367978,0.709033512222877
"LYZ",11.9416571639401,0.835482255756718
"M6PR",8.14573246932448,0.606085129534188
"MACF1",7.23247024059316,0.540280717435901
"MAD2L1",4.22964244921706,0.332849468283096
"MADD",6.90557546928729,0.232255430915129
"MAF",5.33596279812262,0.67754192809106
"MAFF",6.52088398861114,0.844251103709854
"MAFK",7.19529636765979,0.327781554614704
"MAG",3.90249496486709,0.213258609926028
"MAGEA10-MAGEA5",3.62329329925714,0.220370602812989
"MAGEA2",2.87154836023381,0.145894730396865
"MAGED2",6.83039482719866,0.369827475948753
"MAGI1",3.42294601924744,0.155286236435154
"MAGI2",3.24139530103942,0.180765833376467
"MAGOH",6.17974636998499,0.53819765215015
"MALT1",6.05859614030952,0.616738104722616
"MAML3",5.31161769844411,0.343545824344676
"MAN1A1",7.82100200711442,0.719583095838444
"MAN1A2",4.40956046099557,0.39518278070343
"MAN1C1",5.19856628904099,0.452597580069936
"MAN2A1",6.80489634670209,0.686924302813527
"MAN2A2",7.96678465583975,0.453712304857704
"MAN2C1",5.68139322933668,0.330788326384607
"MAOA",3.85762611555251,0.614965352908528
"MAOB",3.00498075670813,0.199305408456647
"MAP1A",4.22941028851118,0.332093260700615
"MAP1B",3.2361478685758,0.281256902534381
"MAP1LC3B",9.1764519588933,0.463282132157397
"MAP2",3.35890816881612,0.267161761932791
"MAP2K2",5.65728628966297,0.43166476527705
"MAP2K4",6.50686202833418,0.461610323691942
"MAP2K5",4.99323408718415,0.583814218585507
"MAP2K6",4.02781046898091,0.322612202920721
"MAP2K7",6.157261390122,0.46677683906833
"MAP3K1",8.15518157867548,0.578618430304855
"MAP3K11",6.23585726255626,0.354372566955892
"MAP3K12",6.02693465219958,0.329748119550944
"MAP3K13",3.88582262892459,0.312679022654113
"MAP3K3",8.35757810774661,0.466439280809964
"MAP3K4",7.27454524145372,0.477656433735453
"MAP3K5",7.72603521073087,0.47856725652525
"MAP3K7",6.23083952722657,0.48486345104194
"MAP3K8",6.6301906108873,0.653745590740481
"MAP3K9",4.52745174261139,0.252033462812431
"MAP4",5.51417176060922,0.26199857591244
"MAP4K1",7.15220939457198,0.454657357964358
"MAP4K4",7.37075559227395,0.558721373868569
"MAP4K5",4.49968486124794,0.514143107517632
"MAP7",3.96849822199577,0.444765659455062
"MAPK1",7.83952704466278,0.427964427296828
"MAPK10",3.38762689129944,0.180743143637331
"MAPK11",4.48488935801213,0.238144511573502
"MAPK12",4.07302183894174,0.235535512506056
"MAPK13",6.02565178332878,0.385578820283449
"MAPK14",8.24496069123516,0.638071460867589
"MAPK1IP1L",7.65771048673928,0.539702421435427
"MAPK4",4.30273964479709,0.264522397563869
"MAPK6",4.87187797303864,0.557923429147386
"MAPK7",5.87067015971942,0.232779835448
"MAPK8",4.7707102004881,0.381251020363431
"MAPK8IP2",5.37965323254704,0.319130550282
"MAPK8IP3",5.8479494717725,0.264246651290374
"MAPK9",5.65733121017478,0.432541038038571
"MAPKAP1",5.09951543392813,0.269539052798492
"MAPKAPK2",7.34366560680247,0.341433228121979
"MAPKAPK3",8.18653243210194,0.420766523583645
"MAPKAPK5-AS1",6.42312425930238,0.419284765528047
"MAPKBP1",4.86815135535161,0.239674817823011
"MAPRE1",7.93616775741268,0.428438122488606
"MAPRE2",7.43727173219457,0.364918634148584
"MAPRE3",5.67337380683819,0.354337313194461
"MAPT",4.50314259036879,0.240211921095924
"MARCH3",5.2704859949629,0.360964477763426
"MARCH6",5.70482184623827,0.340158264237067
"MARCH7",6.57546706937119,0.695043228048689
"MARCKS",7.46782518784844,0.77213817212328
"MARK2",5.84053239020832,0.420512458677889
"MARK3",5.52090514423156,0.489703088069775
"MARS",7.49951407153768,0.325924430213596
"MASP1",3.94956129301107,0.217160642038474
"MASP2",4.53036117581566,0.216929602608494
"MAST2",4.9547911895984,0.299491511556405
"MAST4",4.87011380892461,0.446611238935541
"MAT2A",6.57835493611738,0.605075303763228
"MATN1",4.48393042594549,0.229667651575007
"MATR3",7.37136033192003,0.502778022274757
"MAU2",6.3594994712075,0.274834539280407
"MAX",8.51722012731032,0.509669861018825
"MAZ",7.76782659488714,0.320203241830032
"MBD1",6.87158510810622,0.378358608517825
"MBD2",6.19038534872516,0.461825479293113
"MBD3",5.58528769235607,0.311300376145508
"MBD4",7.48159205682737,0.510278264399317
"MBNL1",5.63955389344818,0.839646294368547
"MBNL2",6.29863405562409,0.638632784201134
"MBOAT2",6.30397847259037,0.528601626283776
"MBOAT7",8.59938065653025,0.548445273013198
"MBP",5.86611935991981,0.571500198979271
"MBTPS1",6.94542770364566,0.282053643908157
"MBTPS2",4.08909432229036,0.401697618858518
"MC2R",3.36996912051927,0.179123342862311
"MCAM",3.89876975008319,0.270998289789748
"MCC",3.53339858300201,0.274524815788774
"MCCC2",4.76593567984034,0.415593817227735
"MCF2",3.09278323491988,0.174890514781802
"MCF2L",4.84371321858897,0.265370874553167
"MCFD2",5.14953107749089,0.513934141472711
"MCL1",7.48266576685296,0.797664750482596
"MCM3AP",5.7396638704792,0.276787279400587
"MCM4",4.03027019979526,0.348570446994415
"MCM5",7.01890153916038,0.384287757990477
"MCM6",5.33733367437791,0.337124463844284
"MCM7",7.09706743576806,0.306463509022547
"MCM9",4.77762596218032,0.365777616064069
"MDC1",5.00769798343075,0.3310644181238
"MDFIC",6.53481986600912,0.828569851890134
"MDH2",7.32933027505738,0.347283130162853
"MDM1",4.67671019391615,0.420235699238187
"MDM2",4.56038248704717,0.512901375514203
"MDM4",7.6045180545634,0.43592182491536
"MDN1",3.81991678951682,0.482926647722904
"ME1",4.1746332359031,0.30471555091061
"ME2",8.0582102755314,0.419869468095565
"ME3",4.08051825346138,0.338662591613664
"MECOM",3.0252515918446,0.215573262283917
"MECP2",6.56790437936464,0.319822051506569
"MED1",6.65818843901053,0.515671907925933
"MED12",5.86538014279649,0.317494784299977
"MED13",6.93391874749943,0.560483499347948
"MED13L",7.8959844277233,0.597144177920695
"MED14",5.60891656881254,0.341560693045499
"MED20",5.3192042830466,0.375275829669145
"MED24",5.15927621270762,0.376671813615799
"MED6",6.74502506122252,0.652328959078312
"MED7",5.40229637703434,0.415781179072826
"MED8",6.53606760208735,0.345167677679744
"MEF2A",6.20882596424495,0.475395869713358
"MEF2C",5.92285485376415,0.463899553418606
"MEF2D",6.06817904980169,0.312634967742885
"MEG3",4.92869303054878,0.265419698799553
"MEGF6",5.56226492946723,0.378738639896839
"MEGF8",3.71546205706711,0.312443332005903
"MEGF9",9.14945514133078,0.781126629958469
"MEIS1",4.33148749230084,0.571090733811861
"MEOX2",2.6852761913762,0.126084687786632
"MERTK",3.71304671496061,0.367664076178994
"MET",3.81369472335624,0.187592098050211
"METAP2",5.61442132287137,0.565026995984826
"METTL13",5.99209969974682,0.521103875622945
"METTL3",6.67366386903283,0.551690580563224
"METTL7A",6.35025532718776,0.448248404990418
"MFAP3",5.34575839919627,0.343345475254032
"MFAP5",2.91311894614309,0.167831795791311
"MFHAS1",6.45109183828856,0.696556708927092
"MFI2",4.63875775757629,0.245723058956732
"MFN1",5.18296935839994,0.438211273245662
"MFN2",6.14178080804882,0.386211900403065
"MFNG",6.99795994953482,0.576307553831066
"MFSD7",5.06715291860398,0.273486625821446
"MFSD9",4.40608601089487,0.433549423188265
"MGA",5.31790055142926,0.560866582304383
"MGAT2",6.19969916144183,0.635453757847173
"MGAT3",4.9257016679012,0.346037005219287
"MGAT4C",2.63521956902756,0.126966981366371
"MGAT5",5.93639259740311,0.267999042733815
"MGEA5",7.99319899051018,0.594171253177037
"MGLL",6.57463899204413,0.589832292072938
"MGP",3.31453666778986,0.253046278247882
"MGST3",6.5338870356846,0.386190220972846
"MIA-RAB4B",7.85359853158812,0.335666800759089
"MIA3",6.15046470185277,0.335526574808979
"MICA",6.2756578377048,0.292128327680212
"MICAL2",8.07892935973828,0.587968641299004
"MICAL3",5.12079384128074,0.23207245000604
"MID1",3.44313663613632,0.219724117620578
"MID2",5.00568750935471,0.300620757971409
"MIEF1",6.59151888686834,0.40069550931737
"MINA",5.05144048166303,0.528500698014255
"MINK1",5.96169397067786,0.342667063398832
"MIOS",6.640414258287,0.38750953234824
"MIPEP",4.22273358490359,0.235815131383584
"MITF",4.9164366055504,0.377646265548781
"MKI67",3.86884969821023,0.28699226298977
"MKL1",5.11291795997698,0.298583910359089
"MKLN1",6.66625315853684,0.371751762274315
"MKNK1",8.03798418403738,0.631190074301271
"MKNK2",10.5287878818914,0.33287881961862
"MKRN1",10.4318166027972,0.645553241606019
"MLANA",3.35359083057404,0.168350922294461
"MLEC",7.46561163753464,0.394504716803166
"MLF1",3.02000154302813,0.19430727708262
"MLH3",6.22909362096338,0.691181809856944
"MLLT1",5.81789188232789,0.273681369420187
"MLLT10",5.08130875967655,0.409302399120106
"MLLT3",5.96228003797161,0.700685849275332
"MLLT4",3.67204840196747,0.192772132005151
"MLX",6.57339034170642,0.395986274680808
"MLXIP",5.36982483737889,0.324722703350709
"MMD",8.48071612703607,0.785768619114432
"MME",6.55549114628325,0.921060814636418
"MMP11",5.22854128531141,0.2914235352292
"MMP14",4.71026277496061,0.223127789293449
"MMP15",4.57405158720197,0.246959668711105
"MMP16",2.94109006830884,0.190731098931343
"MMP19",5.37482530386125,0.255404832433262
"MMP2",4.08396553844863,0.182632307470494
"MMP24",4.22783847325436,0.214512168436264
"MMP25",8.30311941304157,0.620715510765675
"MMP8",5.68517987557008,1.55206875705637
"MNT",6.06664903599926,0.326665798026781
"MOB1A",9.01939166441794,0.695753219694212
"MOBP",3.57315825783179,0.236685347610365
"MOCS1",3.92120111302018,0.379059275234207
"MOG",3.53441496925287,0.199952563429398
"MON2",5.77775593257224,0.461290469618865
"MORC2",5.38652076013685,0.384072317051257
"MORF4L2",7.18257177765722,0.762044169847473
"MOXD1",3.4232126745854,0.181151816262098
"MPC2",5.37674305223987,0.467328204109309
"MPDU1",5.97450286398399,0.428361605227575
"MPDZ",3.06132898315703,0.22505614992487
"MPHOSPH6",4.15311595319641,0.403081659497756
"MPHOSPH8",7.82379772988819,0.607777909725893
"MPHOSPH9",5.16505086637087,0.651982897074612
"MPI",4.95225303559036,0.279054740295973
"MPL",4.60776601495985,0.500123427117745
"MPO",5.2757160219153,0.805855022905766
"MPP2",4.3248491662014,0.22237938181421
"MPP6",3.23619003225855,0.20071829201112
"MPPE1",8.56950505017765,0.36309899167278
"MPPED1",4.66167554759226,0.244662853635518
"MPPED2",2.98517388522195,0.181875443223576
"MPRIP",5.80488185290135,0.356795766976941
"MPZL1",6.01598879379983,0.467686214194214
"MPZL2",3.36529458069369,0.240537053806608
"MR1",6.64511259838307,0.42744358219022
"MRAS",4.69970342092665,0.337725232160668
"MRC2",6.54996094195908,0.505823643736618
"MRE11A",3.49722802772922,0.405012908228089
"MRPL12",6.36365427102982,0.286832175554554
"MRPL19",4.1672985652259,0.526040395298081
"MRPL23",6.16951518361154,0.394091957048588
"MRPL9",7.97403777487238,0.563351449573032
"MRPS11",6.11449602184656,0.374443421497954
"MRPS12",5.19577685811248,0.338563903062017
"MRPS14",6.58507618606446,0.50065981446106
"MRPS18B",7.15605800817966,0.551311239257084
"MRPS27",5.6863731672351,0.46776063957922
"MRPS31",5.55467506731537,0.553933939188483
"MRS2",2.82929869072153,0.204122032997007
"MS4A1",7.03773765591441,1.26715355257065
"MS4A2",3.58177275410578,0.569329887488933
"MS4A3",6.25129865007871,1.2088195558372
"MSANTD3-TMEFF1",2.69466608412799,0.150006246091513
"MSH3",5.34291788780353,0.219667176035407
"MSH6",5.28761313585296,0.447504771556937
"MSL1",9.22046456657949,0.455094761270898
"MSL3",6.51945936473344,0.386029687474306
"MSMB",2.85243802826321,0.159713739034113
"MSN",6.29504123874552,0.437660339483227
"MSR1",3.37089167419631,0.406807966421994
"MST1L",3.26063221447454,0.286516246428369
"MSX1",4.07151995560237,0.191021430862566
"MSX2",3.38677422497289,0.179011438536017
"MT1E",7.80099004887295,0.474174397510466
"MT1F",7.65844142156454,0.41460790212613
"MT1G",6.46316816741444,0.376937124682869
"MT1X",7.98199080873582,0.456136954903833
"MTA1",5.57902311119955,0.482061442888752
"MTAP",4.56516504411682,0.387829046297843
"MTDH",7.66484244805607,0.707029001793028
"MTERF4",6.04053277877569,0.470453906938595
"MTF1",7.63183556761324,0.487382539182066
"MTF2",6.09753077840167,0.529060847293917
"MTFR1",3.8232668096006,0.237832415320714
"MTHFD2",6.39171630442158,0.738287956262478
"MTHFR",6.32131037754268,0.421952794208776
"MTHFS",5.09036560127421,0.220891872121362
"MTM1",3.54631218977663,0.275012347775557
"MTMR1",6.32426622551559,0.460378564473589
"MTMR11",6.65111349006204,0.625953058632954
"MTMR2",5.4277065214787,0.436519517461924
"MTMR3",6.09361764087026,0.502518252331508
"MTMR4",7.01373739702446,0.367680272836192
"MTMR6",7.48107320622411,0.582348922975596
"MTMR7",2.9380340589454,0.167499062179828
"MTMR9",6.97715321158429,0.48511939365703
"MTOR",5.01840534500924,0.242364330822178
"MTR",5.71651255515919,0.509744903931051
"MTRF1L",4.4202040718418,0.327647864344353
"MTRR",5.93095524947457,0.569735996334773
"MTSS1",8.02603931931337,0.680060922798525
"MTSS1L",3.55215025193498,0.235223803813557
"MTUS1",3.74109961886897,0.333543510725342
"MTUS2",3.60942485647098,0.203514510518468
"MUC1",5.33050770153882,0.266422168053097
"MUC4",4.00993866018627,0.23091951696741
"MUC5B",4.31968454455279,0.240706613991916
"MUC6",4.23306207534975,0.287457022304112
"MUC7",3.23132185518735,0.179100491511811
"MUSK",3.31275212302356,0.150371970663116
"MUT",5.95693781157209,0.431161800226815
"MVK",5.98056195818397,0.210542540857347
"MXD1",7.88277598897405,0.631928512976147
"MXRA7",5.87818694671926,0.78798904387304
"MYB",4.60990045569947,0.502559061081812
"MYBL1",6.02495019762204,0.991551401038245
"MYCBP2",8.95906675258717,0.392845294343389
"MYCL",5.69535538567697,0.476431186828184
"MYCN",4.28735375914351,0.268933579970697
"MYCNOS",4.01619073976593,0.217476750377466
"MYEF2",3.13241259845681,0.177813940754029
"MYH10",3.61221804994729,0.308662110606761
"MYH11",4.17958127334299,0.339756389345687
"MYH6",3.70819795635119,0.270636013878803
"MYH8",2.9988708642706,0.178514867489596
"MYL12A",5.47818188329473,0.560751841213684
"MYL4",8.32274715499032,0.837993046665147
"MYL6",7.20340560164339,0.342991282526219
"MYL9",5.18213638049727,0.491009663143086
"MYLK",4.77745533888861,0.503850493581243
"MYO10",3.11001771185297,0.235662245771628
"MYO16",3.59361445722958,0.184812767474213
"MYO1B",2.98926982863133,0.195375247925668
"MYO1C",7.08111163990464,0.41550925999075
"MYO1D",2.91114061794682,0.126785906795931
"MYO5A",4.92452628670198,0.410758737679152
"MYO6",3.95663514459691,0.53353887765334
"MYO7A",4.58078217829299,0.308635544496511
"MYO9B",7.59384073789374,0.405844661604369
"MYOF",6.13608590277863,0.737726258448317
"MYOZ2",2.85909648074115,0.144546004874949
"MYOZ3",4.87402201419349,0.244142099559396
"MYRF",3.96890668081108,0.325683578580847
"MYRIP",3.81914304628883,0.281121413517759
"MYT1",4.39035656786002,0.194906344015723
"MYT1L",2.79629787978541,0.126838411601829
"MZF1",7.064329995954,0.303519572991398
"N4BP1",7.5670555301821,0.46508375865445
"N4BP2L1",4.79047660548444,0.473508411703145
"N4BP2L2",7.77506521967584,0.516036380140073
"NAAA",8.27386720478798,0.603585743901175
"NAALAD2",2.67041546235839,0.166559896024778
"NAALADL1",5.44764632707501,0.323296369851649
"NAB1",3.95278327660964,0.419517015945175
"NAB2",5.74489090936271,0.287843218309757
"NACA",9.94984288658708,0.506247758944213
"NACC2",5.54034199898301,0.452262446405665
"NADK",7.58397165100336,0.436398502114436
"NAGA",7.60645522106687,0.573893907347957
"NAGLU",4.86994651497694,0.260382750147526
"NAIP",7.5695133417268,0.747665780978177
"NAMPT",9.43295198865908,1.09926370077389
"NAP1L1",7.37310763583629,0.480878463556215
"NAP1L4",6.27981473569825,0.2688257260734
"NAPA",8.4043924231633,0.474922283833396
"NAPG",5.5121106065629,0.50260349077571
"NASP",4.58679684531979,0.632055937429346
"NAT8",3.77701825835004,0.315464573896608
"NAV3",2.99159071884801,0.160720639487074
"NBAS",4.17602907169638,0.341792636252595
"NBEAL2",7.89410444287747,0.562848764225383
"NBN",7.66768011640115,0.590374341739995
"NBR1",7.6327743147368,0.511541403693244
"NBR2",5.28090747295311,0.255222234781356
"NCALD",5.83261962271153,0.519178089011782
"NCAM1",4.98127672383555,0.385091434384406
"NCAM2",2.72284304435154,0.164003850236594
"NCAPH2",6.24677831989447,0.28275077999097
"NCBP1",4.13427271465539,0.35217896693049
"NCBP2",6.62630182584382,0.561643247885285
"NCDN",5.14078464105387,0.234966184194634
"NCF1",10.404789853907,0.567963516369768
"NCF4",9.54672658226423,0.65674393772482
"NCK1",5.50389378360311,0.514079636776156
"NCKAP1",3.40095620135983,0.318377080958781
"NCKAP1L",8.3200041563437,0.382326433400256
"NCKIPSD",5.13821045746085,0.246358197908355
"NCL",5.8634769045544,0.202363137691273
"NCLN",5.60784429874177,0.342924692540478
"NCOA1",8.14707932751912,0.393887798083077
"NCOA2",6.87992063417368,0.501958352298363
"NCOA3",7.51053008646092,0.590472661559965
"NCOA6",6.14189443769455,0.380517701264344
"NCOR2",5.53483010054012,0.283984348758775
"NCR1",5.2412044006381,0.338838709174139
"NCR2",5.38025174927615,0.222946010137818
"NCR3",6.47487519845691,0.454196010442307
"NCSTN",4.62237472123952,0.417566714997439
"NDEL1",5.42943467196129,0.312416231801489
"NDRG2",4.4221928296614,0.262896791924952
"NDST1",5.8993106559856,0.464428307080803
"NDST2",6.93751682470806,0.278619992276868
"NDUFA2",8.3556794360444,0.352610112945738
"NDUFA5",4.86752733145833,1.00917291411291
"NDUFA6",7.61107019470539,0.417749636873358
"NDUFA7",6.40265557203405,0.436273178862776
"NDUFB1",6.84125762928102,0.517415761142612
"NDUFB6",6.88581269317166,0.42209288468469
"NDUFB7",5.50926841294435,0.389593370546672
"NDUFB8",8.10427833959535,0.502419465797274
"NDUFC1",8.59515999522452,0.457248637079651
"NDUFS1",5.29050613282528,0.360426992732584
"NDUFS3",6.60734976083616,0.410067424252653
"NDUFS4",5.12771192332515,0.32660612715634
"NDUFS7",6.53109696303168,0.35944782797137
"NDUFV1",7.3854610717402,0.367855458276498
"NEB",3.3891201053061,0.204335588607095
"NEBL",3.39768060899676,0.336384939743195
"NECAB3",5.55830886834285,0.258189176773657
"NEDD4L",4.41515599119235,0.376500531994542
"NEDD9",7.08124918366237,0.586902755709333
"NEFH",3.86686332362628,0.227991073509295
"NEFL",3.17444924115484,0.309730180515701
"NEFM",3.41954220077667,0.17475393248425
"NEK1",5.08900638392501,0.451780938058753
"NEK2",3.17360220481353,0.263048967918668
"NEK3",4.63336424741565,0.301678571648776
"NEK4",4.40668584678774,0.714229695401219
"NEK9",4.67819398940909,0.251649632503071
"NELL1",3.76692063281512,0.222418475158027
"NEMF",6.91364647544735,0.519843108417273
"NENF",5.16744346658139,0.221863744353575
"NEO1",4.92146164311861,0.424126412572744
"NET1",4.87289685152953,0.515417638158118
"NEU3",4.44198132080782,0.257094271176602
"NEURL1",5.29146994252478,0.226843284091245
"NEUROD1",3.45187350275825,0.225268553710706
"NEUROD2",3.96299097186229,0.187287750427951
"NF2",4.813659521648,0.316629941510854
"NFASC",4.2446020397576,0.250562344851846
"NFAT5",6.74994270348872,0.740340385337841
"NFATC1",5.77843646277557,0.351271109243293
"NFATC2IP",7.23056042616615,0.685084465700787
"NFATC3",7.5066653791476,0.537536114772137
"NFATC4",5.20534130217624,0.335977051176774
"NFE2L1",7.21159709364673,0.256769296509199
"NFE2L2",7.03514947607974,0.515036249045875
"NFE2L3",4.01486266523181,0.380735495959094
"NFIA",4.28830677922192,0.482498387157451
"NFIB",3.19806879166869,0.174443952370624
"NFIC",5.23472396168668,0.421870892525085
"NFIX",5.16090678061361,0.425138275056687
"NFKB2",3.62791798732162,0.215204952693794
"NFKBIA",7.7681436863283,0.496365594009617
"NFKBIB",5.65991482751528,0.3400786648194
"NFRKB",5.60769226094502,0.284812526907734
"NFX1",5.19486210774624,0.486093486665054
"NFYA",5.30544223995603,0.281825845485363
"NFYB",5.37076667997734,0.537888295780575
"NFYC",6.22574772115839,0.385358896705734
"NGDN",5.61196622899153,0.480005038359071
"NHLH2",3.89778733507455,0.257162121773985
"NHP2L1",6.66203132104906,0.331291084298739
"NID1",4.32785996770139,0.450871541990977
"NIPA2",7.82153076577429,0.351438092265741
"NIPAL3",5.4468653006779,0.335203341204006
"NIPBL",7.28489420759275,0.625667937710829
"NIPSNAP1",5.91843825969024,0.304798412487573
"NISCH",6.36495413545016,0.256902258273813
"NIT1",7.63214546879315,0.358140979534231
"NKTR",6.76719602246162,0.663500746762202
"NKX2-1",3.47366727446185,0.233107049255425
"NKX3-1",4.20531447227294,0.44339522681027
"NLE1",4.56745419617981,0.220118697404771
"NLGN1",2.71841572960287,0.124775516446015
"NLGN4Y",2.87571964114947,0.145407950148051
"NLRP1",8.05619027895159,0.372265720655985
"NLRP3",5.02742290229962,0.487060959634508
"NMNAT2",3.62385329801601,0.196925843904693
"NMT1",6.58456214576091,0.434394093225907
"NMT2",5.54681843896968,0.692760334850081
"NNT",5.54218801698539,0.471119637664045
"NOC2L",5.31456607327016,0.374416787966683
"NOL3",4.67053401021517,0.331609187166281
"NOL4",2.68808415715794,0.190090977471189
"NOL7",6.73349054370516,0.470724863894778
"NOLC1",5.83432819192648,0.314788236200146
"NONO",8.15018488110994,0.444380318049992
"NOP16",5.9678050416238,0.268446948172191
"NOS1",3.94713116388974,0.240534071522224
"NOS1AP",3.7811949937591,0.226034208947025
"NOS3",3.54054079750132,0.249684413906968
"NOTCH2",7.33628237171953,0.49464539919652
"NOTCH3",4.82465981805907,0.218288784784089
"NOTCH4",4.62281913617293,0.254891891726482
"NOV",4.61746951807375,0.529881913585959
"NOVA1",2.87363213255082,0.136844953752393
"NOVA2",4.38476673859331,0.295540741537932
"NOX1",4.23095908857791,0.236743946761442
"NPAS1",4.77216143571267,0.26968611421112
"NPAS2",3.59268473863184,0.182571931882459
"NPAS3",3.85907961753885,0.207018266329069
"NPAT",6.45991966568165,0.555446554393787
"NPC1",5.26592169535876,0.334887925330506
"NPEPPS",6.97405895132279,0.508028899595876
"NPFF",5.65400311119919,0.357418876873173
"NPHP1",3.34745785938432,0.173011764867457
"NPHP4",4.92642407454026,0.258227314343442
"NPM1",9.88299658169982,0.62001198573849
"NPR1",5.44134233374721,0.225404722591855
"NPR2",4.29402863982931,0.218039669716518
"NPR3",3.48210106985699,0.209627873991942
"NPRL2",7.1391150547958,0.330164447949104
"NPRL3",7.28567370735718,0.887585845369668
"NPTXR",4.05019248660493,0.297628835763774
"NPY2R",3.05854087848663,0.1825383269768
"NPY6R",3.3283165584411,0.193550631472044
"NQO1",4.29570413742234,0.203277913279587
"NQO2",5.53494504983294,0.482527741082038
"NR0B1",3.28618862406945,0.195685558725903
"NR1D1",5.79495342476953,0.25328457406645
"NR1D2",6.32391013129554,0.804865855934367
"NR1H4",3.35995537756681,0.197306616838277
"NR1I2",3.56277209106062,0.166288941792195
"NR1I3",3.32040590119978,0.181142443340277
"NR2C1",3.68521338321595,0.294488484046123
"NR2C2",6.8973632628323,0.604197291298527
"NR2E3",3.80688500928324,0.264289823218783
"NR2F1",3.99485674761884,0.202664220943095
"NR2F2",3.41414051593283,0.256043501436336
"NR2F6",4.20125571674853,0.240475324907519
"NR3C1",7.52733687383996,0.455806995786385
"NR4A1",5.32643869044078,0.304976577369872
"NR4A2",4.5815670477205,0.762012974666097
"NR4A3",3.96737789074643,0.395497405123191
"NR5A2",2.95845819976362,0.169197138159319
"NR6A1",4.73668294868762,0.26601116321936
"NRAS",6.88611992949368,0.555941235484191
"NRCAM",3.84352529660167,0.213692308530552
"NRD1",8.18041054976934,0.587588312377221
"NREP",4.02093683330499,0.399523305457011
"NRF1",5.17347323101112,0.477706479686331
"NRG1",4.21968317683407,0.336803496338755
"NRG2",3.94726672816934,0.214103622855625
"NRIP1",7.09762837904664,0.692820502148128
"NRL",4.47993524808269,0.230635119853062
"NRP1",3.48653138059085,0.203589957230253
"NRP2",3.48071902195767,0.223839588645868
"NRXN1",2.91225045607086,0.122587129396102
"NRXN2",4.00262420922687,0.247050963423075
"NRXN3",3.3435034172669,0.190443480777393
"NSDHL",5.21619518310033,0.26614529348863
"NSFL1C",7.98583888044571,0.382846971941067
"NSG1",5.6835625570545,0.484791592873442
"NSL1",4.96570817143867,0.279220322847334
"NSMAF",5.58411010154682,0.402658916813511
"NSUN5P1",8.13059537166033,0.415433742243234
"NT5E",4.64520633998836,0.634688685198134
"NTNG1",3.69632522755113,0.193356014002793
"NTRK2",3.31057985987136,0.1735006702646
"NTRK3",4.30826890921936,0.26563467216032
"NUCB1",7.75066852576502,0.585898933717915
"NUCB2",6.24290257915969,0.428977423021264
"NUDC",3.36841450931033,0.189721867766227
"NUDCD3",3.65962362797469,0.175430994532952
"NUDT21",6.53144285331891,0.644121704126192
"NUDT3",7.67924883878883,0.37333574236448
"NUDT4",5.8893659977234,0.563017508665839
"NUFIP1",4.77410124588222,0.269425493775673
"NUMA1",4.84056334420681,0.549996485981335
"NUP133",5.64624311601133,0.363365937803061
"NUP153",5.78354231472601,0.545788960235604
"NUP160",4.82878079734296,0.507266167207646
"NUP188",4.69222693650743,0.246239381302807
"NUP205",4.20739303455242,0.248932325367421
"NUP210",7.28459129068242,0.616112474549215
"NUP214",6.13921633591222,0.300068505062636
"NUP50",5.51448206405911,0.476603913408509
"NUP88",6.0772054710087,0.538743674003158
"NUP93",6.82025553065755,0.301817840653586
"NUP98",6.65495928945699,0.478158186838603
"NUPL1",7.78166298667498,0.705043071819109
"NUTF2",6.17822070408684,0.214263481553821
"NXPH2",3.25491472075744,0.185841191941596
"NXPH3",5.49246684775797,0.319263294790668
"NXT2",4.91518478614754,0.432989030050288
"OARD1",6.66347920488794,0.531170599051974
"OAS1",7.94911546611482,1.01475543832103
"OAS2",6.27060893193086,0.687465601397482
"OASL",7.0947671806584,0.883946525986405
"OAZ1",12.8290372061092,0.317268098720038
"OAZ2",8.86452953890884,0.457970410210507
"OAZ3",4.00856159834091,0.298372365221069
"OBSL1",3.97354906296761,0.275502875357427
"OCLN",4.11751096699297,0.351179875246055
"OCRL",4.56902573551008,0.315270541161476
"ODF2",5.51151435472253,0.340411621832149
"OFD1",5.9418124340145,0.61254644450428
"OGDH",5.66873951889658,0.475342710508585
"OGFR",7.20722284880787,0.328607994173392
"OGG1",5.61455031895514,0.370929741385989
"OGT",7.84952331780294,0.569157667184829
"OLFM1",4.49013356605328,0.515637469623632
"OLIG2",3.51733705960287,0.274084882300974
"OMD",2.86797180110276,0.145679561385557
"ONECUT2",3.55154333058702,0.196608772540584
"OPA1",6.17128957481578,0.477208052297765
"OPCML",3.33948807323982,0.251082258338229
"OPRK1",3.22085056709853,0.142026970791219
"OPRL1",4.87210176291412,0.254313627849278
"OPRM1",3.03252419198774,0.177755838506708
"OPTN",8.09323488523839,0.778105077316237
"OR1E1",3.49680823581822,0.173973373334121
"OR2F1",3.54068640043238,0.169661514620404
"OR2H1",2.93943746464759,0.148594440819725
"OR2H2",3.60645992066585,0.266620379120416
"OR2J2",2.79219294675181,0.121719997861794
"ORAI2",7.23874934997737,0.488319650600496
"ORC2",6.32631875727424,0.464181101691136
"ORC4",6.14214932227388,0.427737351609718
"ORC5",3.28873118290093,0.237704427585413
"ORM1",5.28287687989003,0.909343660737198
"OS9",8.99288021112283,0.393803310528744
"OSBP",6.08759809826815,0.408738762507538
"OSBPL1A",5.76365345250574,0.70159103795019
"OSBPL2",7.36873483203804,0.374710268624176
"OSBPL3",5.57227377900806,0.50708879719262
"OSBPL8",9.21099455247752,0.511527456855553
"OSER1",7.7161557703193,0.457000336657064
"OSGIN2",4.73178311820269,0.444588371076701
"OSM",5.10691312984256,0.561983675787438
"OSMR",3.58350720635646,0.193888019364834
"OTUD4",6.07841819127027,0.476065668383922
"OVOL1",4.42708626861023,0.222240363327074
"OVOL2",3.58780260691419,0.196346993308725
"P2RX5",7.7910949570204,0.610773965674208
"P2RX6",4.64805537069168,0.234929968706392
"P2RX7",6.98142017113349,0.766099449831447
"P2RY10",5.76521443860636,0.750085355163286
"P4HA1",6.49449392840831,0.410547192783242
"P4HB",6.88126946368454,0.651565320720754
"PA2G4",7.72103376041963,0.403528641756489
"PABPC1",8.84294792221899,0.30728439198366
"PACRG",3.62961538411487,0.207016812801945
"PACS2",6.72141106218112,0.272808574501596
"PACSIN2",6.70215578621205,0.472863814714862
"PADI2",5.52909254784604,0.472342338623998
"PAFAH1B1",5.62743989553549,0.440882505523467
"PAFAH1B2",6.51354525824686,0.420866420078029
"PAFAH2",5.48113588746286,0.363176530735574
"PAICS",3.44823040546255,0.420390155410956
"PAIP1",5.8046959171291,0.499668937435802
"PAK1",6.78898860593566,0.619830618440023
"PAK2",5.21579941657222,0.456335607728333
"PAK3",3.97693347854648,0.188721793785917
"PAK4",6.46348043272437,0.270785674108715
"PAK7",3.87035409864883,0.219226522904614
"PALLD",5.05102825121407,0.575709444099099
"PAM",5.50043812533916,0.569741941013282
"PANK3",5.70906812672907,0.593594097588399
"PANX1",4.60619436983038,0.413474712644246
"PAPOLA",6.88764649345773,0.406990753532762
"PAPPA",3.60868372672815,0.24863495362588
"PAPPA2",4.21677102733783,0.299658798524832
"PAPSS2",5.10026627291697,0.502151192358222
"PAQR3",3.25796845013395,0.472005502321984
"PARD3",4.09682611566729,0.250436363890273
"PARD6B",3.00332466255917,0.21814245920112
"PARK2",3.00936655832324,0.16220321731995
"PARM1",4.19957125780404,0.365471510333826
"PARP2",5.21326407202836,0.319817516749968
"PART1",3.84607293763534,0.273972010085933
"PARVA",3.84202865167483,0.24260899871949
"PARVB",4.47452906825536,0.284855916299622
"PASK",5.56323983474003,0.817911726398289
"PATZ1",4.32150606222749,0.244426538023612
"PAWR",4.77588943389637,0.358941813999643
"PAX1",3.77909376850157,0.230712845363366
"PAX2",3.6949020854226,0.221032008213513
"PAX3",3.78281785554393,0.202621732851511
"PAX4",3.69865780407434,0.190290142969427
"PAX5",5.66519506870335,0.520542672706116
"PAX6",3.12740014682652,0.178790964588973
"PAX7",3.92709221970686,0.237777243816703
"PAX8",4.77144019005356,0.271116623111469
"PAX9",3.1916818599544,0.156413078465797
"PBX1",5.91873737968622,0.660100246500133
"PBX2",5.42061407074044,0.361133854864397
"PBXIP1",8.26612344699882,0.481864648236492
"PCBP2",6.10783670650505,0.58882449881398
"PCCA",3.44370228939467,0.316848281508221
"PCCB",4.87371394565779,0.369001654997029
"PCDH1",5.50968078506878,0.311351867711306
"PCDH11X",3.03202990868523,0.147243786128957
"PCDH17",2.98881833834588,0.182484511500391
"PCDH7",3.30780392501311,0.177762658789243
"PCDH9",3.35967607501919,0.364506885313236
"PCF11",7.1046081568196,0.566132701551304
"PCGF1",6.74526811329826,0.310954619327987
"PCGF2",4.42838954819222,0.192793391126338
"PCGF3",5.83599705538634,0.308076197163573
"PCLO",3.31584142113049,0.180083943545559
"PCM1",4.9845525512056,0.314508222487273
"PCMT1",7.54981590981768,0.508406254489819
"PCMTD2",8.02389202311417,0.66171782919539
"PCNT",6.9141451857656,0.325894289237228
"PCNX",5.89334103241813,0.697342757515932
"PCNXL2",5.68236785201452,0.401722183367996
"PCNXL4",4.02109402966541,0.365706453513709
"PCSK2",3.18849967059542,0.179863666204037
"PCSK5",4.58412005874131,0.437134577618314
"PCSK7",7.33559573108984,0.618618310511132
"PCYT1A",7.110868955793,0.302981319142484
"PCYT1B",3.28706465084307,0.254602976292345
"PCYT2",5.33121942833506,0.272005545409004
"PDAP1",5.43431289075991,0.284069721252752
"PDCD11",6.18160648292536,0.282303188834224
"PDCD2",4.96295444733906,0.49107015800578
"PDCL",5.98269152895347,0.286413341884042
"PDE10A",3.15811027794707,0.299957941134777
"PDE12",4.33279126008055,0.267843951153683
"PDE1A",3.09080155335989,0.21387312681268
"PDE1C",3.30054317316617,0.202244053127475
"PDE3A",3.92161718919699,0.208947132307866
"PDE3B",5.63530636174703,0.433787524246675
"PDE4A",4.03856496717968,0.262796220117221
"PDE4B",5.39042369737567,0.818122761281787
"PDE4D",4.24592153616854,0.326413379799301
"PDE4DIP",3.48156474158219,0.292122825969625
"PDE5A",3.99053564296105,0.351716574607303
"PDE6B",4.56182857665854,0.194468521356755
"PDE6D",5.4795939532713,0.377746950137258
"PDE8A",5.69709540523426,0.389988528585554
"PDE8B",3.33271394975383,0.168491915084517
"PDE9A",4.62409529659548,0.425505738617407
"PDGFA",4.51258579885138,0.403730157256404
"PDGFB",4.55961236443931,0.307034565609289
"PDGFRA",3.06171646140593,0.198263206287191
"PDHA1",7.40574695232127,0.415363555993758
"PDHB",8.02627855024417,0.536857865051496
"PDIA2",5.17322671849909,0.299938113938775
"PDIA3",7.18269036874379,0.521675064142224
"PDIA4",6.75581773488384,0.362294908174725
"PDIA6",7.8243672832692,0.511226727908485
"PDK1",6.41254755681043,0.659113390311655
"PDK2",6.00779906270395,0.502784513924592
"PDK3",6.99354957391967,0.599994894230837
"PDK4",6.25084755470335,1.0464049904912
"PDLIM3",3.45502375442139,0.176161102263968
"PDLIM4",4.14229527957956,0.346342045734447
"PDLIM5",4.39642530250082,0.324069654418786
"PDLIM7",5.38488198046629,0.463054967499832
"PDPN",3.27279967459594,0.184146002533203
"PDS5A",6.36988562665839,0.49598808724425
"PDS5B",6.2425627516631,0.4396777131214
"PDX1",4.34030661497234,0.27469992975438
"PDXK",6.44564551339374,0.386679108668557
"PDZD2",2.95671829783454,0.166277766606486
"PDZK1IP1",8.68797211159445,1.02881749188275
"PDZRN3",3.32640923863447,0.166018646792889
"PEA15",6.97212809537661,0.536781844487886
"PEBP1",7.86992665245102,0.50302076494217
"PECAM1",8.14974064078723,0.410012830274395
"PEG10",3.52517108694346,0.205706257012473
"PEG3",3.18602723289591,0.177892715248656
"PENK",4.10807793667838,0.235429325931236
"PER2",4.13591815855058,0.279680765788159
"PES1",6.35783089735805,0.22630729802815
"PEX1",4.46003723856892,0.413485473350744
"PEX10",5.65251900471216,0.256297167186404
"PEX11A",4.52246131935728,0.248078748205862
"PEX13",4.62351766612899,0.267741431775359
"PEX14",5.12286632719524,0.293167354155913
"PEX19",6.1770318023557,0.370023514573887
"PEX2",5.18965116940677,0.511316482467434
"PEX3",5.27493511447327,0.594474853259048
"PEX5",5.79596751185205,0.27360834511495
"PEX6",5.01324794531226,0.460949514356712
"PEX7",4.67836568985689,0.26816230157054
"PFDN4",5.25531578899514,0.249629181487408
"PFDN5",10.0964327001788,0.650936339729463
"PFKFB1",4.22303050193575,0.330024247370282
"PFKFB2",5.11174063040555,0.575455175094968
"PFKFB4",7.57735282067812,0.449169045466269
"PFKL",7.46027936033096,0.282252896242459
"PFKP",4.88146734736873,0.263191339986488
"PGAP1",3.73725001768735,0.454601595380447
"PGAP2",6.26806717937751,0.222277887580297
"PGC",4.51161201107434,0.247597002208141
"PGD",4.69847937856219,0.285415307170208
"PGF",8.8142393081122,0.465873826655987
"PGGT1B",5.04102229294883,0.547925533394771
"PGK1",8.98357114874984,0.398585861933712
"PGM3",4.06694482291479,0.387203331422894
"PGM5",4.36699383545283,0.256678118565986
"PGR",2.93437979727298,0.148038398404015
"PGRMC1",7.60293091398405,0.674766206311753
"PGRMC2",5.8138349898019,0.501523157678068
"PHACTR1",5.43244298419027,0.632641059700913
"PHACTR2",7.32192690930815,0.610311934706747
"PHACTR4",6.56241385200707,0.50079229100212
"PHB",6.63599941793377,0.335011155338524
"PHC2",5.14227964375564,0.292657345211463
"PHEX",3.45096757691038,0.275422072788635
"PHF1",6.68059106943122,0.348751114880314
"PHF14",2.64754442198245,0.153605320323353
"PHF2",6.01009322594663,0.282654162631113
"PHF20",7.53770696562256,0.343763765692189
"PHF21A",6.60960495455824,0.44930648934224
"PHF3",5.36074192358718,0.366084212095465
"PHF8",3.9112775730067,0.245651119431592
"PHIP",6.37924141661566,0.689549669021072
"PHKA1",3.44418519347869,0.185058075311171
"PHKA2",5.51102397066634,0.300653180057836
"PHKB",5.65078286174619,0.581569268740073
"PHKG1",4.88799379252683,0.265377813849972
"PHKG2",5.16243706947903,0.261370314643032
"PHLDA1",3.8494940586973,0.289001136404347
"PHLDA2",4.37415053113361,0.504665599343962
"PHLPP1",3.6285023637976,0.301809959367417
"PHLPP2",5.12327118380983,0.362732361462167
"PHTF1",3.9661409047227,0.328383679528637
"PHTF2",4.9733294874714,0.579772831511767
"PI15",3.7948741996098,0.225076527194833
"PI3",7.41366844583175,1.06361671554444
"PI4K2A",5.72335846701674,0.277558640322066
"PI4KA",8.00306867412919,0.412277615994053
"PI4KB",7.27389366703804,0.338887006888366
"PIAS1",8.22549482768043,0.519211888849539
"PIAS2",4.83456795500557,0.462884632629909
"PIAS4",5.61433549876679,0.37882053076449
"PICALM",6.91716885731674,0.657349774787245
"PIEZO1",5.72310227251351,0.446844074513713
"PIGB",7.11475697826038,0.531820818079527
"PIGC",6.32204958050182,0.654340013630189
"PIGF",7.15485073854543,0.510918674723882
"PIGK",5.0631004912227,0.556766426397124
"PIGL",4.28629314516458,0.322371700092758
"PIGO",4.95077910189934,0.247217993456094
"PIGQ",5.42654528490778,0.365104610985719
"PIGR",4.40498094697498,0.232973735784133
"PIK3C2A",5.00828240360172,0.515851234242196
"PIK3C3",5.32981290436362,0.361566643596642
"PIK3CA",6.51730106224388,0.500543478965146
"PIK3CB",5.45999820472083,0.564518167452572
"PIK3CD",6.93665112260388,0.460329798327807
"PIK3CG",7.7855049048049,0.488836112911985
"PIK3IP1",6.50177078256767,0.490749801728113
"PIK3R1",6.79214238412363,0.709998721000571
"PIK3R2",5.96162488066914,0.362822272262936
"PIK3R3",4.19946207739236,0.386571270465421
"PIK3R4",4.30581441364254,0.316476001174152
"PIKFYVE",6.24747162919395,0.36995937688143
"PIN4",4.80493471443419,0.356479098177818
"PINK1",8.34592509591169,0.487358624513084
"PIP4K2A",9.02376283749546,0.759693056354174
"PIP4K2B",4.93714872136905,0.257159195622279
"PIP5K1A",6.11022468674152,0.331975008877136
"PIP5K1B",5.59733386878302,0.661529348688302
"PITPNA",7.59696225337682,0.348551485820358
"PITRM1",5.81474792214606,0.370909516272454
"PITX1",3.3846804790922,0.214863665507339
"PKIA",3.78594705227399,0.440698731148029
"PKLR",3.94572667460554,0.282101141256476
"PKM",7.13250490091928,0.48970713612326
"PKN2",7.28960109592971,0.708931630320915
"PKNOX1",4.59810150769064,0.249212512799929
"PKP1",4.17400940448472,0.238477429300275
"PKP2",3.80984140839477,0.260866143705037
"PKP3",4.70253198356187,0.255717132664277
"PKP4",4.6281853936236,0.365272538960013
"PLA2G16",4.69464779605651,0.275442657961118
"PLA2G4C",3.57241776431941,0.272043045567814
"PLA2G5",3.92134709644039,0.214992518856778
"PLA2G6",5.63389322537865,0.304623068063833
"PLA2R1",3.61305473815515,0.196215699706806
"PLAA",3.96702648156734,0.285335271111109
"PLAGL1",6.10089115875579,0.67133425710541
"PLAGL2",6.193161342742,0.488419414921908
"PLAU",4.16894658096008,0.361650852742348
"PLAUR",7.22665330282719,0.542903496813503
"PLCB1",5.30154338729116,0.600662094027995
"PLCB2",6.71384355750554,0.286663952060913
"PLCB4",2.80813675007074,0.233317835758501
"PLCE1",3.28710245078809,0.208448981439364
"PLCG1",7.00939757040512,0.454206318368606
"PLCG2",5.92538387497136,0.453200027106407
"PLCH1",3.08883563422918,0.156724770073671
"PLCL1",3.30656283087479,0.309593934934784
"PLCL2",5.73846418282642,0.440936176069396
"PLD1",4.65588818313949,0.408879975995357
"PLEC",7.51189941421713,0.401954355022253
"PLEK",9.54308911024433,0.517787303325299
"PLEKHA6",3.28134056326963,0.171524756824491
"PLEKHB1",4.09917658411381,0.356674610210301
"PLEKHB2",8.88519697219813,0.410825308553443
"PLEKHG3",6.39287122894502,0.551284040628306
"PLEKHM1",6.35969596517483,0.266277038714845
"PLG",3.64490103867322,0.31879094702699
"PLIN2",6.60303517947305,0.401939960486426
"PLK3",6.02042416497171,0.551249096832658
"PLK4",2.88516194278646,0.169636050217255
"PLN",3.17497769938554,0.147853158758249
"PLOD2",2.97948281000929,0.326580876603244
"PLSCR1",6.52337742367314,0.66546861765085
"PLXDC1",5.42067656125273,0.38247634990273
"PLXDC2",6.97203370358604,0.710749287464355
"PLXNA2",4.78845152327225,0.376389266956615
"PLXNA3",4.46381647372025,0.243152691860399
"PLXNB1",5.1952651178733,0.268058094486274
"PLXNB2",5.06814616103284,0.344853191245235
"PLXNC1",8.00772438585995,0.532007020094461
"PLXND1",6.4721942362094,0.401051944076863
"PMAIP1",6.37075974380054,0.769005369361125
"PML",5.52247152105013,0.323106907067304
"PMP2",2.73447493660693,0.216472035681206
"PMP22",2.97693351765276,0.142046653185467
"PMPCB",5.31191076408667,0.324628826487073
"PMS1",4.68080719052027,0.57181080861045
"PMS2",6.27206469186257,0.298532252991655
"PMS2P1",6.08643047582982,0.388231969897799
"PMS2P3",6.70797836835719,0.390750269086495
"PMS2P5",6.51660845020638,0.612825149712064
"PNISR",6.9622868777315,0.622321578337494
"PNLIPRP1",3.50633367351439,0.243622550006028
"PNMA2",3.49980573991979,0.200962691762827
"PNN",6.90308933451122,0.700394294005545
"PNO1",6.56676882160596,0.489693068041858
"PNPLA2",8.82307263005469,0.438897145026708
"PNPLA4",4.27768272706329,0.332627384000025
"POFUT1",4.25097687904179,0.293230844269209
"POFUT2",4.06290947969226,0.278173148873564
"POGZ",7.3364374037026,0.423244306308353
"POLA2",5.25830021768699,0.272412543264462
"POLB",5.78962823367857,0.489470388665054
"POLD3",6.56000329854824,0.33384032083491
"POLDIP3",6.10374366960788,0.250143548129787
"POLG",6.24642449138567,0.277661860578667
"POLR1C",6.16569897055162,0.400351064479071
"POLR2A",5.62681769226559,0.304560765582296
"POLR2B",8.27209789080798,0.504067083183473
"POLR2C",6.46554899301418,0.274569291252695
"POLR2D",5.07302962835401,0.280756179532311
"POLR2E",7.78752366083891,0.540287107626499
"POLR2J",8.00272877239114,0.565221195876127
"POLR2K",5.82514694791146,0.753745842340513
"POLR2L",8.94561985389459,0.495908099068204
"POLR3C",5.29066590999375,0.39700441535389
"POLR3G",3.45056165183898,0.262901232589623
"POLRMT",3.93940942012943,0.257293296641345
"POMZP3",5.58454340840027,0.60005305913089
"PON1",2.98036932329653,0.199567505416051
"PON2",4.63180341393888,0.453762545208791
"POP4",6.27579995963492,0.346723040988524
"POSTN",2.79096973681713,0.202147722295355
"POT1",5.24428443646038,0.474882477496085
"POU2F1",5.90203556122354,0.345360540973703
"POU2F2",6.76029318776931,0.501354100141931
"POU2F3",2.91478243180005,0.14045693901782
"POU3F1",4.04479059037892,0.25191981510679
"POU3F2",3.51522453933825,0.193720726194931
"POU4F1",3.13125031149623,0.167626461609745
"POU6F1",5.15727069176948,0.369496560530066
"PPAP2A",5.00941657507621,0.464524660829766
"PPAP2B",4.39922285469234,0.422721926352683
"PPARA",4.58681836554173,0.267570374371406
"PPARD",3.53667963927759,0.209138987005181
"PPAT",4.49268238762149,0.401667549276919
"PPFIA1",6.12730307773993,0.324977236903248
"PPFIA2",2.86382680557016,0.196367152799243
"PPFIA3",4.80894589081049,0.233365816764395
"PPFIBP1",3.72302179621599,0.240719359674681
"PPIB",9.9611324919395,0.435185386946757
"PPIC",3.28230472368109,0.242212967280194
"PPID",7.24241115867361,0.511946634430098
"PPIE",5.91789975906119,0.359927484960279
"PPIF",7.43113568897832,0.655228176482939
"PPIG",6.10615466035892,0.539407375699655
"PPIL2",5.10060827669031,0.27996171554551
"PPIL6",3.90218399268369,0.273846109073054
"PPIP5K1",4.58369967778005,0.209523461254033
"PPM1A",6.07327858384976,0.521593681527952
"PPM1B",6.99411164164362,0.753511606321269
"PPM1D",6.09529280234015,0.47190183172422
"PPM1E",3.34134092549258,0.193374091492729
"PPM1F",7.33204287305762,0.562811521063298
"PPM1H",3.90216589404736,0.225600909731546
"PPOX",4.22904050844622,0.204879695121941
"PPP1CB",7.51919711097131,0.663019483732831
"PPP1R10",6.29269698682215,0.476514008672575
"PPP1R11",4.8354805774496,0.269361863680024
"PPP1R12A",7.12812248423257,0.724516274671906
"PPP1R12B",5.32491865766599,0.606030846215683
"PPP1R15A",7.55733528188821,0.625235043699574
"PPP1R16B",7.14015066459378,0.60631467131121
"PPP1R1A",3.68060708281706,0.230869704392018
"PPP1R2",6.92875400139081,0.635513560764968
"PPP1R37",3.81796766365211,0.303036734466897
"PPP1R3C",3.24423199389538,0.165778432708519
"PPP1R3D",6.16217603331908,0.61717731895667
"PPP1R7",6.48562168452289,0.30316853838015
"PPP2CA",8.33442403978401,0.507161324575335
"PPP2CB",6.04168428582023,0.564708615495252
"PPP2R1B",4.67066885884124,0.356835412410438
"PPP2R2A",5.25264572675382,0.315386418316721
"PPP2R2B",4.63374633168272,0.547654666418488
"PPP2R3A",3.51564416558079,0.166927362314366
"PPP2R4",6.85064753955653,0.302951452597533
"PPP2R5A",5.57340289344564,0.268744549704406
"PPP2R5B",7.1021737320726,0.546796694018177
"PPP2R5C",7.56332931012409,0.513057132494341
"PPP2R5D",6.48822445789683,0.241890959541095
"PPP2R5E",7.25144784834535,0.383731522050618
"PPP3CA",8.23514446498866,0.523463485721132
"PPP3CB",5.8652062236707,0.521870426806533
"PPP3CC",5.16246581567114,0.328841870136894
"PPP3R1",6.54177814323373,0.652115490776225
"PPP5C",4.74972127357706,0.206029721230188
"PPP6C",6.99532256923837,0.58762573739094
"PPP6R2",6.3585338172441,0.486846612805359
"PPWD1",4.07451337430665,0.614652847822225
"PQBP1",6.15786794958004,0.302918821450716
"PRB1",5.74462165792053,0.361070601052699
"PRCP",5.22098889303853,0.257710792386939
"PRDM1",6.08048797369651,0.420485441054452
"PRDM2",6.27651658570372,0.465783754503541
"PRDX2",7.14376332549354,0.497035193761387
"PRDX3",6.79238224868908,0.54720788934574
"PRDX6",9.43851357488005,0.43308861864101
"PRELP",4.65573043037798,0.215616697884529
"PREP",5.66906213695206,0.348760057428349
"PREPL",5.66175622230407,0.532821138472725
"PRF1",8.72891224419175,0.827230269932285
"PRH1",4.32567218326084,0.261139629496834
"PRIM2",3.96410965561286,0.287152573287972
"PRKAA1",5.44039547910231,0.44948930005838
"PRKAA2",2.95112015189439,0.177619209363856
"PRKAB1",5.44264480945827,0.370478278461961
"PRKAB2",4.95774799634702,0.358481271310798
"PRKACA",5.73965480021656,0.425799085180754
"PRKACB",6.81873600551605,0.894781581431766
"PRKAR1A",9.13970558254032,0.7758406472257
"PRKAR1B",5.44252074213711,0.314352356246296
"PRKAR2A",7.43720596175867,0.360822525675401
"PRKCA",4.59863301029194,0.425901741324252
"PRKCB",6.3104515865927,0.45802395298704
"PRKCE",4.1074200557931,0.278982337817447
"PRKCG",4.9760869509131,0.250496011186842
"PRKCH",7.59856766352362,0.556157653881077
"PRKCI",5.59000393588424,0.454697673135694
"PRKCQ",7.11042645678685,0.685745211814358
"PRKCSH",7.90901205853824,0.33535227093137
"PRKD1",2.92668583159782,0.142259468228468
"PRKD2",6.67949078427346,0.534703051365444
"PRKD3",6.11408382384265,0.510408062591727
"PRKDC",4.42245188611188,0.600488545852204
"PRKG1",3.4561143727649,0.204318622051942
"PRKRA",6.81473324794288,0.607842834300299
"PRKX",6.86190104397571,0.553897378931924
"PRLR",3.09071642265088,0.171944154835473
"PRMT1",6.6171338627977,0.438142975740252
"PRMT2",5.65682323435686,0.663843992214535
"PRNP",7.05319963300935,0.810568008347041
"PRODH2",4.69425795759016,0.342298259191362
"PROSC",5.40121571459835,0.290739804933376
"PROX1",3.88619708341729,0.193588135304981
"PRPF18",5.88078536787733,0.436260963978184
"PRPF31",5.05647713404943,0.319571408613172
"PRPF4",6.85089934328946,0.402457524054693
"PRPF40A",8.08312809431708,0.396181203571541
"PRPF4B",6.57274527866333,0.778394589167831
"PRPF6",7.0850106149151,0.337685940695041
"PRPS1",6.93185575876994,0.446969599871602
"PRPS2",6.00323856602375,0.61419076996696
"PRPSAP1",6.18579080879911,0.419657542387237
"PRRC1",6.61923684254391,0.613237682115864
"PRRC2A",7.11162160204479,0.348986301094567
"PRRC2B",7.10926712369778,0.364763018343668
"PRRC2C",7.12979545863022,0.58227722863628
"PRRX1",2.99773912809298,0.148153229408802
"PRSS12",2.88945099499642,0.128872318799749
"PRSS2",3.80530557610145,0.209991329083651
"PRSS23",5.65347102554702,0.848432221152042
"PRSS3",4.50738935829494,0.26794453305304
"PRUNE",6.33229284056391,0.421626401792774
"PRUNE2",3.44959250411228,0.442078791846509
"PSAP",11.4242824501826,0.497319505279033
"PSD3",3.29057109911191,0.180001306634609
"PSD4",6.55523501642215,0.431766501658871
"PSEN1",5.37522371181355,0.349588349732535
"PSEN2",3.87549585816019,0.22362300435383
"PSG1",3.61670028517294,0.22477535654906
"PSG11",3.45129133786993,0.170559347839977
"PSG4",3.59746561887862,0.181883601856279
"PSG9",4.24061437958474,0.236846943395375
"PSIP1",6.70518893714487,0.84694011758324
"PSMA1",9.0811036143467,0.48621380049798
"PSMA2",7.6721529911178,0.567651090929105
"PSMA3",6.36561861817716,0.551557917008836
"PSMA5",5.0736575390972,0.625511653874737
"PSMA7",9.0453321321621,0.300064372034258
"PSMB1",10.2468784487951,0.382619129908867
"PSMB2",6.05054593301601,0.424764308303211
"PSMB4",9.40938511188858,0.444207535461203
"PSMB7",7.80680589312451,0.409189037623932
"PSMC2",5.84325883158118,0.372225277383549
"PSMC3IP",5.79025835049992,0.211524570806926
"PSMD1",7.84558126677669,0.356148261766494
"PSMD10",7.2829286500118,0.449069916039365
"PSMD11",6.75696190315916,0.416166121101739
"PSMD12",6.61080526043744,0.533552627149157
"PSMD13",7.98835412103765,0.325813947009891
"PSMD4",7.80067574376475,0.276630080033551
"PSMD5",6.68208732011588,0.385580583582922
"PSMD6",9.06103754504462,0.376682795210783
"PSMD9",5.16847399143066,0.310253167995871
"PSME3",6.95976386992191,0.391425354272784
"PSME4",5.99314499167342,0.654078598406547
"PSMF1",7.02091659957335,0.79412265373621
"PSPH",3.39699008554339,0.6888685498035
"PTAFR",8.18795344533457,0.613238257301723
"PTBP3",7.86383567474283,0.565178406480866
"PTCH1",5.19237428477458,0.673286245439919
"PTCRA",6.19882877834298,0.370496442813368
"PTEN",8.44949743912482,0.592711016942571
"PTGDR",5.27492367395028,0.682388453988189
"PTGDR2",4.23034296283126,0.301627552717225
"PTGDS",7.42430575049198,0.665641641242404
"PTGER1",5.08140174875689,0.258407268783453
"PTGER3",3.41788936796069,0.188261441837
"PTGER4",7.75958107563197,0.820732963741475
"PTGES",5.63878020399839,0.283917841203262
"PTGFR",2.85969979881487,0.204493580053441
"PTGIR",6.10658512170596,0.265408392315506
"PTGIS",3.48918073833133,0.227174858371814
"PTGR2",5.90914288046935,0.239537683978279
"PTGS1",6.68941761491212,0.572435594373893
"PTGS2",6.2966455432801,1.13607099282295
"PTHLH",2.9101895323409,0.158544674783892
"PTK2",4.4470102253756,0.294590323070707
"PTK2B",7.85212114641865,0.341908734529484
"PTK6",4.51981463427907,0.23795481637219
"PTK7",4.51668526717128,0.215726550785435
"PTMS",4.64170657996031,0.364683683416066
"PTN",3.42161906654376,0.208995132358592
"PTP4A1",4.9393959847151,0.489580881915303
"PTP4A2",10.2331282988199,0.482827427389521
"PTP4A3",6.11178970928542,0.359474161463718
"PTPLB",6.86184687278762,0.662924355614606
"PTPN1",5.59936811116845,0.29139273382744
"PTPN11",5.25313827313732,0.572664646501627
"PTPN12",6.6950870614036,0.711502723820863
"PTPN13",3.11244747958732,0.348547846749179
"PTPN14",3.22695041065416,0.211445694974396
"PTPN18",7.04042434037332,0.528953561753923
"PTPN2",5.2223828165966,0.393123278372614
"PTPN21",3.86360159678452,0.204566961004252
"PTPN22",6.02440517088061,0.442748681696719
"PTPN3",3.95645244792136,0.206988778867356
"PTPN4",7.41635427820071,0.624913005173238
"PTPN7",6.06327948458963,0.313834216295037
"PTPN9",5.82162113539352,0.29486270221435
"PTPRA",5.19224400304098,0.345036633811871
"PTPRB",3.46453558855377,0.183619240682278
"PTPRC",9.24927304463407,0.803343753345436
"PTPRD",2.86564097775592,0.157762664289044
"PTPRE",8.60439281071188,0.488198490664165
"PTPRF",4.05338466863388,0.211333733112308
"PTPRG",3.02376952679423,0.189507254965594
"PTPRJ",4.68003364810513,0.379412433342782
"PTPRK",3.24498087496342,0.401775050974854
"PTPRM",4.60331854716036,0.431932027840525
"PTPRN2",5.30709886020754,0.416309954140956
"PTPRO",7.00447354986904,0.518262045887658
"PTPRR",2.80948844629279,0.13831311243854
"PTPRS",3.67935345733891,0.202565693790899
"PTRF",4.35322908178634,0.223681650705098
"PUM1",8.2321030958873,0.475073415685631
"PUM2",6.48144026679453,0.470349720921179
"PURA",5.34835670285315,0.464940348402642
"PVR",5.18179172078413,0.317213914801568
"PVRL1",4.4064925356298,0.24283446864727
"PVRL2",5.89559074525002,0.530946028133615
"PWP1",6.9694766178697,0.463803079817625
"PWP2",4.99744031327372,0.22123148063675
"PXDC1",4.91064877382768,0.315303405357978
"PXDN",4.4167762064934,0.241227738376148
"PXN",5.16044572446018,0.470733756244647
"PYGB",4.58403260320031,0.251252407688488
"PYGO1",3.07522817001365,0.209403364190028
"PYROXD1",6.67851800690504,0.67383737198169
"PYY",3.88804866612489,0.24316079291692
"QDPR",5.26158378718026,0.351615006325978
"QKI",6.21752032273059,0.582521661031935
"QRICH1",6.39613437652394,0.298834577270138
"QSOX1",5.76991889764137,0.413895928770176
"R3HCC1",6.90468112089316,0.255062585982744
"R3HCC1L",4.26887942669287,0.248048911639163
"R3HDM1",5.56939188361353,0.532134450418322
"RAB11A",7.73126933882286,0.600185812317738
"RAB11B",5.10480962911489,0.321528764583453
"RAB11FIP2",7.62173547117079,0.520414586315739
"RAB11FIP3",6.17117134105326,0.438916455267161
"RAB14",7.77904685658411,0.585999616761656
"RAB1A",7.09324178685057,0.423199314573061
"RAB21",4.97831917806514,0.507314306574854
"RAB22A",6.78823030867882,0.566431184644156
"RAB27A",9.0678057405149,0.464777144447873
"RAB27B",5.79801913784839,0.647354506993001
"RAB28",5.42533436058051,0.481990352647614
"RAB29",7.95155705976592,0.650303574073937
"RAB2A",6.43049764952411,0.642985455964083
"RAB30",4.20552471011167,0.27638608643988
"RAB31",9.837388162457,0.542374170724044
"RAB32",5.87982879952894,0.514797215597004
"RAB35",6.93641726649841,0.331987128313534
"RAB3B",3.53544859796668,0.210303196681135
"RAB3GAP1",7.23517185514636,0.289999270843584
"RAB40B",4.20162207524927,0.398818469041237
"RAB40C",3.9203414121358,0.232683414737219
"RAB4A",5.98112979794823,0.501971706002276
"RAB5A",5.71114014151557,0.428152315385604
"RAB5C",7.6630687412909,0.422772263730447
"RAB6A",4.52133271745662,0.314691335249978
"RAB6B",5.30061852251862,0.377325512506848
"RABEP1",6.05196945255679,0.629396798818412
"RABEPK",4.29869197636627,0.217825177914832
"RABGAP1",7.00542253942264,0.384714855019928
"RABGAP1L",7.79291885377867,0.706287239118281
"RABGGTB",6.33203922011412,0.513921331580403
"RABIF",6.3442055186257,0.320677871257836
"RABL3",5.17708504520125,0.334227415475085
"RAC1",5.19242364678083,0.58260370441384
"RAC2",9.72070544881002,0.751317419364836
"RAD1",6.47714508201937,0.40082322187036
"RAD17",6.21285338230131,0.377797110351127
"RAD21",8.2314207004406,0.590719785181557
"RAD23A",8.63735276167703,0.510946729615856
"RAD23B",6.70279510069948,0.549475036258235
"RAD50",5.2048318703872,0.467379670645578
"RAD51",3.72411412858763,0.188725451939063
"RAD51B",3.72439740243838,0.213989266292721
"RAD51C",5.09381233943616,0.338806397084816
"RAD51D",4.35881568669243,0.340733661261501
"RAD52",4.69815928189852,0.318803169045142
"RAD54L2",6.51063746513993,0.296617968376726
"RAE1",8.32923090091967,0.349396221696307
"RAF1",8.35381311503262,0.453238330213966
"RAG1",2.83612702305445,0.151114856889229
"RALA",7.32348279043871,0.51934950010844
"RALB",8.20070239414316,0.681183558845049
"RALBP1",7.86325972954935,0.556006746754679
"RALGAPA1",4.07678225203397,0.282975692809649
"RALGAPB",6.55715179667066,0.396282783172786
"RALGDS",7.73660991623311,0.467285737251683
"RALGPS1",4.49417113728772,0.366422037757482
"RAN",7.97579907727867,0.684393327016217
"RANBP1",5.2833491025938,0.370998201144633
"RANBP2",6.47898300529456,0.559112446929163
"RANBP3",6.31421367504204,0.293179859523581
"RANBP9",5.79864817635151,0.568058118943456
"RANGAP1",6.4434789950232,0.335019382164015
"RAP1A",6.92727304606766,0.423297023209291
"RAP1GAP",5.53747894336433,0.557678274061027
"RAP1GDS1",7.01436695529248,0.603351687448271
"RAP2A",5.60914212078853,0.457967132690098
"RAP2B",7.76963492005361,0.384465678375367
"RAP2C",7.17007602451824,0.702957467398842
"RAPGEF1",5.23491952740437,0.332387992221584
"RAPGEF2",5.22112305584845,0.557226670880336
"RAPGEF3",4.71275623040917,0.291918480821149
"RAPGEF5",3.70615634382774,0.187116940926418
"RARA",6.55725430638495,0.359780611086214
"RARB",3.91427844049747,0.248584441319897
"RARG",4.68544470389325,0.221745740449703
"RARRES1",3.39808930196295,0.179380430325275
"RARS2",5.68395115643513,0.409300621774859
"RASA1",6.4883096713389,0.721408454930786
"RASA2",7.81990499456384,0.789687510233916
"RASA3",5.40529069917472,0.468456202756825
"RASAL2",3.35895262202001,0.17721833959144
"RASGRF1",3.62745357529714,0.203482148210723
"RASGRP2",5.19047519371851,0.318630174351494
"RASGRP3",4.1030644794755,0.388697576777584
"RASSF7",7.38268512617905,0.191495680984708
"RASSF8",3.12596611063179,0.225059889699576
"RASSF9",2.96618632220514,0.161586617256416
"RB1",5.89598057794051,0.599654209247462
"RB1CC1",7.88378856856464,0.632120212024662
"RBBP4",6.91651500233962,0.713104639693924
"RBBP6",6.02439877421292,0.457099289968967
"RBCK1",8.24489319858214,0.414641647526103
"RBFOX2",3.86288475350735,0.238092360273636
"RBL1",3.95537988434619,0.340908278777384
"RBL2",8.71385511787689,0.517781606879227
"RBM10",7.10284095558051,0.361815231562938
"RBM12",7.15247629730919,0.410761938865885
"RBM14",6.03830453569723,0.611220638205916
"RBM14-RBM4",6.76865140240985,0.353560090191245
"RBM15B",6.6156937397731,0.279310217658266
"RBM17",6.2534655976767,0.417589858300818
"RBM19",5.45718128316623,0.311168975435119
"RBM25",7.17319750143695,0.484922362084056
"RBM3",7.18726730607127,0.682530089509071
"RBM39",8.35852771323471,0.80190286477648
"RBM5",8.39858290219056,0.461979908057837
"RBM6",6.1432449880548,0.599305173107063
"RBM8A",6.24677027722365,0.40928329007397
"RBMS1",9.29433486752938,0.445616576559553
"RBMS2",4.05695269250508,0.211809519683222
"RBMS3",3.32589120893998,0.188837875298165
"RBMX2",6.3948606587104,0.315549338365046
"RBMXL2",3.20968618665894,0.212432726264766
"RBP1",4.09522103915389,0.281995273859888
"RBP4",3.55575417763621,0.34779348371215
"RBPJ",7.60266567366562,0.456056143140705
"RBPMS",3.5199840308535,0.222390654057321
"RCAN1",5.17724652338998,0.501239094773152
"RCBTB2",8.80631490898287,0.692040758337191
"RCC1",5.67487067432316,0.264685418163415
"RCE1",5.65171122136973,0.276438866059588
"RCHY1",4.47403744936379,0.359326715447277
"RCN2",5.72818164579314,0.662016115315063
"RCOR1",7.04932924805658,0.399389248538504
"RDH11",7.35987519140488,0.470810130987881
"RDX",3.8372196264553,0.465613998083499
"RECK",3.98133134145261,0.226810503044172
"RECQL",5.89055791979552,0.611497652295825
"RECQL4",5.30242745773212,0.27727009472717
"RECQL5",4.9311578603568,0.32528180391746
"REEP1",3.70991576122557,0.275874106933373
"REEP5",8.74678640751366,0.531848778713346
"REG3A",3.98466222014972,0.215961028627863
"REL",6.25256574323352,0.69403538511102
"RELA",7.06973898641809,0.382352645503194
"REPS1",5.38854801388407,0.418874509381358
"REPS2",6.15408779483359,0.635321067165311
"RER1",8.29301439571012,0.341235902765793
"RERE",6.57552331601764,0.486680901280998
"RET",3.57452603668618,0.209982483072919
"REV3L",6.49174259335569,0.554999494961703
"RFC1",6.5117466384899,0.413711136478737
"RFC2",5.96293645716317,0.295053221889023
"RFC3",4.40885036566911,0.385496199128171
"RFC5",6.13167521202136,0.599360709899643
"RFK",6.18717499458769,0.745276537165185
"RFTN1",7.6775554145596,0.436886110080482
"RFX1",4.19751913917819,0.251062817864561
"RFX2",4.52807459652164,0.294954984790027
"RFX3",4.32428175829706,0.310240615094593
"RFX4",2.81779538853455,0.163229697192276
"RFX5",7.32644145797645,0.330173421900245
"RFXAP",4.37063610744962,0.298905984630044
"RGR",4.07387972271834,0.236544557601502
"RGS1",3.77381366291345,0.625050494429416
"RGS10",6.75583791017285,0.476867112937303
"RGS11",3.78897181839427,0.206515055693046
"RGS12",4.00961169100874,0.197836386541709
"RGS13",2.52595888566719,0.123136661094809
"RGS14",6.16724433902056,0.461464614020398
"RGS16",4.23510480376197,0.288622826408278
"RGS20",3.9657129707141,0.196166385285768
"RGS3",4.68944275353434,0.302000294058531
"RGS4",3.64600796523674,0.225405517514647
"RGS5",3.68716428365921,0.275861373730454
"RGS6",4.64192350966234,0.281639898391416
"RGS7",2.95725885590688,0.154084532899525
"RHAG",3.89377424079375,0.308995339466951
"RHBDD3",5.52109759167157,0.254687831151974
"RHBDF1",4.68374488647393,0.321655090269547
"RHCE",5.52389156154793,0.529621351887092
"RHD",4.87203958008309,0.501853827676845
"RHEB",5.07867809171561,0.546858696557142
"RHO",4.67370644421062,0.206473471112682
"RHOA",9.66487551025437,0.527648846476094
"RHOB",4.76918805197753,0.482424151812536
"RHOBTB2",4.14172589998164,0.263856255720053
"RHOBTB3",4.25751463642704,0.492986394958694
"RHOC",5.59331042678207,0.490909605512887
"RHOD",6.57983944194305,0.219861235835111
"RHOH",7.67500317615822,0.920831261609574
"RHOQ",7.95434192163747,0.557778333139362
"RIMBP2",3.2125866113949,0.169022238350175
"RIMS1",3.78530617180588,0.168837479716627
"RIMS2",3.78027517210095,0.240797540791751
"RIMS3",4.42454401117364,0.224419391696675
"RIN2",6.47781183679827,0.678583467527811
"RING1",7.75277097469601,0.289832183304161
"RIOK3",8.47124743555745,0.494023434806439
"RIPK1",6.378602231499,0.351657550039822
"RIPK2",5.95552609126503,0.43591572009266
"RIT1",6.13701541999997,0.718155121871936
"RMND5A",7.09369444622784,0.449824644717879
"RMND5B",5.92070411239641,0.215403743153373
"RNASE1",3.77197356029105,0.372119383360839
"RNASEH1",6.61287899708998,0.322531859429352
"RNASEH2B",4.5685776390293,0.343636541931566
"RND2",3.55245784723584,0.239644518904497
"RNF10",9.44524257584602,0.728885822890291
"RNF103",6.80640891221131,0.394383102415205
"RNF114",7.90565375671274,0.30274688347425
"RNF115",7.03376775333993,0.367931419341471
"RNF126",6.89522471842717,0.290221855150243
"RNF13",9.28712342144957,0.607575490333006
"RNF14",5.11741329022317,0.594025612234662
"RNF144A",4.24003917866905,0.263228615183814
"RNF187",4.89681187825613,0.307824361926662
"RNF19B",7.6114806701545,0.621171624464364
"RNF216",6.07270296144052,0.306748966431316
"RNF24",8.29594455105522,0.585727244388221
"RNF40",5.73821551378354,0.271384879203846
"RNF41",5.6602652840301,0.362109884641357
"RNF5",5.41782529639319,0.3108392843641
"RNF6",5.83998756133461,0.670068626390904
"RNF8",4.05282831069377,0.190737002602061
"RNFT2",4.20923256609507,0.27435496117358
"RNGTT",5.62973817068618,0.432937490350215
"RNH1",8.29724999939842,0.471621837313276
"RNMT",4.41729436576928,0.290596668982716
"RNPS1",9.40400987860463,0.343826644230078
"ROCK1",7.54612949281472,0.513766731281847
"ROCK2",5.00325315699751,0.275713979748914
"ROR1",3.98813409526902,0.249954499396962
"RORA",5.40250890955635,0.692161786194176
"RORB",3.23741201745125,0.179154460094325
"RORC",4.72694482635402,0.376613780694361
"ROS1",3.32077317933513,0.179677482550737
"RP2",6.27262355419829,0.597206000021593
"RPA1",6.8507954342547,0.568202725900887
"RPE",4.05651943678761,0.319844997920701
"RPGRIP1L",2.97997110049719,0.199069736756467
"RPL10A",11.761474387805,0.593459987336497
"RPL12",12.3303032433334,0.406753504536121
"RPL13",8.30755359709953,0.330296279993867
"RPL13A",12.065350684962,0.482378348383551
"RPL14",8.78881702501241,0.473411186264735
"RPL15",10.7316167299012,0.502315407698892
"RPL18",6.27470623525697,0.278880866772907
"RPL18A",7.87650267460974,0.400310050933872
"RPL21",8.3754890139202,0.34497715968459
"RPL22",9.78032452663465,0.66110994716625
"RPL23",7.97434949902632,0.819009961313001
"RPL23A",13.0002731744118,0.348798472044814
"RPL24",11.3876302362737,0.526335535365915
"RPL27A",10.6353295505248,0.439648985617614
"RPL29",11.9388831054932,0.493269287547114
"RPL31",4.60914064863528,0.399230316582219
"RPL37A",8.56832971519007,0.695889536747824
"RPL38",9.72446377837976,0.593617757820815
"RPL4",11.6518405141893,0.543272073699729
"RPL5",4.11862211765208,0.349751424890712
"RPL7",8.33135901051377,0.756166554162473
"RPLP0",11.9502695221411,0.517233899471924
"RPLP1",5.97639837214623,0.358666810809742
"RPLP2",7.13484621316453,0.588979456826981
"RPN2",9.21816814185025,0.474450497662659
"RPP14",5.28735942965901,0.345008824161433
"RPP30",4.30594090747385,0.383996015263879
"RPRD2",6.04732838205956,0.286876359667931
"RPS10",10.8122489473082,0.527908909828907
"RPS11",10.9289690795011,0.493716459826626
"RPS14",5.47530752187181,0.347832504457177
"RPS15",8.31970505142272,0.336058816124993
"RPS15A",5.99726254867442,0.471151457881516
"RPS16",8.90079987110106,0.350765250538455
"RPS17",11.7005669527189,0.656537854013929
"RPS19",9.99857999034878,0.438613377776335
"RPS2",12.3369207869034,0.380072787843054
"RPS20",10.9199511797812,0.386380158361405
"RPS21",8.39956784502816,0.671055366978608
"RPS23",6.53803492209305,0.70855030697655
"RPS24",7.23515421552195,0.774507448067665
"RPS27",8.71103693568866,0.870471342837683
"RPS27A",7.46075064807129,0.353737317884416
"RPS28",9.62887518041053,0.430894347166602
"RPS29",8.60032113201729,0.549749677037415
"RPS3A",10.8604244352552,0.645064231268842
"RPS4X",12.7481655880755,0.467977265591821
"RPS6",9.36900511693082,0.525577038493606
"RPS6KA2",5.56339666685823,0.319873471556666
"RPS6KA3",7.59131974528089,0.531053385840198
"RPS6KA4",4.04579231408443,0.230443900052
"RPS6KA5",6.53618543264246,0.431645869904902
"RPS6KB1",5.91267109751828,0.514524659379623
"RPS7",10.4614850260093,0.865460522690718
"RPS8",6.30050209784457,0.430950834433921
"RPS9",10.5982829586523,0.322021193844574
"RQCD1",6.11306455562687,0.392632166167262
"RRAD",4.13387356075828,0.258032212800759
"RRAGD",6.73220865144329,0.596259147934385
"RRAS2",5.20154266086616,0.711666207791862
"RRBP1",4.3391869139938,0.253642507011149
"RREB1",5.50398850939363,0.353083233052306
"RRM1",5.67087479435759,0.450008689478699
"RRM2",5.21346771274028,0.861895930889608
"RRN3P1",5.07964105340154,0.411105744165162
"RRP12",5.813163308358,0.405025008360534
"RRP15",4.54198834962812,0.476490085518971
"RRP1B",7.62290090298385,0.779526518562654
"RRP7A",5.4896412435589,0.279505611396042
"RRP8",3.17685804357235,0.19951643890238
"RS1",3.47313173605929,0.180950497803485
"RSAD2",7.10685656869194,1.41203632409444
"RSBN1",7.19734312047793,0.625386594289889
"RSL1D1",6.44416481863907,0.590823721900332
"RSRC2",8.8485527371723,0.542660088119498
"RSU1",5.78663244830265,0.407479103606045
"RTCA",6.85630510146248,0.548743748858924
"RTEL1",5.09424588042528,0.264858724285972
"RTF1",5.85560651226176,0.29953235507555
"RTN1",6.70616029822076,0.731484892300853
"RTN2",5.21207392526987,0.287451710368115
"RTN4",9.77954794076459,0.474641847132416
"RUFY3",4.94082599556656,0.357490387541425
"RUNDC3A",5.90240241749949,0.744963915642517
"RUNDC3B",3.16516561857111,0.267276827481216
"RUNX1T1",3.23800860497282,0.224907272613951
"RUNX2",5.9224599386403,0.442176609417009
"RUNX3",7.24407425077224,0.490074824398007
"RUVBL2",6.12291441643977,0.365163170815233
"RWDD2A",4.71943339057765,0.206279209980216
"RXRA",8.40387902683335,0.47594421080995
"RXRB",4.49791796240858,0.343669280425523
"RYBP",9.22382106642719,0.616126827794918
"RYK",6.12628646381852,0.401288357663292
"RYR2",3.4082093939398,0.217067857881223
"S100A10",10.2365051620715,0.609497392051639
"S100A13",5.23564213210005,0.232794594075816
"S100A8",8.73555874466465,0.830790038959293
"S100B",3.55193621906336,0.470110487962924
"S1PR2",4.58490010043996,0.230929206425236
"SAA1",4.50312950798434,0.283680202837346
"SAFB",4.38372733669328,0.250792374337029
"SAFB2",6.75565106026289,0.25332298528728
"SALL1",2.55817354814717,0.12405517296115
"SAMD14",4.87662848822879,0.335596158166626
"SAMD4A",4.8449942430311,0.476807686051271
"SAMHD1",8.24465787938952,0.691569500908547
"SAMM50",6.83217766654632,0.437543784436898
"SAP18",8.33370668557813,0.368977229839586
"SAP30",4.95521435329331,0.441722705443028
"SAR1A",6.6270886148626,0.405690946728039
"SARDH",4.39810744301403,0.264611728163033
"SARM1",4.57784231431625,0.247979451360114
"SARS",5.61775803930196,0.50069119801718
"SART1",4.49670794003515,0.284291646998494
"SART3",5.58753124875653,0.430300304674866
"SASH1",4.98388064226594,0.529956197840354
"SAT1",8.44732254901232,0.395918025207334
"SATB1",8.83606850327027,0.662196473333008
"SATB2",3.13952712966775,0.163982015068111
"SBF1",6.13658334070492,0.400335191610214
"SBNO2",5.99364100863649,0.510877558111374
"SBSPON",3.59236148781776,0.227850529036664
"SC5D",4.25292718912647,0.426580905438584
"SCAF11",7.88215145362954,0.424433044451879
"SCAI",3.62842310936715,0.315269157966832
"SCAMP1",6.12240477267132,0.541020431122428
"SCAMP5",5.61154252825162,0.215962448131095
"SCAND2P",4.06738724795155,0.299181555558715
"SCAPER",4.74824944336941,0.353826763909938
"SCARB1",4.35929725132884,0.247216466715002
"SCARB2",6.53648369362791,0.58167307412462
"SCARF1",4.77892201209847,0.451609964430319
"SCCPDH",6.15249327485648,0.351597718178431
"SCD",4.77315268512164,0.207317324315776
"SCEL",2.62569380341507,0.102801436713611
"SCFD1",5.03937024971878,0.530922931324743
"SCN2A",2.62308512815954,0.123886200959463
"SCN2B",4.0325622160907,0.244479865841023
"SCN7A",2.82676188969405,0.134806217734085
"SCN8A",3.35402882289041,0.198950499127518
"SCN9A",2.9200446450206,0.164851148147483
"SCNN1A",4.9586320556787,0.307385135308272
"SCNN1G",3.25934991900695,0.167108173527524
"SCP2",7.97629252958588,0.652446810155175
"SCRG1",3.43737138336115,0.381635527612099
"SCTR",4.23476937252832,0.205178900058693
"SCYL3",5.92371473792104,0.574312138302974
"SDC1",3.84062376058304,0.344297494033466
"SDC2",3.58946016779208,0.380735207274231
"SDC3",4.13912077159564,0.216106955829443
"SDHB",6.58884681121573,0.49753992564753
"SDHC",5.38481936328088,0.474726730768011
"SDHD",8.39946595734885,0.659949615764865
"SDS",4.96415140989482,0.256307869816488
"SEBOX",4.30284806154657,0.242618620722681
"SEC11A",9.40727159686469,0.441181941988688
"SEC14L1",7.71159143344672,0.547929962440613
"SEC14L2",3.43221398655041,0.261457313277547
"SEC23A",5.591113678177,0.321741844819306
"SEC23B",7.03735904713724,0.484152296833747
"SEC23IP",5.6034764972482,0.444645270793925
"SEC24A",4.33320283895965,0.354368270167831
"SEC24D",3.88174449592111,0.431371825987697
"SEC31A",8.04199355600936,0.44399839129774
"SEC61A1",6.3986182044169,0.464924015290882
"SEC61B",9.71917335196041,0.321407400389211
"SEC62",8.71327187071887,0.478349050329245
"SEC63",5.39868592243205,0.419234226129658
"SECISBP2L",6.23553913576683,0.659097295641392
"SEL1L",7.05324806690935,0.505277398465093
"SEL1L3",5.7184450579767,0.497297235437927
"SELPLG",9.52844666029321,0.441724295596084
"SEMA3A",2.67134957062722,0.125439093737724
"SEMA3C",4.04693923218123,0.472165517218718
"SEMA3D",3.08812914031182,0.17065948941664
"SEMA3F",5.79605065016247,0.279561803537402
"SEMA4D",8.71485472308725,0.495268421255719
"SEMA4F",5.25333892664142,0.247734253361741
"SEMA5A",4.22709536578973,0.222484165504916
"SEMA6A",3.7729624956067,0.232573319627098
"SEMA7A",5.43338845740978,0.306322941504129
"SENP3",5.8366976929851,0.276916839444432
"SENP5",5.41235616989944,0.241422594078379
"SENP6",6.09959519303182,0.722717206329515
"SEPHS1",5.94391053311481,0.464537127244898
"SEPP1",3.01812098634363,0.391277902976216
"SEPT10",3.56272339896918,0.317352905615357
"SEPT11",5.9733064894307,0.438836540524845
"SEPT2",7.39841325588748,0.689204388117941
"SEPT4",4.37373171574454,0.344541310949967
"SEPT5-GP1BB",4.74425450511971,0.40093327621982
"SEPT6",7.77467793261861,0.641314395303495
"SEPT7",8.83028576916054,0.418214470130188
"SEPT8",4.59954769545059,0.298173596618049
"SEPT9",7.28856500210263,0.70770984460973
"SEPW1",8.79581914624911,0.513722379987
"SERBP1",7.46145342711613,0.537465437850736
"SERINC3",8.47121768009789,0.376169437306854
"SERPINA1",7.86129130749077,0.545572090876437
"SERPINB1",8.02186022713055,0.518921035618978
"SERPINB13",3.64499202159211,0.225949721939439
"SERPINB3",3.02515430618014,0.172135281044673
"SERPINB5",3.14948440597437,0.211248493681462
"SERPINB6",4.47769842356416,0.443248395407339
"SERPINB8",4.91825952808592,0.28917371802796
"SERPINB9",7.09902442558101,0.538239627682565
"SERPINC1",3.41069831861932,0.189113414693198
"SERPINE1",3.5830750681881,0.22776456295852
"SERPINE2",4.4670612254073,0.491237188235311
"SERTAD2",7.98239393057316,0.500993739684795
"SET",9.25722846052635,0.543104121395443
"SETBP1",5.03683920541239,0.464959872511079
"SETD2",6.3943687354421,0.4441624128748
"SETD3",6.91469309348551,0.320603560763879
"SETD4",5.36650594828053,0.280587647660925
"SETDB1",6.59934730729672,0.312233048684287
"SETX",7.5584394120758,0.428821678451496
"SEZ6L",3.6555176108966,0.230908195310977
"SF1",6.45866138724943,0.786093025715438
"SF3A1",7.7589600665989,0.323035053570119
"SF3A2",6.50546748192949,0.403760800778191
"SF3B1",9.15473000894723,0.60457650312626
"SF3B2",7.14712283783805,0.288310935299633
"SF3B3",5.7129293283288,0.351574812359521
"SFI1",6.39540435114147,0.298021540139178
"SFMBT1",5.46673276062598,0.329451144190583
"SFN",4.93588569363109,0.312022414414723
"SFPQ",7.18325304809162,0.46892364875265
"SFRP1",3.89981161160936,0.383178237317764
"SFRP4",3.05372615162699,0.161052516416928
"SFSWAP",6.57225555806719,0.343158233261378
"SFT2D2",6.98258079948963,0.407911010545653
"SFTPB",4.55807062363519,0.259548159022952
"SFTPC",5.69828859117619,0.298278274551225
"SFXN3",6.32017279228408,0.604199297394765
"SGCB",3.8971304942422,0.302373537787021
"SGCD",3.71653293875791,0.219890251406299
"SGPL1",5.50134978169171,0.32249785979973
"SGSH",6.8258462649132,0.335970201530446
"SGSM2",6.37748651084728,0.374953618254421
"SGSM3",6.21792686431147,0.352976281304177
"SH2B1",6.33208353696821,0.211962689006481
"SH2D1A",5.77753706113904,0.374579474321552
"SH3BGRL",9.59187006826455,0.556370334362114
"SH3BP2",7.34712956496682,0.45083452951245
"SH3BP5",8.24325320551072,0.516095350830602
"SH3GL3",3.91612242758116,0.423179121042295
"SH3GLB1",9.08683706380355,0.483841740007714
"SH3PXD2A",4.1757871352237,0.222364865771841
"SH3YL1",5.0817586986785,0.437384593611529
"SHANK2",3.00926354765535,0.171754932521987
"SHB",4.95371276231274,0.265998730248401
"SHC1",7.43110057491927,0.349705585165934
"SHC3",4.5352577854363,0.247624270383563
"SHH",4.3148958674167,0.251972470970417
"SHMT2",5.86117066515408,0.403546623959501
"SHOX2",3.32520902753627,0.22181633296349
"SIAH1",6.72053888422112,0.558918244317338
"SIGLEC6",3.92099346894583,0.206517423367952
"SIGLEC7",6.86211411827993,0.417571246926501
"SIGMAR1",6.02874488885873,0.321044947186714
"SIK1",5.44109678348545,0.671997047717563
"SIK2",5.298464322019,0.264675159326492
"SIK3",6.52419794918085,0.435190454543044
"SIKE1",4.43380433434891,0.437415529499381
"SIM1",2.925081717125,0.169145032243722
"SIM2",3.87563929818594,0.243793966034655
"SIN3B",6.03034590597606,0.329992273976235
"SIPA1L1",5.12391301711838,0.387382638728184
"SIPA1L3",4.17404484258272,0.196575016215633
"SIRPA",7.94812310206673,0.528765718304688
"SIRPB1",5.48405257742719,0.425688028136987
"SIVA1",6.74745150349474,0.392408176312459
"SIX1",3.3382370956035,0.189964209521559
"SIX3",3.19208022510597,0.160320228933924
"SKAP2",6.78911658146449,0.677161527423617
"SKI",4.6795015788917,0.552893997406565
"SKIL",6.00618300659966,0.7285036465644
"SKIV2L2",4.98976607747754,0.547730583459735
"SKP1",9.31203173715744,0.342463373099246
"SKP2",4.46436250486193,0.33814542181322
"SLA",10.0222882779894,0.52389682213133
"SLAMF1",4.93833951783861,0.565761909773928
"SLC11A1",5.58693710739093,0.779659376150578
"SLC11A2",5.37982426965161,0.33152814798923
"SLC12A1",2.92699525194197,0.205939051196198
"SLC12A2",3.84735830252789,0.281157228762383
"SLC12A3",4.05437211953291,0.241945275966992
"SLC12A4",5.30777766958242,0.312035509936849
"SLC13A2",3.53521955459889,0.210666102473936
"SLC13A3",3.67781513420218,0.225982548731195
"SLC14A1",6.16884266432045,0.9582959467204
"SLC15A1",3.63449765644827,0.354852897986953
"SLC15A2",4.66164070608245,0.709774263843975
"SLC16A1",3.93822523694148,0.275210632684768
"SLC16A5",6.1834643286028,0.381557266574367
"SLC16A6",7.04304095882971,0.658256014134239
"SLC16A7",5.17091499478073,0.526203841033511
"SLC17A1",3.59213773619311,0.244831789640774
"SLC17A4",3.26538221143509,0.178196253724017
"SLC17A7",4.7507860956567,0.227286931069976
"SLC18A2",3.87844864665764,0.323665248408109
"SLC1A1",2.81893346877487,0.228195109092914
"SLC1A2",3.2258264868215,0.16753760985684
"SLC1A3",4.04067806010365,0.260358859044743
"SLC1A4",4.7271143755371,0.306382653094828
"SLC1A6",4.82523355249801,0.25930472864969
"SLC1A7",4.81364439431134,0.384390422557196
"SLC20A1",8.43893769619465,0.683155407314535
"SLC22A3",6.0402291517489,0.386866488275803
"SLC22A5",4.50483257988592,0.289654380671725
"SLC22A6",4.25744399167691,0.242646568418502
"SLC23A2",6.50983857452831,0.387389245702473
"SLC24A1",3.98218390464219,0.246731312438612
"SLC25A11",6.97443722623964,0.509294431308793
"SLC25A12",5.57786693897425,0.403138817741163
"SLC25A13",5.31302002856588,0.495218638558915
"SLC25A14",5.8939950178128,0.250920041293573
"SLC25A16",7.99579992691661,0.357461673002978
"SLC25A17",5.79668691589414,0.330273659138336
"SLC25A24",5.46415794892148,0.580120113667267
"SLC25A3",8.15026114474243,0.424050495204775
"SLC25A36",7.70472344194456,0.699706132028211
"SLC25A4",4.92951655024894,0.241895068015588
"SLC25A40",5.46896670100404,0.300473004228804
"SLC25A42",3.49650944375963,0.218860901381619
"SLC25A44",8.14783342542331,0.331610986982228
"SLC25A46",7.11349576305661,0.794687396121008
"SLC25A6",10.7892527853874,0.452244745758845
"SLC26A2",5.83294585825733,0.64181464926419
"SLC26A3",2.90458880637565,0.149927487019745
"SLC27A2",3.78982339452434,0.355613741525554
"SLC28A1",3.47819348734868,0.218075558369532
"SLC28A2",4.09096033085674,0.20096171065228
"SLC29A1",5.68461568981889,0.28700481347216
"SLC29A2",3.83177559052171,0.231676126013883
"SLC2A1",4.21909107003624,0.413536414984994
"SLC2A3",8.73110781922397,0.672268365038105
"SLC2A5",4.39606995873169,0.208229423195458
"SLC30A1",6.43856312308683,0.500334573704786
"SLC30A4",4.08242161758441,0.269609688165913
"SLC30A9",4.07245382597876,0.458554021673135
"SLC31A1",6.04022484967766,0.41111149436305
"SLC33A1",4.98129309670916,0.452040011664824
"SLC34A1",3.5725830108166,0.210904305766495
"SLC35A2",5.38380431613316,0.285744636052309
"SLC35A3",5.95103995238289,0.789502116308156
"SLC35D1",7.38193943137717,0.523717865169946
"SLC35D2",6.43298961654764,0.352370812551694
"SLC36A1",5.0015167371615,0.42293735104976
"SLC37A4",5.4713038334555,0.237753989508419
"SLC38A10",5.45294731112554,0.293546286944323
"SLC39A14",4.29568193687855,0.419619232309559
"SLC39A6",6.15539147583857,0.490537937766859
"SLC39A8",4.0711195618189,0.413776518819473
"SLC4A1",5.99517559216175,1.05886205409966
"SLC4A4",2.94770191872848,0.192667910010406
"SLC4A7",6.29173231720607,0.489577089660652
"SLC4A8",4.45608907977685,0.334042412104508
"SLC5A1",3.88866384722553,0.213860524168695
"SLC5A12",2.6073763762459,0.202407136913278
"SLC5A3",4.98194418595185,0.421526762841187
"SLC6A11",4.24218465827091,0.234806229807335
"SLC6A13",3.33076145486495,0.193977496615774
"SLC6A15",2.99754253626172,0.149575582751337
"SLC6A2",5.12306711761689,0.272996816985519
"SLC6A4",2.90101574838447,0.146816233851163
"SLC6A5",3.79532399716301,0.188564447051316
"SLC6A6",6.277203531901,0.497501412742345
"SLC6A8",7.4594751533617,0.960212263466291
"SLC7A1",5.24188565258497,0.366752639034649
"SLC7A11",3.82142047221635,0.196178975331592
"SLC7A2",3.73039449860841,0.226566423970716
"SLC7A4",4.26467641337815,0.215568828906158
"SLC7A6",6.70837556092368,0.448345737295422
"SLC7A8",4.31218284260515,0.219654605425514
"SLC8A1",4.28292375591056,0.534601167582147
"SLC9A1",4.00971340040722,0.291228003890236
"SLC9A7",4.1345821765301,0.45425894282876
"SLCO1A2",3.16270865791512,0.197164260934273
"SLCO2B1",4.79913110623684,0.285997724954012
"SLCO3A1",7.75534603321591,0.471579185306722
"SLIT1",4.48335653587509,0.231733225765024
"SLIT2",3.06763282743476,0.17626820220381
"SLIT3",3.82680140137793,0.230393259685359
"SLITRK5",3.28755984092908,0.147565660735504
"SLK",7.2697768574484,0.621243139060716
"SMAD1",3.75112116638598,0.495694030878554
"SMAD2",7.45777721945939,0.432504678088885
"SMAD3",6.39181502567444,0.454902486724078
"SMAD4",5.75101863385716,0.561491872990316
"SMAD5",4.68206518268978,0.425557581621809
"SMAD6",4.26306021826565,0.268764732243671
"SMAD9",3.55448750395002,0.288869870284249
"SMARCA1",2.85652798253009,0.194154759288298
"SMARCA2",5.85962621076373,0.481946053406263
"SMARCA4",5.77757913574668,0.427801145497419
"SMARCA5",6.21021405476618,0.671899486323893
"SMARCB1",4.55681897124094,0.252375447264089
"SMARCC1",6.55304256763572,0.480684552111942
"SMARCC2",6.66085651674088,0.343998174864546
"SMARCD1",5.62737017301807,0.263931911457645
"SMARCD3",5.92862439575408,0.495745085354009
"SMARCE1",7.82107832232956,0.474930967580604
"SMC1A",5.85141868579246,0.438580230680563
"SMC2",4.18712431443462,0.38221572305812
"SMC3",5.34151894455446,0.507459810365906
"SMC4",4.29965795653089,0.506482208600725
"SMC5",3.93951546169541,0.344144238862429
"SMCHD1",7.8814342575264,0.682136198369858
"SMG5",6.70866636618305,0.28037925542887
"SMG6",5.4355986077842,0.27967074440996
"SMG7",4.95696727363323,0.405777726450799
"SMIM8",3.92932247443123,0.282048784093344
"SMOX",5.7214050811323,0.467868919415864
"SMPD1",5.76326829734411,0.330861785295482
"SMPDL3A",5.83684298844124,0.691956195309875
"SMPDL3B",4.30485638392326,0.256570283214204
"SMR3A",3.27253566228583,0.167545295103097
"SMTN",4.42006466388865,0.235631009019347
"SMURF1",4.58398619674535,0.296610081699293
"SMURF2",6.52237382778199,0.565454724472434
"SMYD2",6.05161361337023,0.579651832243222
"SNAP23",6.60985660858531,0.812283605037909
"SNAP25",3.71343931539045,0.185543011879413
"SNAPC3",5.22505330829828,0.501724622092857
"SNAPC4",5.66943499704217,0.216067246460805
"SNAPC5",6.78637585973452,0.393441352155127
"SNCA",9.15123848195497,1.16436773212841
"SNCG",5.14497349041854,0.337186035859393
"SNED1",3.88729073270253,0.268254047158297
"SNN",8.22175502023637,0.372866604704192
"SNORA29",7.05389214316723,0.3852932226465
"SNRK",7.63014375881625,0.808239998133504
"SNRNP27",7.31843787688326,0.488339785230859
"SNRNP70",7.71043875859919,0.37836751439428
"SNRPA1",7.51670347383542,0.621184554055356
"SNRPB",9.21570366353378,0.433619146205396
"SNRPB2",6.22820692668728,0.461642381539013
"SNRPD1",5.72489811450241,0.294975049822663
"SNRPE",5.86102270401628,0.74750282260865
"SNRPN",5.06410034579662,0.574939506709182
"SNTB1",4.50257093361149,0.36287865538842
"SNTB2",5.84526419468141,0.461216514072143
"SNW1",8.12531030037257,0.408001462962818
"SNX1",5.90965681812093,0.355544633169527
"SNX13",5.49436223502705,0.525896874758437
"SNX19",5.74627002742324,0.298712919726645
"SNX2",7.63556335673187,0.544609711303716
"SNX27",7.36174290498552,0.598095675325663
"SNX29P2",5.27850290160091,0.525167597566289
"SNX3",9.7276932408826,0.607582982344747
"SNX4",5.57112045690614,0.65610760858386
"SOCS1",5.04286498441504,0.294837857734871
"SOCS2",4.38765192816174,0.466404982778157
"SOCS3",4.82565663739128,0.373818871122371
"SOCS5",4.44913504177287,0.360555201857675
"SOCS6",3.32091606300098,0.295908230037871
"SOCS7",5.51145091255711,0.395515366237899
"SOGA1",4.48625332867102,0.372375384929517
"SON",9.04739791003472,0.441365344623132
"SORBS1",4.12563287288042,0.28010771390477
"SORBS2",3.69429170881114,0.218908299416217
"SORBS3",5.93754926919124,0.319970067831916
"SORD",5.05056560756252,0.494635802861326
"SORL1",9.86282388091145,0.690869688525353
"SORT1",6.66375084492668,0.508856659706142
"SOS1",6.02987434210424,0.572389133939104
"SOS2",4.6680926665026,0.323979532968009
"SOX1",4.16968090197607,0.303382224803872
"SOX10",5.27782939798203,0.282143509720663
"SOX11",2.93321249112832,0.189902389730688
"SOX12",4.68775834763876,0.293119709453474
"SOX13",4.61266934706049,0.314924099447018
"SOX15",5.92027348248226,0.406972177581732
"SOX2",4.32770138387114,0.199779649981857
"SOX3",4.43219108810516,0.273416595981491
"SOX4",5.38663721824206,0.676961487067341
"SOX5",3.64048389373471,0.178038925980101
"SOX9",2.9641662289691,0.191726787185395
"SP1",6.19575219434739,0.619318695832236
"SP100",7.08806533593591,0.686918848566884
"SP110",9.47729592812545,0.450115293007923
"SP2",3.53037776534748,0.183188766570575
"SP3",6.1247521663866,0.598774131459035
"SP4",5.61697963318909,0.484946395808035
"SPAG11A",2.93388557137209,0.154132928098347
"SPAG6",3.48080681440528,0.176967289895182
"SPAG8",3.87349975455179,0.344159478614222
"SPAG9",6.09247095689246,0.795930329379819
"SPAM1",3.1221144355247,0.181485485706995
"SPARC",7.69118617536926,0.876938366579169
"SPAST",5.58169647987663,0.562508619734546
"SPATA2",5.57297578271296,0.340453118660286
"SPCS2",7.2935645140388,0.61262839503731
"SPDEF",6.23799617143135,0.256604804604355
"SPEN",6.24666661061251,0.547628316802086
"SPG11",6.03667014192541,0.51385312507668
"SPG20",4.62898548986961,0.444283836284952
"SPHK2",5.41792409772521,0.241799140514081
"SPIB",5.89636411949656,0.667932710991396
"SPICE1",3.03868793915681,0.213934731028667
"SPIDR",6.13249639934955,0.464121568738883
"SPIN2A",3.57150168968555,0.214206534805735
"SPINT1",5.69617155539641,0.266682590381118
"SPOCK2",6.42201441514808,0.516741435034556
"SPOCK3",3.08810727317697,0.163635731763228
"SPON1",3.72408901151864,0.311869015237778
"SPOP",7.98627442284146,0.476719314602543
"SPP1",3.01318806115824,0.467778571954341
"SPPL2B",5.35709955728749,0.280657025113236
"SPRED2",3.55468001126634,0.299768303313068
"SPRR1A",4.94891133904416,0.242044085167295
"SPRY1",5.01613305926135,0.307968080260427
"SPRYD7",3.27190521708589,0.235206902789191
"SPTAN1",5.57339518262981,0.364344731142419
"SPTB",5.67557101494294,0.466126787055992
"SPTBN1",4.03885034096836,0.32448260748741
"SPTLC1",6.72251054716445,0.503655001555057
"SPTLC2",6.98820010603377,0.714098314312442
"SPTSSA",6.19909394676294,0.634892715986725
"SQLE",5.12263631950291,0.313828163412566
"SQSTM1",7.06195879204167,0.5252481868671
"SRC",4.34322968817301,0.294361618595154
"SRD5A1",5.73395050181058,0.613747775424796
"SRD5A2",3.5103521781747,0.189287106592534
"SREBF1",5.05529824021925,0.285653952302879
"SREBF2",6.56655587816764,0.249199369604484
"SREK1",5.36431406781274,0.839873724744245
"SREK1IP1",5.81559922135355,0.548902329444094
"SRF",6.19180580844656,0.235471045145793
"SRGAP2",6.05858336583231,0.71440256354203
"SRGAP3",4.25763460518434,0.203585727151412
"SRGN",11.4076638140918,0.793019638783875
"SRI",4.64801962850403,0.48395494822467
"SRP19",5.10321361641091,0.399772110835308
"SRP72",6.79308668045126,0.557182220068031
"SRPK1",7.75098105057001,0.438665625422265
"SRPK2",6.34888910077905,0.592340656199977
"SRPR",8.00049286951922,0.496564070282916
"SRPX2",3.0875473163191,0.194270169539039
"SRR",4.31111214883504,0.279547665990709
"SRRD",7.30185252760116,0.677230032759137
"SRRM1",8.24646541120854,0.415247274853551
"SRRM2",8.31423324951013,0.567222618991142
"SRRT",4.47220762906793,0.280326995295634
"SRSF1",6.83644228381625,0.657651204112572
"SRSF10",7.11604519820388,0.729193706941972
"SRSF11",5.83138207582676,0.781048926928983
"SRSF3",7.07686478069245,0.561948869109614
"SRSF4",7.19376668952232,0.438307774079367
"SRSF5",4.65185603348895,0.435602554542857
"SRSF6",7.39241274552248,0.59326346865733
"SRSF7",8.73261192767145,0.682978697087342
"SRSF8",7.51617096605557,0.520288673011109
"SS18",5.02484293124481,0.450290236137097
"SSB",6.99621631051254,0.605360280213523
"SSBP1",6.34768765449914,0.572487220498787
"SSBP2",5.71742429658438,0.53178998552537
"SSFA2",6.79824629574295,0.544402220577767
"SSH1",5.94869583069851,0.469502494634121
"SSPN",3.53742770086108,0.282342609870852
"SSR1",7.00650460030545,0.605472093008963
"SSRP1",6.98632239966592,0.426236782812593
"SSTR2",3.42294067676524,0.202533553716267
"SSTR3",5.22037273727581,0.190197063897817
"SSX1",2.99652015227729,0.184103272702536
"SSX2IP",4.88015923727591,0.318249093658581
"ST13",8.55427111819554,0.539069841872287
"ST14",5.64653658349447,0.327973299930365
"ST18",2.84751187300577,0.192903021782116
"ST20",6.88118876359476,0.443636608726444
"ST3GAL1",7.14042813748028,0.458373900612052
"ST3GAL2",6.18300552049687,0.336019968874056
"ST3GAL4",5.77083792749966,0.357840938699274
"ST3GAL6",4.30379622632052,0.437229481530749
"ST6GAL1",4.30174251215139,0.520055906015633
"ST6GALNAC4",5.22018545811449,0.534758724008544
"ST8SIA1",3.22794749516478,0.268395880350165
"ST8SIA3",3.03730058232814,0.138087630746604
"ST8SIA4",5.34280254710385,0.533961319621216
"ST8SIA5",4.39652349525174,0.233233398167276
"STAB1",4.7334347547637,0.376579212699691
"STAG1",5.55427947704411,0.467204540706329
"STAG2",9.14834987960054,0.529247944601669
"STAM2",5.12666722457538,0.390727272981861
"STAMBP",5.88866565898745,0.31327084827974
"STARD13",3.05397438419975,0.153864129505942
"STAT1",7.83926035917177,0.744615395358177
"STAT2",8.32314025453772,0.551547384233418
"STAT3",5.37259457599972,0.55140016833145
"STAT5B",7.99128814893821,0.531924609054089
"STAT6",8.08665648863641,0.49358263230189
"STAU1",7.56918415647623,0.462661716048806
"STAU2",5.28594128833373,0.498540783953534
"STC1",3.25985984461944,0.271995691913768
"STC2",4.31257400492431,0.244536625325027
"STIM1",6.77653118854604,0.434695179452671
"STIP1",6.38369640147415,0.518184704202253
"STK10",9.26662785076446,0.37272441989839
"STK11",7.08963510729431,0.403716491794803
"STK16",5.25933072818199,0.287992230794789
"STK17A",5.75545034872528,0.536952029188721
"STK17B",5.32690563241103,0.720168227542564
"STK19",6.6840989616017,0.196279593359995
"STK24",7.01236640534476,0.448966795478784
"STK3",4.55423077121583,0.48446968260552
"STK35",3.77672148576038,0.233532831166153
"STK38",7.70880615708598,0.662548492293144
"STK38L",7.04820207093365,0.582161662204031
"STK4",8.65417385932287,0.432642832833323
"STMN1",3.51670722780122,0.247177884303254
"STMN2",3.45025873825864,0.234061394954884
"STOM",3.84206007719673,0.269055832775529
"STOML1",5.49603457682313,0.257771529573314
"STON1",3.43904856359464,0.177422745838297
"STRAP",6.01185627124519,0.721003167864893
"STRN",6.43295342767814,0.437124810386176
"STRN3",4.94343195180288,0.576382826879628
"STS",4.34035789321916,0.30444745393887
"STX11",7.4232177045441,0.708616103529095
"STX12",7.52032697880072,0.437807729970189
"STX16",8.30224244054765,0.489219574587925
"STX2",6.16848926794388,0.439769674282517
"STX3",6.4149317902863,0.634695315052495
"STX4",7.29217024639875,0.299894363549277
"STX6",4.81305485517919,0.282728905580702
"STX7",5.56886133680725,0.49860815230902
"STX8",5.43862969905012,0.375702959651597
"STXBP2",7.48047812353209,0.391045848412489
"STXBP3",6.38684252874896,0.59204461174883
"STXBP5L",2.89835613165544,0.170073288945524
"SUB1",4.90633044799967,0.915412250230334
"SUCLG2",6.53302029426344,0.667922054070668
"SUGP1",6.41486419510042,0.278804237841982
"SUGP2",6.42814350203292,0.458776989062228
"SULF1",3.49631036741741,0.217987440988759
"SULT1A1",7.29422680859024,0.406615609807401
"SULT1C2",2.95148417728176,0.231482580228087
"SULT2A1",3.39427199219343,0.226849625642051
"SUMO1",8.54413569915788,0.398810855789602
"SUMO3",8.67288630109662,0.441549041158501
"SUN1",4.99575666908254,0.56477660895854
"SUOX",5.59744947179962,0.393076977938599
"SUPT20H",6.4038231688556,0.488602645191866
"SUPT3H",5.2105992622921,0.326678310412352
"SUPT4H1",8.41454685539512,0.369804893790053
"SUPT6H",5.32565405344422,0.332658089003869
"SUPT7L",6.12100283882921,0.376453503100687
"SURF1",8.50177579420767,0.331496626569434
"SUZ12",5.99407703832122,0.500998587758003
"SV2B",4.45100706187472,0.23613963499134
"SV2C",2.90843388565166,0.176053083627058
"SVEP1",3.83513346903506,0.246847694882118
"SVIL",6.81266440281211,0.571375072523204
"SWAP70",6.17111890341496,0.630279374476495
"SYCP1",2.79316376653404,0.156822080336628
"SYCP2",3.04577489087922,0.213624326143752
"SYDE1",5.09364073331337,0.228607750333477
"SYF2",7.51533790054673,0.405927741054894
"SYK",7.98468567732692,0.560212081266194
"SYMPK",5.42568753665929,0.308618765109222
"SYN1",4.20968530993532,0.310673550436449
"SYN2",3.95563024269525,0.17743097016443
"SYNCRIP",7.20046464377304,0.62702515224862
"SYNE1",3.99484473928608,0.453560582336173
"SYNE2",5.00619675178401,0.391240034058649
"SYNGR1",5.8530478953713,0.308337268561313
"SYNGR2",6.90447035791403,0.351588479529188
"SYNJ1",5.9045940633473,0.445952272975064
"SYNJ2",4.84042764486898,0.478535711922453
"SYNPO",4.91615891024838,0.292286488321161
"SYPL1",7.41207310947517,0.636466010204117
"SYT1",3.4153323268268,0.177804931211329
"SYT11",5.32309944727936,0.453513629736575
"SYT17",4.39090576674262,0.32550936000377
"SYT5",4.33616860937626,0.26844127848096
"SZRD1",6.72156862328067,0.287475909281705
"SZT2",4.95468691868636,0.357493140087754
"TAB2",7.29477758324762,0.636935372354295
"TACC1",6.76893473303694,0.548942608492376
"TACC2",3.36935460800641,0.218087839085711
"TACR1",3.80407507255708,0.249858160948301
"TACSTD2",4.20865640124534,0.45171079952143
"TADA2A",4.35842693782443,0.253307007875662
"TADA3",4.32255249092157,0.359627940717871
"TAF1",5.78583641123596,0.396140947338151
"TAF10",5.08584769719633,0.246469834565069
"TAF11",6.06923976653049,0.376537681704543
"TAF13",4.39497388063349,0.51585487568657
"TAF15",7.54003254820252,0.757673265630976
"TAF1B",4.99821880960253,0.371407559289231
"TAF1C",6.11513482055614,0.294621735250686
"TAF2",6.43866485584498,0.46658263254672
"TAF4",5.14270953224558,0.365322941954269
"TAF4B",4.18708641840116,0.281363439564499
"TAF5",5.58699076085674,0.451808333290717
"TAF5L",5.44378210531078,0.230654273540025
"TAF6L",4.03166001035079,0.235299327477617
"TAGLN",6.01179862914125,0.352103674793378
"TAGLN2",10.8882774702776,0.455941968993612
"TAL1",5.7322930162362,0.509202075433179
"TANC2",4.16911391847536,0.254020533386875
"TANK",8.45682066705967,0.525772459932342
"TAOK2",5.14978669180312,0.23108383695623
"TAOK3",7.87977539337273,0.314199702040838
"TAP2",4.72435331778436,0.302577747922077
"TAPBP",7.89814739550308,0.566158582442968
"TARDBP",7.96288242986531,0.507235600183365
"TARP",6.00124035528544,0.709389633852329
"TARS",6.52879482506843,0.4111950891251
"TAT",3.666572710251,0.20098783744712
"TATDN2",5.77564620685944,0.22720416536575
"TAX1BP1",7.81297968646052,0.538582987485788
"TAZ",6.8151213514658,0.218231558702079
"TBC1D1",5.90465170473433,0.369510384265664
"TBC1D12",4.40996751272602,0.433882622391545
"TBC1D22A",7.2322081251077,0.268968572721207
"TBC1D2B",6.23152674671705,0.337275812504556
"TBC1D30",3.96342325750936,0.220070541604564
"TBC1D31",5.14631223518666,0.470130974688529
"TBC1D4",6.51124071742577,0.925581149400885
"TBC1D5",6.68163725918416,0.274173672778327
"TBC1D8",6.41714676391437,0.493636459959595
"TBC1D9",6.00572780510594,0.61646576943327
"TBC1D9B",7.23485721973375,0.211454538253858
"TBCB",8.7248817211653,0.455259730573594
"TBCD",5.64870759316035,0.298968178215637
"TBCE",4.4596433263457,0.296915273542729
"TBL1X",5.92899928970196,0.494936284741215
"TBL2",5.80175265595006,0.38397515593793
"TBL3",4.77658822009337,0.23126188718893
"TBX1",4.03766356558485,0.250345616832628
"TBX10",4.62134219453443,0.249636832149258
"TBX2",4.92527103159089,0.247709050609772
"TBX5",3.45734407514294,0.203000176564601
"TBX6",4.30654628570308,0.20339866820527
"TBXA2R",5.8355815211033,0.315046304298875
"TBXAS1",8.34568141677136,0.521372791197252
"TCEA1",6.14054265925806,0.375617116485635
"TCEA2",4.84417185722596,0.235141459468369
"TCEB1",5.8000924670946,0.358610171842023
"TCEB2",9.11599719294042,0.386374801944412
"TCEB3",6.37333781607726,0.274394238639195
"TCERG1",4.89470192209382,0.329118146403531
"TCF12",5.18126302906687,0.580781802391577
"TCF20",5.96072766396784,0.280915543797493
"TCF21",3.80636086816162,0.222339743620275
"TCF25",8.01283026837597,0.417555576886161
"TCF3",4.90169970992617,0.312379800818772
"TCF4",5.01667051990465,0.451372210238952
"TCF7",10.3853647386231,0.588437158837792
"TCF7L2",6.98771765336587,0.659415006779778
"TCFL5",5.43390403955587,0.565866211024883
"TCL1A",6.91064180826901,1.17822958191363
"TCOF1",6.09145578363291,0.365954004370771
"TCP11L1",3.70239993443095,0.312749428997462
"TCTN3",5.84478143909285,0.393255262442132
"TDO2",3.05581072120152,0.157173451781048
"TDRD3",4.87642739001164,0.271521816374298
"TEAD1",3.02104974013346,0.150462545976475
"TEAD4",4.58025273468092,0.223190132378332
"TECPR2",6.88754363713866,0.512197687538296
"TECR",5.39059860519825,0.551265122698111
"TEF",2.85589685516866,0.184935341876131
"TEK",4.33300372888611,0.239895774553421
"TELO2",5.6445996224521,0.299837913782662
"TENM1",3.41197786590585,0.270430378421383
"TEP1",6.64593602777515,0.724810640259411
"TERF1",6.46200036567885,0.450419145504288
"TERF2",5.19192412250614,0.283273734487169
"TERT",4.51103215315475,0.284668220140024
"TES",7.38401698574526,0.352939067031437
"TET3",6.61118983182986,0.393681504850343
"TEX261",7.23976482941075,0.299564992358378
"TF",4.12710178398291,0.200863828809775
"TFAM",5.26463943453824,0.450981148344262
"TFAP2A",4.02287896339164,0.266773415124272
"TFAP2B",3.19488225860966,0.226392014645855
"TFAP2C",3.25941566141008,0.181757797433076
"TFCP2",6.20956620699316,0.473506461737539
"TFDP1",5.67025689065291,0.5965008124851
"TFDP2",5.34990748127724,0.567278581027406
"TFE3",7.84784683092911,0.35392156394861
"TFEB",6.90366712489642,0.373694107137051
"TFEC",5.53550751539401,0.849286241620782
"TFIP11",5.78607805193363,0.371342718624861
"TFPI",3.38126085764561,0.349266664021798
"TFR2",5.14992885225313,0.405622600300703
"TFRC",6.13911764223829,0.504334596357443
"TGDS",4.6443103611398,0.564901025322067
"TGFA",4.52719975582343,0.400156971247721
"TGFB1",5.87977602227531,0.419560347267849
"TGFB2",2.8285122432724,0.151323799914969
"TGFB3",4.70374539276029,0.273920531488775
"TGFBR1",7.36430486166993,0.57765420615313
"TGFBR2",8.62657015432235,0.548821036085407
"TGFBR3",6.99705757652437,1.0362009415377
"TGFBRAP1",6.07689057662905,0.327583365350807
"TGIF1",5.57721292787886,0.688058975066355
"TGIF2",5.98588251569651,0.414197096401276
"TGM2",4.70639224797984,0.345064653656626
"TGM4",3.62552354540029,0.215022799284822
"TGOLN2",7.97674289882168,0.462746230254379
"THAP3",5.20401676610257,0.289448559149511
"THBD",5.85904579110902,0.757746970957022
"THBS1",4.14911588273376,0.372359073598949
"THEMIS2",9.76505760394877,0.455223160645692
"THOC2",6.25114750868383,0.47155172790155
"THOC5",3.99272041613596,0.400772466418742
"THPO",3.52517308593579,0.171164224395648
"THRA",5.04047313432626,0.257258399267142
"THRB",3.374873887684,0.169511796278168
"THSD7A",3.29599555817973,0.220722940447615
"THUMPD1",6.66770662339495,0.67774856360092
"THY1",4.80322928017356,0.293810572757067
"TIA1",6.41488071757634,0.507238011472234
"TIAL1",6.24585884533562,0.476043317881748
"TIAM1",6.31475783695715,0.551897829263486
"TIE1",3.29189492573198,0.236647027681079
"TIMELESS",4.64202612351566,0.216231091543777
"TIMM17A",6.13252409464528,0.432970817266616
"TIMM17B",6.35562781599942,0.268046587787203
"TIMM44",5.98947115528673,0.282903802128278
"TIMM8A",3.17855017714073,0.432642396505021
"TIMP2",8.85686890237192,0.51701528596643
"TIMP3",4.1638882528479,0.201797347034805
"TIPRL",6.30686875834899,0.429388160690299
"TJP1",3.26770428084911,0.200597021585114
"TJP2",3.98778496411111,0.277605385146286
"TJP3",4.72253664215424,0.318978458716336
"TK1",4.92565577500526,0.34016903370114
"TK2",5.27251898723232,0.281394282002947
"TKT",7.64241834712343,0.48277313350232
"TKTL1",4.96219062305245,0.625650100714465
"TLE1",4.00706523148982,0.406900140834704
"TLE2",4.74543444118291,0.280367512821983
"TLE3",7.30076030738086,0.52194313832179
"TLE4",5.14355720434027,0.282779846070964
"TLK1",3.8417775232861,0.359583571919849
"TLK2",4.50474468333017,0.246047807958782
"TLL1",2.78959625618171,0.140132763377206
"TLL2",3.14576430821102,0.178097237197055
"TLN1",6.49770425794679,0.546157960682294
"TLN2",4.402612516587,0.273198225168759
"TLR3",3.15932532484682,0.284757689638096
"TLR6",6.92107698787034,0.596220165619717
"TLX2",4.80331240551602,0.269148009577258
"TM2D1",6.02767119171447,0.527362212278729
"TM4SF1",3.67206724633413,0.265796952243957
"TM9SF4",6.47733181032716,0.429637374082423
"TMBIM6",10.3751938738284,0.390904612557834
"TMC6",8.13416277200857,0.439147149675206
"TMCC1",6.28333423389992,0.69652177110751
"TMCC2",6.03305508448031,0.63315806280051
"TMCO1",6.62611104391769,0.450153945938635
"TMED10",7.89334340694197,0.597868961889248
"TMED2",6.69239246509466,0.599018565500433
"TMED3",4.79416432265535,0.333156963913355
"TMED5",6.91250905514933,0.784256853800031
"TMED9",8.26837214371841,0.323259711182014
"TMEM106C",4.41157621493563,0.25539242812879
"TMEM131",5.97040540598085,0.403661382132333
"TMEM151B",4.64618543676631,0.335980681245942
"TMEM194A",4.68427216377457,0.355472094751082
"TMEM246",3.73897552227706,0.230369523271339
"TMEM259",5.19080636784307,0.367791423052987
"TMEM30B",3.73898545971434,0.277752850142235
"TMEM41B",6.64944124999305,0.656783270686508
"TMEM47",3.01982916755591,0.212835414801294
"TMEM5",4.32648293142524,0.314860873661057
"TMEM59",8.23013331488795,0.462665664601991
"TMEM63A",6.66078835330012,0.492985785606523
"TMEM87A",4.41115525558498,0.339320917199774
"TMEM8B",5.22500737316164,0.189602531914485
"TMEM97",4.54755640920009,0.387646024350894
"TMF1",5.50086499311529,0.663916987014194
"TMOD1",6.78789040519231,0.936727037350549
"TMPO",5.15797348275056,0.498913145635789
"TMPRSS15",2.93583868085847,0.194045405105143
"TMPRSS2",4.81426110048527,0.208843580150567
"TMPRSS6",5.054060954992,0.261511550326068
"TMSB15A",3.73693124314485,0.316022779746604
"TMX1",6.76242189718045,0.881679625643586
"TMX4",8.30973499437829,0.608284683659524
"TNC",2.97095866117874,0.136076485023436
"TNFAIP1",6.02530263680496,0.212453764690473
"TNFAIP2",8.83120019526088,0.517249815215681
"TNFAIP3",8.78279514068809,0.752423758100035
"TNFAIP6",6.97729864779146,0.980380588690231
"TNFAIP8",8.84898317989079,0.785137288270153
"TNFRSF10B",7.3855207127567,0.40412840773753
"TNFRSF10D",4.29307099700498,0.271674229150218
"TNFRSF11A",3.17173243966594,0.24171141605746
"TNFRSF11B",2.86999225662724,0.200059007598992
"TNFRSF21",4.67905725722596,0.373458479502475
"TNFRSF25",6.07122995722627,0.47062603615166
"TNFRSF4",4.54560005064348,0.248095323059871
"TNFRSF9",4.48835624755021,0.464741058984542
"TNFSF10",9.04201505231294,0.700555333870958
"TNFSF11",3.11449072388687,0.158613673991567
"TNFSF14",6.93119826483872,0.442545138650655
"TNFSF8",6.23743203605856,0.488418036535279
"TNIK",6.40098571383796,0.532042948867063
"TNIP1",7.79203176197627,0.641533268696221
"TNK1",4.80536691851565,0.259706931695175
"TNK2",7.21543631894526,0.334866267550353
"TNKS",4.17745580583553,0.234011723004166
"TNNT2",4.32066703459806,0.224163283753423
"TNNT3",5.03903620601485,0.241857899807024
"TNP2",2.90434224900074,0.18096644548272
"TNPO1",8.42535518709645,0.436730536099235
"TNPO2",7.08273918825947,0.34652292627962
"TNPO3",6.82046394675036,0.323167355824773
"TNR",4.24288475966449,0.268543781047957
"TNRC6B",7.67524286857309,0.584790664084636
"TOB2",5.99212583808181,0.444284018924919
"TOM1L1",3.22751749484061,0.157703460610851
"TOM1L2",6.04943826603409,0.275235948186889
"TOMM20",8.50186864707149,0.554206499501614
"TOMM70A",6.62066676152154,0.598126014355244
"TONSL",4.67760920080954,0.306448679934459
"TOP1",7.93140042142245,0.438983943287653
"TOP2A",3.53937230978561,0.570766349319969
"TOP3A",5.36128051753672,0.285067681789109
"TOP3B",5.16974092169844,0.260053910812257
"TOR1A",7.70496549213204,0.31546398566192
"TOR1AIP1",5.28066270662498,0.527916378190286
"TOX",4.88471816009659,0.585763123221501
"TOX3",2.47461379702931,0.181064548395639
"TOX4",7.00045979444968,0.442497536797119
"TP53",5.09641461281609,0.435763029753809
"TP53BP1",4.3865547548729,0.253852564782088
"TP53I11",5.67289239656707,0.356290789523831
"TP53TG1",5.43869423853529,0.282221388039986
"TP53TG5",3.56649967802301,0.233239262234273
"TP63",3.34501257602281,0.172719872436889
"TP73-AS1",5.25961899542474,0.30419427403904
"TPBG",3.60860609375134,0.308783911347642
"TPD52",5.63841263014201,0.800404509419997
"TPD52L1",3.3646848811496,0.240418802491911
"TPGS2",6.39188106195638,0.472205106456462
"TPH1",3.08235075160115,0.181377330118032
"TPI1",8.71933131579017,0.339956920472971
"TPM1",5.75985827341296,0.536368078946449
"TPM2",4.40914618378192,0.291054511797187
"TPM3",7.90022167447476,0.550139063078076
"TPM4",5.9341251155429,0.484680807573915
"TPMT",3.97165174410728,0.247634083310086
"TPP1",7.9319177746767,0.474740327626541
"TPP2",6.59056810460163,0.494043733499832
"TPPP",4.68200840981073,0.208213445753121
"TPR",7.7161526068339,0.610160328099505
"TPSAB1",4.65290055296106,0.317643729992311
"TPTEP1",4.1639657505626,0.38369037704017
"TRA2A",8.5474106496258,0.655482904920649
"TRA2B",7.11972341557554,0.541340563688896
"TRADD",7.15995554596978,0.230141171476392
"TRAF1",4.75898571716129,0.362460438749172
"TRAF3",6.63530041681136,0.429514698383958
"TRAF3IP1",4.8592305348385,0.364190117966068
"TRAF3IP2",3.90086814519649,0.22480892177604
"TRAF3IP3",6.52709432653647,0.890743061065683
"TRAF4",4.89097651032781,0.285113514474965
"TRAF5",6.65502010304058,0.64734814824029
"TRAF6",6.32206638606703,0.358437103279293
"TRAFD1",6.22982516346205,0.399777170777221
"TRAK1",5.92040029809833,0.278895985263377
"TRAK2",8.06984830510412,0.791061753459925
"TRAM1",8.7183783082847,0.585998579490139
"TRAM2",6.34856828276583,0.501451852267396
"TRAP1",3.25009675850737,0.186295480538265
"TRAPPC10",6.91691152312519,0.566181528536379
"TRAPPC2",6.412603372644,0.374593341299461
"TRAPPC3",7.37948129475007,0.317154555094469
"TRDMT1",4.8391592607124,0.317493186993213
"TRIB1",4.72686841432914,0.342610993409111
"TRIB2",6.16826505971059,0.692885320196211
"TRIL",3.56682828883156,0.198364229275678
"TRIM10",3.53990616202141,0.212375714540683
"TRIM13",6.5471170525678,0.67691617368338
"TRIM14",5.08148461341155,0.381357298230282
"TRIM15",4.66467517418984,0.278593582855647
"TRIM2",3.04126922733578,0.252956680238224
"TRIM23",5.15538661802904,0.537171118539567
"TRIM24",5.1360779334101,0.364643648002404
"TRIM25",9.1437288725839,0.465835608558506
"TRIM27",7.64293038580021,0.472587645060223
"TRIM29",4.11105184060385,0.229408693068645
"TRIM3",4.53731815126041,0.24785438373644
"TRIM31",3.34599722394896,0.19135495596071
"TRIM32",4.10318173067835,0.296685617123805
"TRIM33",6.83915680454699,0.56912955442857
"TRIM37",6.17065252654919,0.496932160042944
"TRIM38",8.82239654473368,0.439894405560657
"TRIM44",6.18339759610377,0.49312645397175
"TRIM52",6.35672033031017,0.570843590571263
"TRIM66",5.06966470372292,0.275362143711152
"TRIM9",3.23478338448989,0.176961303629341
"TRIO",5.14213698591159,0.38179575060534
"TRIOBP",6.19845150268127,0.258257878554053
"TRIP11",3.49664662250104,0.239489558365582
"TRIP12",7.60500691994412,0.454720014626499
"TRMT1",6.40372765309516,0.354633836019954
"TRO",4.06918506116027,0.286652593411229
"TROAP",4.92588316726893,0.272550582155657
"TROVE2",7.07843388238296,0.260209536309437
"TRPA1",3.31290951047868,0.184124815409526
"TRPC1",3.1364493530273,0.251846082303448
"TRPC3",3.03086151483536,0.158638661219009
"TRPC6",3.05536715429392,0.142742784695791
"TRPM1",2.84078656984847,0.162828093659469
"TRPV6",5.24768088590025,0.293103740752713
"TRRAP",4.96449867578973,0.419474879147369
"TSC2",5.85306215968444,0.37471534518438
"TSC22D1",4.37704382263523,0.418544048566846
"TSC22D2",3.23078473222305,0.25215079283252
"TSC22D3",8.51290428109908,0.421102055971593
"TSC22D4",7.2656315257264,0.52169609017083
"TSFM",6.63844586858095,0.254826322716839
"TSHR",3.14797658305177,0.189823723958505
"TSN",6.53346727151847,0.387364715707543
"TSPAN2",5.03982884104322,0.576159976568784
"TSPAN3",5.20014883091933,0.507088857600486
"TSPAN31",7.02086728806154,0.422745377132838
"TSPAN4",5.42656350650932,0.506578928490241
"TSPAN5",7.28815767202692,0.941285423260092
"TSPAN6",3.34589729600535,0.212773143672374
"TSPAN9",5.68461622984524,0.291283189544274
"TSPYL1",5.84875078141317,0.44095790229143
"TSR1",7.06996592163618,0.446839153947562
"TSR3",4.04210535079344,0.277430181733942
"TSSK2",4.57294499153175,0.27765433250321
"TSTA3",7.90479332308403,0.759795880683616
"TTBK2",4.24773907300202,0.364710900256974
"TTC22",4.49596962475698,0.359500603685405
"TTC28",3.56530319615287,0.260180766571857
"TTC3",7.13322972227375,0.712009765863331
"TTC37",5.76731691712778,0.839186792557079
"TTC39A",3.96217351340868,0.258942970234579
"TTC9",4.59753562019525,0.40204756926342
"TTF1",7.34508907120392,0.427748376181147
"TTF2",3.70077055199111,0.298412181789621
"TTLL12",6.09531643656725,0.315234772326239
"TTLL4",4.88697935006296,0.30289861994911
"TTLL5",4.47257852783158,0.27188504797188
"TTN",3.30871136538956,0.231001535190354
"TUB",4.23529126507982,0.204541927437061
"TUBA1B",11.4807665754934,0.361629344969145
"TUBA3C",6.44838805767852,0.285246501580759
"TUBB",9.20535176599691,0.425007829293094
"TUBB2A",6.37809952722545,1.06097863624694
"TUBB3",7.24890008757819,0.526727799937949
"TUBB4B",8.1224877220603,0.422649995759019
"TUBGCP2",5.73932996048815,0.300882915584908
"TUBGCP3",5.74430233134836,0.606047888942763
"TUBGCP4",5.87885021389778,0.347246162089785
"TUFM",6.62265719510417,0.406555813693443
"TUG1",7.89937429935787,0.480159994264339
"TULP3",5.66366994973301,0.378201223141069
"TUSC2",6.90865199527158,0.247209974938948
"TUSC3",3.09509612323448,0.158156726047953
"TWF1",4.58050292968288,0.497357867061544
"TWISTNB",4.1423814693359,0.412659362113775
"TXLNA",4.63062724397462,0.20058111360018
"TXLNGY",4.91373345119711,1.20998006947774
"TXN",6.45250670742512,0.662374998401428
"TXN2",7.56359112842062,0.27744568414505
"TXNDC9",5.17186348891863,0.612591109186105
"TXNIP",12.7375587112915,0.484807383249642
"TXNL1",6.78552332951996,0.444664237325466
"TXNL4A",6.0629797531934,0.348210950980642
"TXNRD1",4.8310783454309,0.281661664231868
"TXNRD2",6.28465343253794,0.337017272278904
"TYMP",8.77665423431352,0.633867251424587
"TYMS",3.58310238409617,0.291643293215961
"TYR",2.916848410831,0.153209709045817
"TYRO3",3.90457221565767,0.212286096263813
"U2AF1",6.54618523359079,0.449404076645649
"U2AF2",4.91854922232006,0.28284165241418
"U2SURP",7.14500219155428,0.553110034488953
"UBA1",4.71113160210639,0.323920996737176
"UBA2",5.92043654902195,0.67613875389421
"UBAP2L",6.29633534677348,0.346614044828621
"UBC",13.2329939384241,0.197126159936256
"UBE2A",8.30351870031867,0.407250412875736
"UBE2B",5.46939893023266,0.613256974376514
"UBE2D1",7.71942790680651,0.77746727722108
"UBE2D2",7.48169277657847,0.443189623964173
"UBE2D3",8.37390423176825,0.691633318304569
"UBE2G1",7.56388800459811,0.498067409514752
"UBE2G2",8.01757637064888,0.442345797097433
"UBE2H",5.85544580097917,0.323609666041647
"UBE2I",5.77467143981592,0.443968825573049
"UBE2J1",7.78447180457363,0.682958444969797
"UBE2K",6.51465211818451,0.440537605465744
"UBE2L3",8.64828120121787,0.403300597695789
"UBE2N",7.75097669779264,0.601060762608329
"UBE2V2",6.45246747089199,0.519493986543776
"UBE3A",4.76978487177247,0.531459685095424
"UBE3B",5.33185150366496,0.399744035975373
"UBE3C",5.49815092447555,0.385697045428627
"UBE4B",6.13398858010181,0.487653591281695
"UBFD1",6.19622496346309,0.346132938915165
"UBL3",7.82939186520843,0.591563096746594
"UBN1",8.55080648925334,0.5957292977002
"UBOX5",6.33865222484008,0.286466053969088
"UBQLN2",5.80321028077773,0.742655652694968
"UBR2",7.43508018910113,0.491358498662869
"UBR4",6.77821430877187,0.365048729696382
"UBR5",6.72037450741232,0.508976488554722
"UBTF",5.89483883812537,0.284712168016271
"UBXN1",7.231355007967,0.30743660826667
"UBXN2B",7.35451602431287,0.448305045343461
"UBXN4",7.3834014310764,0.601137391606129
"UBXN7",7.05966678146989,0.587661564836713
"UCHL1",3.79724317882304,0.251405926537523
"UCKL1",5.12008978811566,0.306260182695763
"UCP2",9.34684948274817,0.649953284006947
"UCP3",5.09012932683292,0.257762480419845
"UFL1",5.01930161002011,0.752864897813082
"UGCG",6.76143088980975,0.789817436587037
"UGP2",7.13611581339864,0.581307535115539
"UGT1A1",3.52026889595405,0.356183247884799
"UGT2B15",4.08153913261984,0.207069553654816
"UGT8",3.3420755447204,0.250149075075211
"ULK2",4.9197181593261,0.444862117943257
"UMPS",4.85143332962148,0.41231360951713
"UNC13A",4.79214379579488,0.269246593092871
"UNC5B",5.6983232720834,0.212629380181645
"UNC5C",3.31707571269827,0.183938129195476
"UNC93A",3.26200965573163,0.174096148860452
"UPF1",6.8697891147761,0.35287421228226
"UPF3A",5.68880878195035,0.536127741053534
"UPK1B",3.67547648434938,0.202208203298538
"UQCR11",8.11853698313637,0.309764939833209
"UQCRB",4.62033001513651,0.494329937889127
"UQCRC2",6.31915965538386,0.642366091025577
"URB1",3.87953210875108,0.196543887000586
"URI1",4.9161538092098,0.623283624584621
"URM1",5.26946627983045,0.255804934492704
"UROD",6.4961218779798,0.335637262038063
"UROS",4.51663438233555,0.341857698264785
"USF2",8.26999366773932,0.283851202130671
"USH1C",4.04794890619467,0.229631230927217
"USO1",7.22144573517439,0.643011483807442
"USP1",7.81127163464556,0.716703326259737
"USP10",7.9270618257792,0.786772710449352
"USP12",5.88885335638301,0.593219354399687
"USP13",5.23097388824233,0.293948626358969
"USP14",7.22040649916536,0.573936132512674
"USP19",6.36783231286067,0.254915929886396
"USP2",4.02150918946684,0.244275245576587
"USP22",4.82285870390827,0.34376083249207
"USP24",6.64753392467159,0.408489198451149
"USP32",7.3392828227736,0.518447791496627
"USP33",7.31651280475661,0.498218346454002
"USP34",7.96317976752849,0.543036898232947
"USP4",9.56117619655133,0.448989485868014
"USP46",4.59791164572453,0.417494695832933
"USP6NL",4.32155964708643,0.363632500716641
"USP7",6.59565871305713,0.311604102061754
"USP8",7.33037678573644,0.44022037298113
"USP9X",7.49194740100637,0.3973392581172
"USP9Y",4.70551273948996,1.34395490202424
"USPL1",6.4438187134259,0.516398550526576
"UST",3.80556388827093,0.419361865666329
"UTP18",6.21376110014791,0.582566868728154
"UTRN",6.66834456905103,0.375731769068736
"UTY",5.60766826205349,0.514714975282822
"VAC14",5.17022414577768,0.29684870847626
"VAMP1",5.65496464098814,0.383181933073045
"VAMP2",7.15670268711482,0.380841014300298
"VAMP3",8.35483775803554,0.569930679130583
"VAMP4",5.40215350701068,0.46600189856836
"VAMP5",6.13070353163026,0.499227193670815
"VAPA",6.9068271103296,0.65724387378806
"VAPB",4.47578141425817,0.297259424491875
"VARS",5.73881180017441,0.266711779702525
"VASH1",4.47943703135007,0.314057423499866
"VAV2",6.01424746037502,0.427021154626808
"VCAN",9.63418524937338,0.943699025330813
"VCL",8.27050779942747,0.424176863497365
"VCP",8.05320349506441,0.347791033797891
"VDAC1",5.0059855350312,0.42785673706859
"VDAC3",8.44993008170739,0.41900290828082
"VDR",5.58612783758967,0.335747956157813
"VEGFA",5.52886271756256,0.250821487901926
"VEZF1",7.59068871034601,0.449994403644059
"VGLL1",3.01272841223178,0.224815647339455
"VGLL4",6.4939892232845,0.449962040940168
"VHL",3.91116843383745,0.229737494559519
"VIL1",3.63187939006351,0.157787623187335
"VIM",10.4858046173617,0.843626662333452
"VIPR2",4.5090920645369,0.257250704301252
"VNN1",6.3364620560934,0.96779333266505
"VPRBP",5.15660423125997,0.31935357061407
"VPS13A",4.73755951873495,0.383427567039078
"VPS13B",7.71061512027153,0.542273344351548
"VPS13D",5.61987405507839,0.531835097188779
"VPS26A",4.23491099778076,0.473860365729522
"VPS41",4.65813379920563,0.410319139230048
"VPS45",4.94295135298483,0.384891361224856
"VPS8",5.05478798716343,0.732384430318681
"VSNL1",3.60492525932637,0.153688593852751
"VSTM4",4.15419414805009,0.254543472530627
"VTI1B",7.02175001638873,0.580254430948406
"VWA5A",5.54138339236279,0.406918767000164
"VWA8",4.54324346078932,0.328299384291959
"VWF",4.66358659376935,0.330608655398808
"WAPAL",6.49564514692453,0.42046048650799
"WARS",8.57826446202229,0.796525886085914
"WAS",7.43740720139002,0.412263412460052
"WASF2",7.54277349083159,0.513692297626735
"WASL",5.15757612083376,0.424674939461945
"WBP4",5.49472088486368,0.411265252866192
"WBSCR22",5.58331753619766,0.246191351363176
"WDFY3",5.57695914145486,0.561508848097138
"WDHD1",2.90814042730961,0.157377268043963
"WDR1",7.66890576097875,0.730261993762594
"WDR13",4.64994298300747,0.252241914297058
"WDR37",6.07440132676241,0.390796446938244
"WDR45",8.23955931312809,0.574832694477322
"WDR61",5.81797397120061,0.494027751511689
"WDR62",4.52258540699103,0.30086106993143
"WDR7",4.63505628734842,0.433399820553187
"WDR77",6.28603109971813,0.308875608062785
"WDTC1",6.94794122970143,0.356233907467658
"WEE1",4.87044678101444,0.437049498012639
"WFDC2",3.90634796591006,0.335057934069015
"WFDC8",3.8733446815774,0.220342014629566
"WFS1",4.77436116361981,0.255879389133718
"WHSC1",4.57362132596921,0.241483593011041
"WIPF1",7.60070909269065,0.491241506550138
"WIPF2",8.07602656066472,0.40726358201928
"WIPI1",6.80097061715279,0.513699358536826
"WIPI2",8.23116836393156,0.392376034886628
"WISP1",3.09784027678823,0.204008406519672
"WISP3",3.11228324557499,0.223063816291412
"WIZ",5.53559581363314,0.266399482005237
"WNK1",7.11272844858269,0.763715616933118
"WNT2B",3.15659715441025,0.185204107527191
"WNT4",4.27328204116206,0.245566942433768
"WNT5A",2.97800041582489,0.136195616688986
"WNT6",4.92633039334358,0.282117817286861
"WSB1",5.99194473788993,0.577987407967917
"WSCD2",4.55246798505955,0.348298290726475
"WT1",3.44083997804709,0.198464281455305
"WTAP",8.09256826770194,0.639375908047695
"WWC1",3.74882179096851,0.281621986052872
"WWOX",4.89092414754215,0.278666958771169
"WWP1",6.75104418228077,0.623935342273619
"WWP2",5.28178642879299,0.444180380740779
"WWTR1",3.47941894208118,0.366997292628105
"XAF1",8.11393935963427,0.943675079718371
"XBP1",6.15955867686426,0.517673046061982
"XCL1",5.48107034800296,0.519613958127682
"XDH",3.98052092792072,0.231704076239519
"XIAP",7.88692416026666,0.510254612665037
"XPNPEP1",5.71676114164493,0.388693445032586
"XPNPEP2",4.27656769009545,0.250205698743097
"XPO1",7.77700649006508,0.636698891887739
"XPO6",9.99123472099286,0.459736855604472
"XPO7",6.17489531715667,0.629623175463011
"XPOT",6.96058866365349,0.50801384122712
"XRCC4",4.63074658309883,0.419644669780298
"XRCC5",7.96541406962063,0.558308574965214
"XRCC6",5.28488031311751,0.59712621669746
"XYLB",2.9780733228538,0.182396879010668
"XYLT1",4.50955678796277,0.369504959507083
"YAF2",5.10781645036444,0.419158553616682
"YAP1",2.85938242352999,0.177026318750386
"YARS",7.59976444661894,0.425100638809291
"YBX1",10.2970876265866,0.618480213369295
"YBX3",8.91308658385244,0.766621660811121
"YES1",4.13893710438262,0.468750823189984
"YIPF2",5.96092656386906,0.366273471304664
"YIPF4",4.87508409656513,0.519269377345429
"YIPF6",6.42519010650683,0.365194151891304
"YKT6",5.82684959703672,0.316051988359534
"YLPM1",5.25648821639952,0.237151046797594
"YME1L1",7.27005616751913,0.705563110329951
"YPEL1",5.72228977662309,0.396436356660564
"YTHDC1",5.13906238305355,0.41498641837516
"YTHDC2",6.4121483179555,0.53146796963677
"YTHDF3",6.97664386433705,0.675140114595978
"YWHAB",10.9870691624794,0.435638287085804
"YWHAE",6.02632781440793,0.570470222473674
"YWHAH",3.75101958232888,0.316349250198063
"YWHAQ",8.97614457679741,0.629267241039879
"YWHAZ",7.51655160656844,0.640629319212933
"YY1",8.70769496230347,0.485351980858471
"ZAP70",7.89784861661012,0.73319431505275
"ZBED1",6.31093561456912,0.598148135449465
"ZBED4",4.92938784262042,0.387248722362043
"ZBTB1",5.21684657285565,0.684670727299821
"ZBTB11",5.96656957436022,0.74163920744282
"ZBTB14",4.64891208804033,0.315201746093045
"ZBTB17",6.15050374566507,0.276431732696207
"ZBTB18",7.01838767099092,0.556462257991729
"ZBTB20",6.65994980883964,0.728621596117366
"ZBTB24",4.4801751943866,0.296583915078018
"ZBTB33",7.49883009514123,0.634237106760159
"ZBTB40",6.1360963906366,0.371425194302826
"ZBTB43",6.36753914334223,0.482530071744541
"ZBTB7A",4.921328974377,0.392278901219794
"ZBTB7B",6.51937662641679,0.301372770589845
"ZC2HC1A",3.35719927193473,0.301807911834893
"ZC3H13",5.82529406315879,0.415956277807358
"ZC3H14",5.95784479229251,0.297027396620137
"ZC3H15",7.32410183334344,0.689290937356514
"ZC3H3",4.00233463442736,0.238042712405804
"ZC3H4",5.11240689706023,0.252438841859989
"ZC3H7B",7.46882303784284,0.490664380158744
"ZC3HAV1",9.33804083117482,0.476866510082226
"ZCCHC11",5.44445388809345,0.428712823771307
"ZCCHC14",4.79535307289876,0.356084209427544
"ZCCHC24",5.69833622984284,0.379325961357287
"ZDHHC17",6.4891404182282,0.726195807286179
"ZDHHC18",5.22090570436651,0.373499521969223
"ZDHHC3",6.83598722395029,0.379992916414422
"ZEB2",6.3955048909827,0.696131942229329
"ZER1",5.75254073048605,0.514164560747827
"ZFAND5",7.36988953632362,0.588205394471217
"ZFC3H1",5.34109146048077,0.245622821591451
"ZFHX2",4.79031978376568,0.224495871823077
"ZFHX3",4.37881178679203,0.226632892041764
"ZFP36L1",4.67636686660488,0.311008761495809
"ZFP36L2",9.04868745134367,0.622668991707803
"ZFPL1",5.16810339389606,0.268711289337994
"ZFR",6.8397880776389,0.431771436735911
"ZFR2",4.08213303285784,0.176545353986364
"ZFX",4.72652789306629,0.380090455326179
"ZFY",3.33409486120234,0.420558218881855
"ZFYVE16",6.34728071535412,0.661244094043025
"ZFYVE26",6.53128776827737,0.354079255287089
"ZFYVE9",3.56780105178242,0.226224402316429
"ZHX2",6.48348643500392,0.536164751267606
"ZHX3",4.52707883742292,0.222170911104755
"ZIC1",4.23197741419815,0.288375555698339
"ZKSCAN1",6.21179868455459,0.432387220799449
"ZKSCAN3",4.5844547635307,0.160081691593788
"ZKSCAN5",4.97741710510745,0.268573865098262
"ZKSCAN7",4.37096727353936,0.456492561227319
"ZKSCAN8",5.28830521857933,0.56990304144333
"ZMIZ1",7.32319136481045,0.418629514868614
"ZMIZ2",6.7612077426319,0.279295869237888
"ZMYM2",4.65077596496959,0.678256270566639
"ZMYM3",5.0321980121737,0.308016162601081
"ZMYM4",6.19254106539639,0.453986336879115
"ZMYND10",3.84285396262077,0.266601412845896
"ZMYND11",4.42556985146081,0.333561440618378
"ZMYND8",5.90494726976383,0.454570471961257
"ZNF10",4.08527111802911,0.265666999466707
"ZNF101",6.80148913249421,0.581423069655197
"ZNF117",3.57208329043875,0.583948783011085
"ZNF124",4.65922897630732,0.501530735398541
"ZNF133",5.59501357376461,0.271059395396999
"ZNF135",4.96197981335845,0.277214416907121
"ZNF141",3.49728538090917,0.277330455230519
"ZNF142",6.086385047372,0.240032061687219
"ZNF146",5.3824093190976,0.621630758935332
"ZNF148",6.96109550889946,0.439028030122611
"ZNF160",4.63732128170419,0.508326391227168
"ZNF169",4.59386205942912,0.301497853864838
"ZNF174",4.63207036164603,0.271499390278393
"ZNF175",4.37327273660948,0.280740476794995
"ZNF197",3.02659176980791,0.21585032773578
"ZNF200",6.53841532607694,0.518142753862519
"ZNF202",4.70334381836363,0.399370915407211
"ZNF207",8.39970545921499,0.523838586629169
"ZNF208",3.06683432355213,0.198076653926945
"ZNF22",6.60503305544845,0.71313786242963
"ZNF230",3.91296522290648,0.431997058227821
"ZNF24",6.96129088176218,0.444510260881618
"ZNF248",4.95352228055437,0.22584164022178
"ZNF250",3.95837148094967,0.215008040021069
"ZNF253",4.5899665691882,0.293089654056272
"ZNF254",3.37665981216304,0.277581872366661
"ZNF264",6.15985708424215,0.67924756620619
"ZNF268",4.44478333632561,0.481535232466702
"ZNF271",5.6484989244085,0.453480189295717
"ZNF274",6.79283153034408,0.5237172352201
"ZNF280B",4.4095582686992,0.303206673712212
"ZNF292",7.08023254543975,0.738724165376734
"ZNF3",4.88882849860341,0.289071491511656
"ZNF318",5.75962417847618,0.305599388163692
"ZNF330",6.74409295909922,0.382203789231905
"ZNF337",6.31826455299885,0.423663621816786
"ZNF33B",3.97165960209734,0.352733597337305
"ZNF345",3.80937287495943,0.272353267807407
"ZNF365",3.57948913541108,0.294663721153414
"ZNF384",6.78710827190844,0.227760506954108
"ZNF391",3.62996095304162,0.253845337019276
"ZNF41",3.36844511296926,0.206143891444216
"ZNF428",5.88207501762229,0.305017863935508
"ZNF43",5.2096632947192,0.37767055760509
"ZNF443",4.46956233369189,0.301832947007121
"ZNF45",4.69374835704067,0.423353070513329
"ZNF451",7.08562757819858,0.81507511205734
"ZNF460",3.81840744285267,0.184633334410282
"ZNF467",5.62121673669168,0.36939912780164
"ZNF473",5.21579683767975,0.230258180997072
"ZNF500",5.60723541277821,0.404949122737871
"ZNF507",3.85255024202326,0.310447803432508
"ZNF518A",5.75637152493758,0.592663897955875
"ZNF529",4.7113370667744,0.704848162774278
"ZNF536",3.78879066574121,0.224336450114341
"ZNF548",5.68155680156686,0.512371939041942
"ZNF592",6.94174048452011,0.274837246875219
"ZNF609",5.96139252127449,0.371344984515468
"ZNF638",7.00807680357157,0.411124068223479
"ZNF652",7.70196454570228,0.835967456769194
"ZNF688",4.89540640114257,0.288208346531286
"ZNF7",4.25841749084835,0.201545250895096
"ZNF710",6.07817679754949,0.294850055195507
"ZNF711",3.38320183342395,0.355955560490795
"ZNF75D",4.21270511103439,0.371792802179468
"ZNF780A",3.48800362207308,0.348299707957134
"ZNF787",5.92114512711677,0.347031995703792
"ZNF79",4.66087274897254,0.214724733546356
"ZNF8",4.54537764718137,0.281190943425462
"ZNF81",4.06518113040019,0.208663724167116
"ZNF821",4.9942270293328,0.265379929517857
"ZNF84",5.4719405044122,0.462253463914193
"ZNF85",4.08974473934301,0.28572382690939
"ZNF862",7.26299682192331,0.365243513958438
"ZNF91",5.07016062998144,0.426788883277686
"ZNF92",4.93852149604097,0.46963334515516
"ZRSR2",7.26535978170758,0.342435973062167
"ZSCAN12",3.67887143490232,0.214607607068943
"ZSCAN9",4.68607200521176,0.295460884678939
"ZSWIM8",5.17718977891874,0.314470221907245
"ZXDA",4.30009873886681,0.32160944118637
"ZYX",8.8352438629398,0.611826713606002
"ZZEF1",6.71149472539689,0.237954277523923
"ZZZ3",5.66531721447281,0.627370395977738
